866850945077
655200562802
708116615991
938024325345
828602243727
234272405111
577816715637
466602908035
151256127820
337952869502
835797273814
577603048167
700253475175
463386779831
349785023338
497812040265
738809611679
804152327662
103539390702
824803793436
573372273402
732238787389
508373868586
579381992803
730042239366
550283829918
205303197080
110207464474
120499847309
213693405637
875023677042
729738828774
542668891791
654940372052
706864514768
815404282926
224577206327
373112124335
929382960987
865089087766
420940895931
101178358683
901216796802
661153739012
799707057593
317694856122
403464907649
818256880434
657991936196
358459196179
637848765057
635467462248
302311985605
740088268906
567355188911
276911515167
746142325970
285771618096
850290848214
197748236852
231877359146
536644950902
278051501758
247367394266
523807692730
438804045915
740676584227
111350493880
658267804299
130983256829
439811099290
424922753779
335873764379
391161555043
173946526992
157642775234
503889216016
579081551094
290850905060
240278750244
941458142734
459134891917
773962136711
361088898218
300234202084
118186749781
421787532702
182395681436
548164515490
407472937919
330355321496
168179627054
962926715538
471349777734
395427858845
257449267560
253059695781
459561224087
677660720501
197613641441
418548057140
674174305669
516266681904
528842647426
201835525235
329862109829
707524154844
634779531672
360112258847
844606459124
675629267022
447496840296
677632037152
164838703010
805738791127
722336780100
227812702083
944040455510
534331823356
778143548673
121862745293
633873817198
737651232845
886670967645
534721887773
561149958060
317712270804
868353524908
717764511151
123634498508
646488524298
495423893059
804319722350
783202629495
258250655414
634062316970
474627765863
162667719003
614653480606
172248164337
856954313050
116320597488
996833094677
366942862403
807089633409
767019948408
372962815990
114638975289
295772275180
462657744799
239890754574
798320308987
797315387092
116445468445
979954868387
991088497216
505922884390
205557863427
460265708346
364862409488
983775205577
951999278863
400663451392
824303584983
122953659256
680304117108
781669930068
333918477337
699186950154
244154194444
290381853352
903072948439
428584159082
303585451643
405149243931
223371964765
911442022187
183279777002
816519354714
740991077320
305176762284
411588355881
979089120037
676358474313
175211084725
140920289566
845869075540
809692995414
934539712804
887806981304
660420419323
926511964398
231039454171
744282139065
141849227696
826402211196
199774903495
930381186927
457852261810
800908405169
864413011425
484218961733
694059623124
260129000287
762437390927
937521168033
794012256493
834945038632
770932563930
486597067290
314812340888
452241736700
639826305343
895940517959
307784088582
301034448415
647040005745
588706562417
277035377899
771974989242
588255463856
844374805665
247174747430
474820632107
536430372813
842130467709
819325320205
276104358339
401273893829
417165673808
704823778590
338305002468
975024314248
163542710144
289989475749
366696804410
473988060114
330791278633
219831239626
984600970695
244443289181
913273985952
693499885833
775653723954
468291033657
973190936686
112198730080
206277979855
466656601065
123667201607
712880952193
928743156280
357366283639
903097346463
624106391804
145976421339
527088091896
549238289252
476694865635
834774570083
162596682331
199703531478
581105980189
675508748721
651605259616
897384629261
350183553729
844191143045
319177094550
442062268715
857193295192
741742524871
177671732213
858304223975
815532440512
320381281254
901400524671
265596456260
974240126980
545201219551
767336608854
368974939677
741268345435
814600208017
222468697103
433842269300
716409704995
716989176815
592292630432
143138327542
169987438662
727802445545
854962380646
179195349241
509108862301
385135814016
458763625355
309315033245
514700454313
953893004209
794099651542
411402150385
872707139519
794578904189
958004012120
269603746085
590063330942
783597009748
307812202820
980333793884
245488882254
196219383229
305203489866
664129592402
282049981728
830977397193
410987685241
200521932977
698638064574
845140770445
559155175919
677999119712
468691221213
679267277432
473730757512
712350537304
681275067804
609108263394
775293914955
928973771732
198362095595
789718872832
998279314121
853095786461
584628625764
379138838973
641585957088
196866313787
210003614756
959037156117
867363505424
615756626078
384045440821
108227793055
153866701472
963132740386
660292976712
304791703527
102746794225
518255876783
754384173973
695636433932
914308366772
681460611846
588671464456
452949333597
178023283946
828484573909
941075149402
578224089418
549388211869
265566410756
182729250613
797307780515
261367886908
461578126460
153196037844
491220662886
224724113279
841347563912
995953278290
439338991588
887417314393
931487887548
161024114453
885490511076
275436493110
295562474984
998100818914
221973810157
529515954717
637873532920
498329560123
626432901446
159651795971
871234249119
980646521574
347986567705
892258291485
898508507983
792654586912
798898517960
323025065990
250454421502
357391141180
535503095979
131432290385
893748259490
735668914365
587126660241
219251640497
924040119189
250691784522
673673377841
182442137923
800897495691
801552651860
276333437667
986817711705
835635379584
475574396109
414878382979
547133407369
414276898616
303298432330
395479915324
463512223679
717168720183
873697422327
494975065345
120281786302
443184539261
765893643514
961163982870
135042333642
702486076504
441183283253
600004010892
423015461437
914965280407
258003109153
362451153101
901275827753
602309064459
277439223194
280607386312
669465164153
620942282258
512061389551
280674164811
947780242840
379842768400
846319055070
573538419420
405307836477
703393018888
577538267406
148579372208
823528094064
806999328438
121327529697
195672313220
531181637183
611184246738
972995115278
831473477373
271267591372
341578962116
664505914050
681802686234
381007838811
324864428071
200758790960
995659552248
968768467030
518540633541
645519321137
595728249979
467593961876
415247747077
916123084026
787418366257
322172777730
737327045838
427071574158
120504817260
241503031860
553061933155
727829196483
578517003317
558197787788
290703552334
382782291387
236621870023
374728861045
340620923777
993906296947
181792345440
586887931520
471689788290
253812179260
283875209526
620894419584
808152894152
560160331405
995146948722
822997488557
521757159475
518961611541
571205009294
378350997178
966856766030
328473742278
996840603158
713916394572
170744970486
263542823384
133973782864
615425432810
846119059925
268742727366
138067462551
577712210613
319454043696
776798284830
559984617357
915675900003
677710358959
475611310760
220512040927
188098303188
343906341413
339910921150
288495311081
218765882813
967768166094
847424216508
306123361869
800843634918
694013981543
278250613986
975254441021
841051753304
500302201366
956107656895
351197195736
500718877537
921981251594
741658060333
928098615696
562966384980
977584175712
343087775131
251051522746
502904699112
937253445378
592698388922
964284620375
337316834422
341833425595
172635148786
782925299268
673147746652
271481771308
447416060372
100459420066
600334765567
185100041583
998453471265
678308895197
404197950809
708495930836
194537600428
881305728656
411584343849
605627140623
234392326227
943351014310
364629552782
130187778621
283357233322
333817024212
746916741563
559156515168
260346944167
304346457931
452186621727
407743296041
861241775736
212382718853
494194930653
554571061353
255331528335
837228148309
813163131012
560981017255
357517522801
947789193796
368579071347
722487433341
839242410770
925468998273
655868742760
861356580054
181686057511
505541618171
455077253042
911229025986
454226710958
232988975066
298027968539
642385150934
210716934962
997798460234
143760056664
145419185967
428221275826
525556762614
819661170632
290136741639
728018661220
132102135769
985386992030
462320090425
797250945507
268155994518
531600156004
114553701095
806942827984
892430766972
798633488650
372054727151
868099990030
100085827654
752846258939
587159643115
522835888642
943035659566
262696384935
848624492849
344123139883
505686077652
158770007752
551458863902
559339634422
979959462642
198833943034
290610263283
495970157666
566771137288
951946858009
314990752669
818589346044
764561487454
145073399974
139594156580
980541859183
320005040118
386869876351
156139249687
138969057960
840750650243
322046811821
914877788383
389732758233
122125522661
378501948916
198981600767
498919943022
872305206725
383357509181
283965100332
980435760224
486333196734
468739442798
916174334714
666985163541
972755215064
188714530197
271249796642
393491911403
578159117779
825842750121
970145399823
934879739891
824277867443
493308651069
443648068230
816971975658
526592181491
578889693111
365609185920
277156199393
866784609232
221433934292
254386773530
710816146546
809564254353
738757442954
870508638012
172924436004
500490875529
553907775069
584825236971
791736391800
563645390100
324226868386
300315038303
479819586854
993424675506
532893694775
570516505189
835979072748
458085152486
690178813941
375454833736
788016741379
123058875084
195347261501
936610356026
530854474423
470665991715
861554284081
420348095742
826756581619
865960131112
471812236269
543752752771
685695622050
337049115335
837573955214
143575062677
203086432165
850723301439
809651310917
607178505308
299658086476
421070971502
992733452680
474382215342
800411671655
896909810133
435276098704
159252813170
890861601695
273619262108
348727063932
535091619924
855776296922
376251985660
597787805437
700698694593
210880076132
773847138318
983471565132
713442213108
382924053013
521292376568
626917806615
122288201153
698681317565
456572861731
422059811533
973398716063
391071341422
728668346806
674349423497
164863525747
837691995953
748644478641
952701104652
729254698672
437428157464
656825687616
112880415857
911535946924
416298826404
869664574145
920261889776
896546499389
798646455751
928440597529
438609557744
115837015128
312271843942
463398012669
548946151218
539566230219
461333352986
968100476590
159402389034
647041504814
887849198346
656703475275
823915056476
250082911374
797468466602
742578824726
525089456565
122719112933
457845157495
641714767106
591967667314
610059978723
568467278609
873848588766
864316210841
732724274517
653889606462
187751042393
575390989812
567786831431
302122369122
969456567429
541373310054
178009729735
168986375182
696371111126
833704417173
909750924317
439643042092
513635344461
970094381484
614646401484
575248564434
780998827844
223294046210
757526084618
151102182042
846113917512
935212800895
364779525993
105292614886
219194823822
708873036566
351855717598
897165833760
693832180773
138702471312
735881927533
970327305496
560091629634
990976806118
439289915100
475505274876
580493803636
472921753935
202305030973
695817373019
213043902751
158594654452
568464438988
808327427368
800047476312
817875531439
839890967801
765015954184
941130976259
272404211016
337526083892
474770068733
814458360049
302437834050
722895311278
997162804160
117786233851
153666006311
455698279559
404286952979
774769808538
525286557699
314553045971
197869833997
348546276730
365006955548
210434897636
461805275184
823060645374
641459523474
952173859038
891912688721
992418689197
412058274497
297368745329
646677689275
434076385377
836837965785
261295883870
720427105615
827315189809
695506504488
284590511717
137636286667
729876364860
203243190675
573786696421
113863059552
195876238454
714565592026
686425208123
909271340985
352920981145
141690896181
419083697872
441993300600
573338120195
971471465731
887350869285
896593889688
435836171465
710928433802
100524203674
148121371908
724071817876
191254635341
359463083865
712793804084
508623398252
689425685677
370821000196
873286470657
246690203014
433654954463
968172133923
408816477908
276206937863
738156545166
549802392215
356667101532
500044334987
600964773220
721034572679
276885947204
709080706586
276051548029
652661708991
239182802186
523873231677
239544702994
986315466362
652027258833
556883069579
634518499513
614543071418
484152702381
547004435363
198613203931
477765436269
873522757759
252552546070
881308701342
728214063752
649413026323
762122682961
710051413365
628765948276
149076732991
482442267935
575470048275
622526698934
655172964810
192473553144
970425966789
110810979526
503615236400
413119835568
461428813392
158042106856
729258289110
138717257826
719974400274
581648856778
587916925408
635059776392
580922555438
658889809056
576766110714
518957145132
468966673029
996812860665
229682311791
749921231052
484748822222
978553320780
471224671852
535643657718
721580016359
693884535297
844563748373
517298632657
652869661470
121240209242
505591028454
522054453976
970125667392
307594274974
415552810275
410980816221
250283649204
311421362450
253728713839
678998864316
455102536124
307142482455
351729969840
663346940094
435727822215
934633208059
591030685579
643569221384
573240540009
507949375834
821514427484
643422348982
457450930758
296418342345
258165295947
630055610381
923290922328
842296025520
843566910788
425545869867
355041593516
606788986638
878964543798
390883800380
135716434711
510604278528
431759282597
304747183770
337772622531
961658275597
226783135127
941300735839
510018374220
913960502985
350755765394
624219224223
192810371520
524744558357
985631054727
346766310438
825005774821
521862180280
503521309628
473411876532
208238978016
194009033623
703282083098
944343868810
460493022106
852252011864
250955721449
238382981934
626111900828
990459193689
605603574793
129377510473
750539689451
972241166132
582612074114
458260292165
845179579529
353115124513
226420869977
697846089606
344814897821
215744914836
874353162022
125969854988
677773643817
329452162484
764892187950
242498635190
214792233883
985605168135
534283555605
204911493804
151329682503
945699965346
180495547576
502746798130
712800012631
705037761437
748805257568
479242779809
666984204424
648057040393
484215041466
935565543480
472701941499
305324657705
296489728089
838009372079
259035075643
221689853770
715992728920
560079700910
860265283431
311946255759
941041686769
720764108978
506946471898
304402448007
697416837094
202197412145
407477696021
431493265033
287569405953
841847601599
740989476053
841473944022
743487746181
106535112060
945510670502
403776574571
248669934345
750792456041
153250141193
803736828016
720273030877
529860911104
564268687496
858169238282
398415009734
238342864870
700835258772
999576233031
140298176339
983589314417
130089083065
717241046358
362323270717
755417379047
561654102411
490950859339
964426895867
129601686614
878263421760
124901094351
543273095419
848074545463
231162926040
387846397480
872180937367
411101743502
695044254273
486750387670
801885717618
664439250293
170780000908
295560091086
206525977555
256396544246
830540655655
353325731792
445547683039
200535912073
653850820258
390150185031
414315667607
717408082535
147285563022
675059006549
844001826316
188199735504
241418350036
515151708624
208451774012
720159430059
356946828290
113365795601
663338503473
251416667559
380741850341
644190970902
673065247138
667635006743
217666666223
338412156742
412316319994
759395189431
861880440321
851280868879
111749929671
157624591408
323148068603
884654038573
628933640141
498081232654
732228036297
646685495006
515926849373
208546437948
714257310398
987340303441
809160992760
574807850415
410905641408
496404686792
371980386056
266461969985
389845611111
638048094813
703254800659
665054961622
625072428678
242041106273
328939983810
480118143349
933994368014
185853036003
739017761962
268028024224
358179597232
463473869381
676221188487
930396313370
815541581804
380168952086
776121751847
670316686399
275990039206
384477899376
672192270075
479608297941
762034592778
315355223802
265765283488
944144328939
132224118411
683541401138
510028252170
114976878031
813872263018
739894813315
401003302202
344620307277
492534575680
754442471938
329498429189
426284255875
811897164372
977334593877
877417809620
490537559484
253296085100
712453345902
815353195658
976901580818
307934305973
189799403385
555195042141
170739716066
811681903194
257743488317
427792119942
846061311861
569146640279
976413506839
185337526690
733894547640
311965911654
703651148054
232451818321
859712402620
102430549420
758140215071
112183793828
313378775895
447723775644
968972366086
194872228447
909513579244
205669221437
527234787771
514351044848
246634602488
466200711345
597440423043
795580329241
505782743206
654721627631
842583124494
565917942941
941323347097
501022292222
552987442537
327624142136
396466091192
417968031679
843823926103
579280826524
136169210449
747717963639
954815720221
925864889745
811312506639
242799327101
221983202413
460776815701
900647288545
106044038799
939347631323
396576589496
558140961791
844242875262
403404616228
363213501207
376572294126
942614855985
190172459740
290911848542
890177832703
497639806015
835806395293
997883718955
666027534397
152913667481
253640127029
591525040540
984976720660
946754338022
505492253951
456757499224
623227103917
283798292403
852166774654
709011647576
426503257010
978845244827
922487236767
124534549705
446262278152
394278540612
891237021245
662882373564
207246147744
329027532828
943196441774
409490145369
605030844823
497442473435
592747533913
574966269202
214253008921
629388210098
706595863775
785332174120
644033965928
838145264466
644222840318
796188900411
784059465674
429783512276
184318755978
118308960812
589085426317
895443268653
967213169413
860566686156
149293630871
178537780331
728563953524
208262532796
813401154503
827869555383
660001052173
632075250655
592227412319
770725455214
656224033297
460292546928
215454880916
260193170710
769594542889
828588791987
910544686785
243548909046
878161950991
424524695136
201395317956
619104863064
799343798383
415522276208
545644681196
596974316572
975234102888
866796041539
449723986262
374330047361
764142275908
704327684552
898283933970
167482750916
820507832145
879524437280
898615106046
935527585881
167254193252
868358968997
367876138328
918094813354
292656885725
426811763836
493431104247
580531294484
161092583748
306638704758
755213963439
553877399492
553337773433
997662290308
278083620783
518879067112
549572544209
920847478847
846262335861
993333358983
270181379781
690396723314
391436821046
211542794770
544672176740
113387988416
286267781736
795640618549
125777232718
900774828064
741361568687
317651623956
458930680578
937226386955
603244515953
954960510362
882457498487
998993999426
760524422577
186243731061
134229532074
850449091560
474196982207
637725420368
398646837885
987848939359
115010948709
950769696203
527430997128
967587671259
963714638799
516891405211
531752896388
527112434190
707924437251
316800201664
161374899036
937174633730
367215008322
194697459399
358668753412
168788986657
763907124179
893142765849
525875450135
720765030301
128816402923
282658206040
890690570829
981952473222
482997567370
674165088804
505836229918
668818950247
416981226239
710601499422
784459942389
142115765360
108141307235
288723058453
158192495725
897851373734
849919260695
307250679827
920721036613
187623052440
688387899863
379824086356
779466072408
169736830223
134300032975
516221048320
804685264866
265014828849
501496333507
450856095417
458103704130
558462482145
835822138886
459093714455
666621490623
412258856065
192980383521
310196573235
671115955296
868291926599
197720267765
983920038908
442988416592
647055742754
983196046595
234046839115
494126790661
770833569723
941359541014
549170276277
964136321188
925017306465
678469745413
799860416240
929985902458
113324017326
893376241336
968589573238
334352715585
606485272477
848816475524
406256109775
374506871284
672731276811
850774253907
126020076352
354604943202
429388108660
560257910986
352684818044
158064298284
725030769144
403425921483
685086278708
714096960666
691684282259
423309908579
660799150812
325191603498
578311318224
225382599045
719579748716
318579758970
530428965204
478601037401
930813564108
370565020858
690284027641
713238284017
863624967098
516980645387
674565213380
779833431830
256221409656
821969659204
911476868550
588177723640
565668151327
538458133508
996403798788
413045256402
299362650916
858529800419
276101708615
288289122858
391023620267
951841117774
901476322370
139743936407
602051557290
107989358819
922381861355
151445371997
598381639683
836370290356
540730168360
827826345603
350857984137
906123008223
156809736631
488288525484
279555137888
596552101758
159699746128
634876885964
207696271404
130328755679
118783415639
712811746727
685433988619
886230016862
421971006643
221900049402
659354858112
530712552921
624282693151
263584056803
961427095388
240722350741
730215377857
713486315651
864960552374
970649189650
688595274495
317697083694
776420512360
288288823721
440895886649
305266015836
898389674785
874619623984
898254270570
691144760745
441561778778
171383540286
202640821721
822935263134
552090547451
462358247772
890673115345
971275862730
860244257004
429375596071
845721694158
168401147322
618563487966
425212876354
789341332763
106692413792
313766218334
673336717514
786417278172
863991143675
245024205006
278421477910
848599115353
691566772378
534135158927
826570880415
950399352083
221940824197
432481903714
567489283529
256797528464
581177478023
447918556303
170248712662
790340090433
262179460791
371329557355
920917174591
527034212978
860089730655
961946913426
748389575124
100577402592
250080142693
491897969515
215208788811
814994115362
653865682771
861083759864
104569009296
652896213687
772612429672
261517803836
454337740912
972005202394
667933129375
407608473611
847581486259
233497976398
634780819671
753890487979
106433595455
830743834045
253033284833
290278297946
878925147221
172575691786
366947549147
953391206009
787308157042
792675525657
814515179676
117698366706
729837233139
153403733417
849741115419
393781333036
193527048144
255321114239
495795632451
404848254359
209166348974
426955078433
124624050751
163132589762
888791151481
128256482540
107673237362
636040719673
442132517821
448735066227
314387080412
237449512546
400822129808
847355564578
809020042179
920412745513
865400494319
666256398798
576923400038
512122102188
719235866646
318390612038
837765511219
648032414701
674050133057
126222983912
474311722832
772069091193
748398131491
640251568669
246468656999
354077310781
432813245319
749397235110
720245321690
122110371877
644795502994
657410748667
695609029064
291041270084
197223941773
902411024300
349616730814
490509286058
658607679375
165786121787
922013982498
264902186005
140135261856
849006813032
794218096760
635166776970
202669055570
754799826391
652147242736
113740344956
665006336571
849785290406
789197235925
831762454023
736843847888
194515643887
534913364056
688137365365
164264445672
209138944360
693861719717
358517462365
232725062960
741019287879
196934729084
344313406145
645458918116
302039056824
291128583230
899197319088
712782833363
496016706186
118008568325
706591265740
485115556894
261359818027
636448426137
683710305193
140839283899
465711525277
982220742565
556658815143
471307860165
691681194106
562188730699
199641537853
287237097656
561782067362
632211186356
667616924856
342828011650
158204981409
788469856997
457677912891
748535091293
855496878801
493959487035
199620851223
301236618810
186896668178
845873237509
864077521077
505460215980
776503514465
700937201968
878391736384
101853766980
591199878687
484722844703
477121486302
185767754211
543522835238
820214940312
720820126058
969399473202
230665006894
980423122196
277310826650
581319174453
693244661697
534125482980
670316760046
664757542613
569120255729
436117523981
754615234169
624944409451
824897532308
868317150977
852310726980
820629179065
809185776014
608064564594
195024163504
950842589554
575376832722
330136398889
421206992317
746906970276
376801930141
560105326255
886562833772
726455940546
778993270505
468433442221
812542615171
983689180085
281289787875
482538792172
282222360820
433166314530
640958152200
824625492434
382321071402
749612271168
936886741280
788610153672
820902578496
969506218807
956042209153
307965799064
698432761190
908967891753
305821904587
584247373693
150470428777
786256150013
869607266453
610320656050
558201147594
644681947727
731670328251
183667035865
385506236196
618543992790
307633010814
128693396035
591848623580
996329020694
279195450439
642819668482
255556484378
908488739820
646205885554
963609294577
620133303429
647535737534
143741696824
413241387928
972567276939
689044196968
876811289653
148535538884
586527470439
482924190425
811075009051
738296662078
509024839287
936052167256
824071070527
553586637758
486860251476
267569047745
311620265349
549293082861
951923570581
485526439029
185146694655
925792462059
491391509605
761782389691
167638956164
672204604626
152341986402
676742145489
781742767746
354731637630
467581079943
369164825481
856726437328
588000752377
953402489969
102575278886
653788824332
136525200200
673529306867
219524330859
976636246275
965298719815
155762105901
172006069634
515721414277
919815994103
565095621834
564777714372
434893801632
935457095568
861024734405
902308213993
328352019517
705366502184
350912278864
200149633483
773718573648
525575066265
581900655961
930504431106
871870687969
414849067406
681974666121
586658026529
530094758916
760788746404
802080404108
446822065531
750399388888
785815618321
361138074632
935615110338
482218591382
194397425364
818862007012
356287099097
906489636763
643920477626
473641732398
910916151650
558979120645
764092253310
498371551665
600289664701
722302143030
900811214022
802407145890
265042678568
568368737616
269263954282
942773203534
796424385944
687331711874
920914243228
779221892081
529021791181
783361014550
816761543753
954031562920
638995793462
566803125788
110850227593
974630955382
683278167160
818627306196
488684814586
194070078900
833473712562
444614442457
857809931433
797417808461
333922487908
146947139225
266653088414
505925224235
300859523497
293306935629
539455991969
906390190203
930489134995
634166032029
238022592762
136929438523
275470300254
575080442294
271450051883
992916745633
176455589142
963554407022
115669951597
190850472858
721331685041
713397046162
516829324542
681839005289
486572393916
952596041781
395549262046
237884951483
996134274725
666944154092
870242770107
187122673413
554297906430
820634553489
564985083492
986146062143
871968053373
383586635707
112510686832
723766455024
776872751199
828418674680
243656930476
955680954650
438467646511
842023950187
625515263374
725527344723
498402830875
259253773155
284742853586
390567563232
976620492528
949636751187
116243018135
384654464850
600604819924
511427670168
101500037186
477488727609
251035279023
530866969564
864870537947
644866888970
690722526080
798856757872
789086477452
299411548682
517342821772
840713743968
581832953479
970833491393
996071198890
217732730281
256353957881
926944761581
586443948906
122094377943
118784527620
914790088075
117507149601
234294303450
363078995478
255528327040
296741229486
474984719526
737828883239
573877888657
919251250597
422015719415
849688278600
799874717224
278338426978
855326884303
480181640277
591557969119
936640202339
474410803243
758570549374
240973050202
826987005009
648900920036
418168306179
747268163950
776646656188
916479278565
589265095508
367932304589
462496453242
974777223482
958057722905
777482207806
875545809428
494048716141
581128923098
477767340941
774411215945
840492663982
564705448289
878820360162
781269291725
243168621642
201217856141
334878944438
908930553355
237828965889
540422543181
998250646996
196473435421
705050881517
853486739497
406994912875
408375248245
580394984208
509889464083
814508405244
929422634756
543894064054
303442401765
950005721244
744592755477
788336561297
437854796403
136542141873
801874844127
388232225888
941066087900
704524251600
409981963613
149897273736
859249826752
249994110639
247791601670
891427659295
776447185732
155447835320
528184041356
114599035553
124871817473
589350569955
929982024615
872121419577
880312197930
720071894434
399950116091
746503706744
185392389469
573323869193
424916810399
664138358198
888656464229
555117080883
761878646998
844797814951
492675232918
411373941192
813798169554
903998093555
571848233450
624197114008
170589502784
928672959613
849584027941
839183933403
337477458048
196393258952
467472989846
730074821430
975681701709
621009063576
986605823702
687466631186
652563745938
595994841987
365598102796
220637316751
592096623940
198988078641
103623173160
739725308143
767988127773
252601233633
860989696110
438163095197
731145565187
973225382915
115291153645
324169275008
533427606602
837912734566
736185153142
977530919140
391603115576
139793133426
407428197460
286091442976
710587684186
130919007294
788078725590
931236629525
244684158928
102687153616
658003833833
450829793401
175161597915
710898307137
254168161249
678570250581
540016757137
941630042604
988124260184
275440004697
724655864759
415958056809
308742857298
739542667992
371926816845
626245879219
703613705472
931066728998
961936281762
284428333871
586328481596
110216018634
662836885271
101182780668
319556727778
623784389574
380879484086
573767734221
336496429712
688258726965
809635461797
324504501067
621125882436
329145050684
731161330956
930419336113
970168830194
646472913661
562808899983
118418809338
878286687501
714395749069
911495258174
296713962284
697651253009
999282642085
408646040552
119479663881
839823555140
210087581323
487046667395
633331063062
771626648452
890646055065
942635250341
672107611419
641096527019
382430262488
669731145488
594308228378
577581153423
524886620993
951616648788
388024201180
456979360740
892694083752
230235248423
309288998983
820208048749
234700771313
674550332412
884354730549
874161455445
487219077555
365454493649
316060521484
260807019964
976283347391
647290595657
134326038164
569342038573
455684322696
196795921326
788925657807
715533862616
550799392381
577643422431
816749284314
492131756792
985293392978
815826059982
824152885615
962460989158
568364379617
490763372258
872695095131
857676574038
419039863747
521369139060
453854385885
389501193767
927946246253
479093980647
597623350702
828534722286
374839349954
164864220596
449014061843
823047707988
950954287297
505765563552
216635872677
502135027540
700486967016
328368535284
683974748461
599103963231
975446703000
665618109617
143218841810
846266852746
393935030809
724784272032
867194995948
299126885772
356643407810
928703424347
600347446000
937843514229
604677302581
284851833439
940594480272
291475152748
571220013232
830053586481
424080213149
669393776490
661659947139
554880395392
839754079875
796901586638
132207662295
899475388873
426803374915
216005281935
753808532787
669355341976
920526270477
802078667263
873946476511
388249680507
298121311250
657557317654
951758913695
769721894515
516950785647
933314739247
651837517451
857459446265
173288667569
453475550236
242055775618
876674864624
540083786961
421567053123
764653560141
517327517746
239134288985
278931150957
383011824376
705057944651
874769019038
795904671873
393938651347
670915401810
347083669716
520693416230
283811360979
333059643383
948694804850
960385632221
855632724647
393660804382
595753981574
684834758877
447576887955
335718813250
804180856773
812637423099
495951338225
951502101268
988604416570
776800935166
271602608647
624199914523
787238490024
118350916435
920367796001
622454844959
818134912782
437933536334
546604004562
112365855087
569490032854
991028764298
678576793190
866302768916
618395972962
452691904077
171769563902
503864196864
810120693254
786657708442
231961088646
403059638243
143801759220
202831311321
578324912246
860701431337
217703106094
938924457647
694242013621
811158318055
870652075150
652174397054
485124146177
224050857873
795136920791
514040408397
380452509137
255684546765
876755635472
591545135831
311352448722
816545196621
179389071412
492302073467
624962399677
182328563149
222987029842
812596767875
370309418399
457044750819
689436599347
149995185761
101988966756
586527738843
232435914718
381860322796
385008294474
126701698774
502172026620
311614785878
653089937548
932123935461
393960650896
375361613584
860478758322
921542815693
452919654962
762732491277
329978816856
612660072336
433270132553
965497726815
687023534637
774694791340
992735765573
651684812484
382498068672
257719967845
622876846700
242831477157
608511399546
949044477045
548794248419
675143337575
240529930261
413634317721
253465541309
470102134129
918321832439
338299567218
337714004013
625829436608
942816117717
826392829117
203986736402
429648628325
297565902086
761695058176
876944227979
247088962950
574904389427
304398227595
141518888328
522752478930
888183495538
104446976870
381447694265
576777990118
664440572491
665036372399
568230291751
191125605382
287086511577
981357187830
875030895025
274233601019
704267246332
141237369747
186167441832
461477483101
541788434666
726708025404
468090301647
586188316453
822361326661
641742409964
211593502532
892276423191
385127987066
210831949450
105733596728
514293415863
572667208954
943422653186
981361838149
130607724196
273068614770
109115068778
716343904015
733998572451
321746384196
355065285494
308706515994
168211962401
914395223626
422644615962
794503847954
625207475126
947550845760
662787924947
889903177655
941236761612
738074705810
640914078493
448425794029
138082177700
253532250389
575666673562
228898266592
490063898804
878294453799
426793499203
904340688937
163648534363
176999218262
396142255202
427886607240
597923311773
579929726805
396588663899
294343558949
112952422964
662890209839
784477902362
287917305437
803816420943
869708927285
601950501237
791490634938
456563891526
628887093016
536337933879
301182343003
312586459543
752290786621
228951107927
301611523638
706147439872
163594434764
392782898172
978775887967
572996645151
957624725091
990385248749
327730178476
648219920821
476509094967
655657488922
980139690754
717018690603
215386715092
991303643367
537216712499
971104354871
527074916264
775633273256
732773290424
534347183009
442641166632
888139224746
931223368089
358676131911
444030836163
553604999645
128220871860
998841681652
201701513439
613924430022
216602053312
458378932669
944420662152
610386124498
568246209107
745820879329
714971454515
217419092797
708991040378
346069671343
465762708965
606405105854
696810272168
923153050755
678546466050
607762602761
355171676757
861008082374
388418617549
590033053664
281898346592
662141052122
652151129131
601593529414
322730725400
338141298098
594242151886
420580367496
809423794976
807568303794
327166495251
915031525364
669673649862
335996468838
829735549364
614321000739
243598845561
499365841554
879158327154
589712519381
509970956017
602799289423
411814141740
625197348610
446010552895
752390081180
688010544518
826745542461
574737281970
298709209783
512713450271
553810161628
235531579486
910777884676
852339073946
570975005901
201434702073
949860284037
917686438328
239931443381
133972622834
862301902122
209374769545
445310006666
642943614818
721078829087
333513585032
678335957472
123676638703
923219564813
324047578651
639841577849
714654796536
770640301450
746725810813
263950553054
316632650222
911593267454
191559404799
342556775288
604425103890
532275475850
466979364044
539127625140
450375815027
525325498119
778990508398
930035470334
799775543179
790429201071
104446922102
362657180375
729874235418
613006374203
642482678870
415125942134
817520778132
667321266539
622810733916
134809324989
342646185755
750649213185
751376697937
554335668898
881530480088
266313890386
380218122036
680512701566
885572705343
711006594380
677606910920
847620151225
224995155666
972353188464
635153127306
446341180965
407348160183
425937815712
735931337675
437390600188
618609567956
304306614538
120236443769
989198083553
375575505466
971062358347
656251828957
501154124354
685505729926
219102816965
724720610497
993151390126
425391253835
933252925515
340118801520
831136899287
349099402595
752584183703
739171679518
579996751405
954626811679
747306519938
772953655759
839897789979
533383941339
562289010269
934585527252
280523621676
104046738074
765228197957
208556300980
550125707074
525982207093
862239908119
588712513305
236851181354
685901254790
450818882064
128828568646
485955291686
204693406405
255139214999
255531301185
305049327384
499141963195
592851413168
978221261816
965763215451
410023841871
288189857378
539650679564
379413410637
759756537673
328584924417
629380388578
306614948841
401007447712
383348069255
285028960349
109456077892
729692963188
387602446853
454240012675
203744479038
683330155051
986534022257
967470696993
790675145091
638867279161
841428143076
404788701792
731325093747
590937914382
688455745487
478131650375
867704484052
104548415907
887481362196
842528060105
695689686416
957960075526
530210221647
529171333855
754894587183
615804214075
958574371548
108683482224
999852890623
545180884736
195009873074
973906736254
547314788049
819409022675
288569209550
561013906161
984646246603
340267301888
991177060468
440572834003
150014585871
333707180374
851304865405
383788484127
419827377085
541628269610
735099712060
994773774102
477265760298
229107257322
793222820405
719688145976
663324195696
211088344760
491578022307
970569446859
437165263694
219108510285
948418528556
375929439832
811344084283
179508985665
151459196011
545030443549
312134140044
978238642459
742664260291
113607082100
458276701945
315385295961
199026052079
294414471062
640306691405
563258475583
182171436751
624483687001
621109569988
458728474574
263026110857
354846375628
444537865870
533103486958
237438923455
804201339854
100305770138
180064943575
758401131579
610804095455
798138968214
919005834467
329233274749
570530696311
123843745950
271870535409
631502472861
612358523258
940118874809
252536712089
846012156048
715458950409
742679661939
638788354427
973715543293
981116543163
136548410873
726572678939
774170698463
218055367944
169234577049
207612890494
115501633877
415428547162
949376059513
693635211619
269000205821
783007316550
446827454312
742932490828
397743850484
991081286078
534909490102
975679531518
318975458148
425783335479
753471963322
528340595923
894068141557
395117325578
233300449045
263326179733
340569751646
352318884082
803995347091
600425881267
779194842684
652984532776
188630453402
948689453930
519173605060
102188117925
799245669877
918960063404
426235195348
585101441344
850610052716
801362738227
368974313578
839198869485
881832730387
147357096517
226891764194
989989867642
596099572069
385713054836
150425164601
184769689849
346529701512
765962257301
382055313908
339456104604
280865364875
759658396734
723448535220
686094373885
760348436966
693890592733
470701811978
772765713821
386566521429
895475778832
219990533644
758719457253
308298078052
244033578917
549589747932
919894014536
991812207823
819895205705
727001493579
883167768682
912887637801
580385883011
322429205629
772182057816
684655807054
299843972017
808614391610
253070062967
402419121802
992861180294
970063260330
708148254279
381725843364
884574893902
740777198323
627113772710
797155179255
141237963130
647262344347
816821331607
105125877377
830894913241
774064912976
118043842082
309196764906
196372347188
198954107878
111499869796
839854838803
938117270699
951085885712
171793884833
414760291850
461931184678
136395216159
790440821754
948876398696
550693753381
732815882419
997185402259
510321634689
908107105351
153252036869
494183867979
360616758125
960189334108
273865126091
628527987739
332242522749
994927521821
405569454784
991864498568
802635099042
601384794557
534024457599
980183299320
681119924544
616456234174
529451035051
689942335470
378012958848
632468108362
896828008495
907094642773
997479813314
401220592006
725654136772
842629659382
255121479320
402350126632
505906347412
816145061247
347309592192
651737973060
638472300259
211365709786
298561940258
421914819199
189110765456
115475286871
884534331118
536324386856
190991548696
505014494899
308147891452
352423222141
853217822853
548221807641
711605337595
411436775431
764806671522
370251314915
566192007596
721862669023
800119494586
674793355068
725464673397
516347568491
685462051350
721715866627
583459389896
854758889983
430887848616
318758112135
724322923557
578813303376
413673969542
208935945847
589303336348
399481859060
863947930423
654920124790
937331402746
517618018032
436329559707
716265032523
605697233120
662717612622
888962549544
693932957063
513437986843
457912278265
526528662284
429474996703
615231057043
766482247355
378112744593
805706619675
542389994853
489947888680
833897294969
276239882831
960429388390
354612366675
385501962268
790851537220
359522191381
705165871301
753501615607
933882071866
660205588086
584385970210
550733842294
790925031079
239953959410
383832388863
915368112434
921904472262
190081585521
161104184853
687803264909
905031861151
354880719530
713837850509
619602590412
395031280785
129274279575
190670236356
367303542764
280858349040
885866309720
443289581253
832380541633
274505694142
676419003640
813026063223
759857483199
429850834173
536203316498
675808744891
994451432030
319313582905
800302232961
191297155313
524626114879
508893101298
427357255014
436563730906
667200796759
650310185576
414615706079
210731862252
958117489797
612341494896
251516392971
408987777676
927231822405
489093496072
604308803710
415593073206
219579536958
862455790023
877719329960
591550066308
347905245649
341003893914
754876183610
418327051201
148107489333
121691306181
217343989470
716948296172
748396486576
825496924048
704034761989
363664278866
236745476839
253154285331
943269886946
537650873425
263599872960
510179461391
500684338698
329531707005
164897507396
378366913554
975714517665
114208477170
557203573834
822555939556
688529541256
982917936484
746702046673
728290148301
331415595091
929248950220
489556396206
564463899605
767658002882
806901443444
579564651936
992671241037
809636080419
690177266790
857970344748
648690964087
825094935646
750335580072
370030707072
185157031503
168266439059
243782355334
567052524954
328584870052
217155221146
249140240508
159331973249
413449948068
867440755126
607429701241
768221216805
139381158999
822962347825
159005511018
100556956683
439910829625
646202716133
179273131457
345531433190
368447306617
466158475406
706444392580
199663740523
953490989408
950602748482
969875477243
364335343275
240912916975
231406892814
754770610319
868582586421
339644325846
465760996850
795659065259
960092470194
414286320146
104448204970
251654027596
823685615960
737242808724
954564051347
554020566888
232473513320
698420187256
469923273557
591168628593
282968202191
117924534688
764579340794
748613327524
118343787896
124546965779
972522606394
233529648260
967279374920
426628938889
957742192241
652035516168
990226479040
598477067747
954651190038
684447460400
994721994824
907081602842
850347682968
316022552169
532170649448
781059312339
424625032411
321373449805
486686933266
614972731936
835191297256
307906987908
577655101944
151302100367
181751191223
954497619423
733211965030
701191681935
822786055468
803331777510
108156121648
171627005417
755475464056
437566489635
335415455970
204432623374
930504743820
247909462304
147477757971
811107142396
984602527483
282657515438
382281987830
829889620437
245921151836
384171493933
724517325106
897938572391
367900259471
640667519871
205078096357
477179069253
601243753699
814412790526
859666414302
534186849041
676690228781
840427802661
774741979205
574543639323
714265069171
848125055311
203212272550
910295778535
794365094983
371352526549
187822557849
261732941506
125001041275
783014166854
644848920684
491744227073
268440140418
388206472787
992415534533
765190368381
960287174352
562267382749
553351712666
329090199806
504908094980
343902976544
762877616771
400966477883
141764274884
664461204593
654831886692
185126639513
704618930798
564428993696
406741179541
819372203644
983767606859
763233687616
544602917579
322708230303
813160956285
872974481390
201613345130
412152940124
624517697176
789950641237
566763946628
665242494129
414254481870
616758867498
217251591272
456207597006
767020590967
630756853712
942039896283
914367354167
743564514571
335427910815
892728334597
657111988080
538329230993
880311274560
931658223533
155861654828
302173678996
398280733562
395263843521
508137637253
691038240911
739658453351
150722987379
849362643750
976626291953
565919369166
751037346660
827214978607
253795424083
346479399188
306374606799
824273359352
706255494672
365191439759
780920369586
960148245855
442532095861
386402850529
761394757076
110537916643
526157551288
523718883629
756144117981
277268732860
551365034558
711691441184
522057380435
509895313029
242021986661
765076479623
687342328688
992371480258
335832215769
929221432105
684360159756
625498805612
503057950218
782796949357
774225671974
369865794247
873528401912
828486828776
790037272371
166836389385
403823651294
158823970731
336380889612
626101737142
899144402174
288818020223
914827788072
912400786173
532486248665
138425618631
208512944660
593876715863
366394971105
990236393274
478229453430
258971594699
996728536818
842192246967
317674620568
242634330634
486262214626
690453459588
442576521132
677601306631
150172788427
877945665884
143978105419
765996669357
713699056407
469061573930
322232301481
634380010557
305338535210
417005854662
913739685006
225132029644
857158697839
168028599726
261698586503
576122038684
879662753340
904443451548
788483662406
336571310368
813741757879
401741813321
192138011256
791762035657
840634511186
893958666402
233933874377
737118961356
848828561273
311238267442
221224125357
751355392693
406487402364
977590174588
157881531288
218654981104
486764812316
660401747242
931347711259
852339036174
164933869965
686119155495
318124737674
506617989349
934524087673
899278857751
574852185140
676398505825
497363358588
199897017170
719577759857
328565023788
672699691815
452274472483
346362837198
727002643739
911244683897
828255939928
204027104734
585563850941
867039701402
224274295779
439637993317
994615913684
566023097768
791809922794
179459207121
266271180099
724881006095
339100745283
751497087384
853158676746
485633880080
451002438296
318610468847
332930909341
567049595437
290649114459
865061857091
928719163460
909658320165
304004025174
746485922515
182365983850
528428982642
272355660576
555042987247
689722146228
897330170543
208376566681
527521460691
348105305505
817709695170
342893648202
984022446137
413708914054
453981840674
860900097413
258907935577
282693803000
646416654303
658433432723
656810044188
969980249915
730969265010
797856100770
280602646645
935271270734
224502431992
754306835771
102496491655
793059230926
448577619513
191045847450
400167590099
318934750062
524188744374
770323493889
236407133272
715863625786
655736672156
822029438165
423774481140
858995094137
102925787252
608035761453
512032583894
378826779081
974462978006
381813390034
107117528156
711223578728
593089994440
487755191589
325064406087
173767250033
583695033510
533174172227
281421504558
873048754034
712334492028
245187844894
495920662215
133416997459
233187354331
771745767783
543953686139
811222663970
752357712265
159017262455
871387413981
721973391123
658526871861
340262218164
907332474500
249181917853
594169489928
838126499801
798545442130
959670472709
667747107789
222649224201
324653682563
204899326806
370415887895
278618839649
533691405385
729820582399
557869710925
615654988142
440160484496
390462601855
603693853569
623844707827
769742734264
630787694950
363271944391
266559627747
872747720731
658786445876
575047846594
213685021586
587786447779
944276354834
640295789472
636125951610
574901341695
933214378137
792147532576
838528325415
606396325136
781913876089
499493384328
872273465759
815007109714
433186324381
157852191110
292284403552
333358512898
124523993650
601439188176
423569557445
107042143637
653980250759
904069267279
167449367205
807864796617
345473563970
357787667027
275953189840
309197015166
994921283482
207142249083
493756276737
472796637845
578070939070
919217736368
455932270978
242959807417
842084154380
179015239039
839480852489
236547845037
911039217602
176906979236
224523464991
369361337487
319194431575
963777158087
947151754289
786783069037
233703844536
703673396820
114685564473
870346449651
648560676015
129934754956
588298052908
670442080521
680317440562
655175180596
742907936320
967360456669
927789483398
499377473784
527860044496
150462244199
806240437650
609353118984
617441350904
261990846839
858889339636
304497689809
172721671847
238570609597
274744639490
308193900560
896462684483
367124763563
475958725324
653753820869
285439673462
853893045529
535131183833
536605841257
104483548799
400586502309
860060982874
171542486963
293961541647
789227053427
304378053252
420927826389
250188698685
577586186760
530176908824
128186077674
573823149346
508387970073
595871447342
579208243272
700336415367
864630395801
605968821932
938336866586
380890282159
425978040939
267095880175
562263921472
289989988510
436837695526
381880152069
877523129676
734498360637
590208399842
298221352052
785108627096
373195137057
894924387416
645472531848
771587700096
642193514592
955952976318
580341470106
105868902029
257980462591
935781279599
779774486496
277824603263
883015038340
767543033546
391706689906
266403045734
575680718879
517540226909
852715402016
219191041607
990056542109
308356822271
786081123153
306318825464
478575863048
321283313221
467801402517
781369773020
789006308788
172190677695
223813083672
313880484300
411410825140
671399010469
222609760943
519596827995
812159950103
765316531473
340471285222
803158589815
846669881681
372932358808
762625842464
920740846705
170342504405
832600539786
294236268951
250126354479
516013021489
268852668785
123110521084
188247695099
267569893125
420746361321
173448967559
724874798923
224085030266
334462021952
105484877005
302125932762
331062684828
568895989562
291757574383
364109514841
808355204963
867100162923
286811983713
434520634563
876395770884
885333970107
237268612768
889386457587
165709668934
479939311033
541457604858
595651142482
355596373291
735298903725
395481281114
930987132817
403005870167
300180686030
770430184476
742572864022
795856687403
301854445599
819982075864
410678906622
198756256366
513807176495
306278152544
380229727462
210903255543
376863219377
800929914566
419792621732
744765105565
792100580133
868198259230
705710836015
445856454588
678424043511
985012998997
106740043427
563001642251
746136965957
231873306121
504940842784
794084154431
531845628624
442466439922
884583268575
142990696226
728274747362
368075627258
244919262266
979999341447
223241521571
401451608693
131137955609
947436887233
654885161542
672310415943
233960068193
209578742310
719437880984
991738170852
681013522852
116272890626
227796981652
649032299813
346210989248
619449329777
686264455407
353331010108
157811665124
346933032344
465496129961
129980110627
275483352782
940264790862
553038265838
299143648426
383487605036
268925346803
790783709040
259109268751
368228287079
399102461528
623592190848
549284728645
535754207957
235776911587
412991284938
467100873711
749331533401
605273742605
985288226715
725431795024
586793805222
740589227961
665039349207
582802768830
256498975737
706461883522
451737221620
159521895046
407334102536
814161932154
647643753393
805926462188
761217036586
866970433462
570841886790
294180819682
435843446123
290940201812
251965296781
979580169562
441958029190
380990673991
147961299760
441282192144
818544080727
602710039115
920343154888
874740632617
706458723202
448652720951
998629466063
392601207485
218869729678
716793914329
539390136492
772997276702
196674382406
725004407479
438118461103
653896062007
798737518045
745828256748
588520413626
293284526236
157966725194
835946951172
771431227721
195822456565
392462911069
989593989223
902697531474
545567113652
804306774739
444957116264
737586767542
354146759316
436669898918
505997594298
602818983290
113122394048
477508359705
844601192496
877467268702
121119787000
153245798285
531978133381
729161548050
830345441051
960762336797
232649625567
696887063078
977973075404
926630640778
137850961996
787858680094
919921131624
279448653883
530462712579
741863107068
331774014331
885944767585
209910637562
340519625333
831963440255
133517445325
852981860677
305393765849
906774048357
215989604756
513478991955
345544411499
776925572582
734276942421
334223609770
285941127615
759822083227
532922418580
604220483607
110411935394
529254918373
773672587216
671179687996
813276936012
351650941051
425406304730
297313515424
731669177986
233668188952
127347310913
517087339098
291049318380
466630257253
706302304968
863795448934
403941978499
148597996683
233669283422
782309031600
545471047338
695902289449
391794933529
479797166473
435637467318
182705427870
337206909979
983303227174
229950116769
254807927386
387849238492
907555657614
238916293032
556622341568
857383765087
637327075056
778158496307
780975251710
249203145554
463680894470
997449105819
750333201058
509030255347
418058593440
398906293999
218784793159
871575420933
288052582545
884020124401
797021558074
355883473152
135625080736
389134573409
452254642279
196225672006
590436304183
884539842910
455090500822
267327363422
125792975188
769638691819
200116908552
496916738061
404960947858
203143435076
514703320360
812695118752
984356990599
501357141261
414233988256
498522513070
901448497637
555776079928
866329648274
556085426423
286220896580
644178680545
834557909085
999973545571
221252019313
111170133798
546324767304
835729735736
964766038555
643568825506
510521627435
835193841460
129458693699
777000161707
522474339728
735224424321
579387299000
758763885456
180038594294
144144718294
654052267674
698886264118
366317497898
713409552467
151799939488
728252725117
189408359574
821739634519
857885749917
920889677354
456146888062
467484397061
188946044052
971539882727
907559842108
871528351165
240824515786
932574792809
740725221719
984593320865
805872265521
998997793172
752785548230
660009039158
632561840716
539936737005
983927528696
249489472161
648339323682
583164447179
808378489769
775729437770
358466029631
489938070648
310360393642
857858437614
898863947420
343168166861
581291474303
901638549608
900621211914
257099569735
652359558326
249592328074
979931502037
425435313338
823319594005
248413130903
325097566787
991595950116
713925101960
588702272243
450027761198
233581500717
400809997458
976053950745
863224109014
849977270787
253097302798
728150148026
927281336128
307723442393
446358875978
339329245524
315400590049
516330167931
926570245339
557066984590
556174702609
642807718189
612413852652
223088341468
355719956604
635146726694
645229751285
334164981038
213665052087
568337380880
642386575483
150794983637
660910177683
993990217776
249319580979
925821325462
576455554197
812925781346
774634924084
829957783090
888586844480
444872794142
932844510552
281149969401
579632536824
338947183684
645846611925
653422708619
560688009105
668885461681
305214587479
143701776040
689057035231
402321693859
901117275889
618187473540
808724743947
325373410955
266874784693
202047659897
653549834160
245026563149
546766839958
922639783594
929024816420
946016216002
992855965199
553177067546
947728196779
841604649941
495431942860
932858484186
392877500831
543090821284
482467777681
571535781871
261298286546
281566144106
707729443995
105524822991
381961513770
528920545576
924224746407
483916376191
233187782123
763470682413
819472653239
531472703352
266660773316
304035517791
404783361582
354586739117
454554474200
593595320043
376342108788
416831618084
844821549542
749736357682
523792950223
962306154427
515000531588
617536781304
469943194772
208108623798
394082393142
490409448247
586592717478
891756137561
911152505367
628682893187
227517079588
362459285292
118242845884
977354030614
171712841054
245973349259
296995333954
667025882103
639565408733
216575643592
485969555122
428466835763
607591725541
103786893880
992705648800
801273900627
384086959404
835379137810
855830118509
807315639826
538388160491
549925176904
877981984864
495962602201
512349218735
862611273200
617295676796
592999156507
995580936564
864307588672
672900146055
949638112986
284153132533
282947785192
520505900448
179451688838
714107521746
154779570986
668520781648
394193441489
721807801149
746434330474
239974555730
781329397230
194303294973
707469517310
737443287971
139902342823
968474175860
695745355522
345554025588
562176361830
268244702473
893387391066
641413909415
129504706229
891873904889
282127056500
334982835949
176886277602
529894142397
652030304809
602003689580
390355890216
213087375882
426056984617
548899952035
791799449974
874571155682
387285073113
961275222362
227324393419
766093441155
298588718312
358077532648
741606272675
916391710568
818952197360
250344515052
353865352100
237407563951
193415322505
580018978067
687114039769
572620143151
911733794690
863703387594
945377282029
969048972534
194899706174
561394148529
316532935404
546379478961
298359361963
562652389580
304087315108
453505062548
967842589431
149331930675
267159249256
421579468427
426644395123
187173400070
192143554028
415987771502
935142961690
661201893639
438383629084
884565453561
773795260370
384006302580
195472545530
760274935973
975791675912
117186010782
850673976556
336806632840
562451884456
910707324714
548982923794
597889465967
276737676352
117159921751
554312168684
104759606945
507794540598
390662176816
898924845736
601241589679
199792621827
556298564891
266853275728
608950262381
404693198081
530478311348
355073768476
711552976498
166645852827
977090591747
517231433083
366417013236
328782012015
478104005334
438522772786
905402869121
274739496246
130954144863
690809116115
849364702012
360566600996
502418760704
219158998856
397669785597
707076536753
899440892341
948222950891
866852826132
259442458775
576018332701
890917522382
218736156644
745399137123
529283629724
231269873170
663242838345
697185809129
587787190088
381388668709
181594094537
413874986152
877134457461
316928425328
627697503806
572322112830
674274519937
236793133898
281864683859
384984967859
138675980732
640336402364
275340382341
910364444850
494944731786
741479576030
377164111101
886001446150
150050625094
740418335286
984410310090
380650142087
118760356329
277069061455
176754764329
849138243017
985311344964
722064349653
219580445771
421231097808
597023098861
883538055238
880121654918
126129278359
656220649402
235992014593
749887326294
414477461319
421029157735
218828494440
497855876839
914092621055
482689501663
535714225764
742475188384
412907957488
190344924961
477023047791
758372898960
833312828288
334866452189
541090430732
897890500842
279769243202
128570840114
367936221943
850275359291
169641098730
985921540125
602077809026
704295455282
628646004318
185154080280
300833701743
456031275928
673408082169
490008524052
748185042671
932969782830
874613091195
415593131117
533527627737
293652322956
914289567662
586709552591
617265181936
930745592304
761989848966
520582256654
156314771888
330296954250
756855420902
202349078722
281594252300
165536056892
780725430243
582637967151
707849574985
472214855470
776123658432
960920389067
930337321312
598542782217
722050863615
929726928557
275390835855
188054445064
507863886699
266334516747
590560775166
200882906963
513491752083
611201593953
204480498010
790777504560
994658881612
966387806502
526888669714
910284221203
679659450120
937571741192
601879074002
611024495807
684534819532
272223897083
969152042481
798173162972
710497021387
930416006581
369260644572
934038980546
295149624662
208440030232
412491887786
803295268296
502169524197
169429849358
613404849369
667128484208
503791785248
920537243382
366341647148
146680074789
751403561553
691606229798
466517335173
102975958982
524046523509
964919979597
570904499010
473380664402
129273456826
885579505905
680414075184
447493973106
616857509674
270674096745
737655727628
469478457152
669580070820
775079317316
891622084132
909222862897
486603826092
839057719760
886821503163
579048891883
112572039455
151885789301
249930008699
179908796987
730778916902
654902551700
906599598855
316880489676
795342337494
459600399928
742923849745
230614614482
611739669451
624016648623
618386680779
878067137457
310672618247
822704518859
844241727933
634131989150
531788043087
858219158124
895056874964
372626880587
590169470244
227234034307
477577034498
320426989459
607354333683
275013431587
772686101551
573479355074
491519485798
405286574706
546868236872
303987562270
716050656739
855253209558
363123481427
109999655490
603973673981
537731071957
934682869414
865069606210
500768419517
252062687481
502701074616
579615007220
572636766509
189908221677
555709301989
179478787157
566788827344
636460466394
742249811013
114507327790
762953331114
224828131663
133602123298
258339213387
612366225845
720836289283
107117575279
717824940981
868301598051
720493154343
352080306787
146943603227
938316179252
283110395589
416513627007
955531356695
138630673854
477175632343
696281860287
549334404962
595101963410
276019170588
971392619628
196307028859
627455001143
312049363130
590275447647
172497973476
959987040681
587547973467
367044643859
741797572905
101612921319
890741356053
214093856612
135851060935
670253352432
949987803685
375912888522
459360604614
822290997093
785399285255
905888498345
529334442870
301536304564
815807485258
715015667772
102624494410
595626723559
193127538856
751438292842
857416228563
610493248970
471869161880
930421452361
115855277120
311830266688
641691853619
611976172183
939513079505
103623296920
152922396239
898104617065
368884796201
903764962242
815302596656
157253458405
164314438275
432176999152
139568744333
316278842251
944681136344
466791141821
920008220264
105084166194
509756715424
621720712496
722527694115
148351915774
414764946056
527878819898
184653563601
599605942766
109964218712
109291209097
207299168234
989411046661
275724739804
141141032022
260980002660
377407029412
874986662510
404489395095
744447256799
347454631216
730599125172
457034330790
557141759345
752719756838
849738396764
657026477791
720744234581
162669666098
461994756717
246392744274
462195117739
578581970978
283458876620
691700631283
777147446334
250908507579
578597173245
303187444125
636982400246
495192989680
426215738198
986538744476
703709664023
430125443741
133529652139
458310223978
420421735360
934401437562
173984885536
230307707628
353905014713
352953965818
675917161970
561949712675
110740837476
920747185423
402316824110
659075559777
412022082888
134446214974
516890623189
293824985937
825172057249
391703184691
280860892451
716378392103
935928123816
430184335960
989095175297
417446890921
684806083187
507701155400
527428592088
306819868145
429010302086
564360012018
580465523777
730618070359
193290470793
956923895986
404477871980
555214422916
168825084239
138322378270
619752436883
466479695991
379241517859
514268432987
482760267972
617715903256
846841675903
806885696925
178267509421
645123209497
908334802105
119977153784
351166007677
356969668835
588799030456
356542490320
479907685471
273571221137
564625471681
980587870895
739672691119
114146341142
104039872259
165609483317
887345907745
139070083951
362340662631
330859001521
909971548399
409701123977
765126756734
411651460640
667392240904
103840291259
292070484309
697457204265
808629655976
300657994416
926870899412
915656658931
740420030842
912172030008
448125393906
671650584143
392091514072
362402469770
886115536040
847905170662
298933504361
697925912769
597327956325
894476116435
609983734989
627528123486
688444831262
751333460500
370979375935
775850196404
243625779392
312821997214
418843125291
774344814808
848672241925
703230868140
299404724648
206993093233
325440272723
443634529205
790426856582
551219607849
528863088354
771039986044
315407003857
364552273981
453540714023
572806842864
848877390868
379337226837
117797504749
215848677006
108747000823
903660898122
978392306645
466360717295
831751606919
102711830382
313416688149
379047910987
843274899150
127135614898
303347500745
674356386188
175063190348
858274391122
167841749790
296524752671
898007472883
337045520544
796215687366
613047524315
521849727439
782627107837
232301182618
882926854725
865354504398
705714550157
261384615728
667490180396
748530309653
332546395737
609176966569
250131336769
386681011654
444001504122
266805615965
221412818922
686149348802
623455948619
779780591322
677587899326
764414800133
385794530510
192214519688
751531192198
700933398873
781544592404
605823169712
886839632201
361026638621
686785099250
797685593713
594598824191
930433984033
820166331973
680177127668
889077613997
741495476519
426576408784
190723965245
300251182299
953182718577
635919827285
584216835502
768018116763
628485950355
953346505921
780329302902
754703370000
828357102954
625810623309
560041499226
768289248797
939831711255
787331967065
422224259677
951858067291
475035878872
864001132738
202050259482
991727563043
162199445296
794042328127
772989938105
485238680177
201643764782
668564602490
345464020342
526190987310
326073003922
700246805526
449603322836
604371245776
792075137827
891313282126
202094648720
487253934136
517096221078
676747492364
752597108076
379336873344
584200614727
203764405617
373256696233
293237157533
556297644638
353857784650
814980271593
662596579179
132426002918
144291982999
751478637986
579849586000
848056903576
168425910812
164406914469
712552609725
573415274826
175808083845
839076936490
356071155125
560115364724
271510006776
207773953530
923242596412
489064532776
748432564462
608409557165
828489960464
991330059976
658566811994
891257219993
792778566051
861942758791
279316636329
637817569106
142203231639
313157389002
286169181030
224069255043
592797724799
378991037733
874840666587
877801710607
292475818626
100212752270
727863851422
890854072985
812261959280
912320067576
852476431007
470140221843
317544761843
137953295224
706901639135
792192060891
289149869501
833110770892
483247917161
682450166130
767189977145
257865802471
886212699642
356869816919
742830286881
512592524501
211888786838
790669272364
610066427838
217876836278
421603317705
246054988564
374724198853
594238657832
135826457230
147427677053
860372744752
347960403914
612955566121
957575011481
974558543331
768239797855
142668998373
451348048478
399585822149
654019176670
767460333449
547959177828
192043759670
594876661841
903113419786
193511112067
816691358479
326855493511
948384314403
566282363097
946517002550
533419613055
331385989281
136277135323
444420507385
882625715053
970808522355
747366877562
529811437698
990105075123
715671781595
354961772777
471692000736
928949240513
285703830151
663525806758
678456086735
209818939954
620552496918
469888578239
562637671727
145225933358
127716880126
704033326700
566225645176
639904203023
647976913587
548007942766
217131164360
195419788853
669451056544
426693893678
750659840113
126693680594
701456455750
342719368803
878128963403
174547988868
131045145906
116349551185
159085949336
622128427195
390069983257
122244741057
859395372399
736169510366
750764945730
426527956476
818421716387
924146782466
866705255913
106683100070
101257271278
448587400671
331335217282
117861952656
149646051484
238704307504
917387471979
535172724292
713469761616
389024695981
759992829547
410464769723
235813817103
562517178180
447495264872
770670430079
550338681844
227060474644
512140697092
644794731532
215677952093
515795981756
898114690082
997492900976
565216974895
803743883311
749842614732
271990499756
119064887902
891117857850
355574370004
965272001824
382227582731
829840725685
254855247317
282023567557
879637867333
871863850685
840419152526
465460761360
304699037244
291071266707
761903142018
119036453526
776207554399
355961572504
333949448948
347805720153
336619516011
938607302407
501161354128
195449014080
401289441981
959863588809
258600915621
995288689522
862255807794
212384735142
443603443159
437318383748
300845244091
730015901092
482879647219
176405400303
285056866212
476211978778
274801878849
276472624357
148692103064
738777589960
600183715273
894561350466
340653289806
240536596716
216517060388
215675093546
540016428445
596465466308
765477135858
591294197542
653836812459
395115737890
293948172214
856098903610
597378496555
695153896087
558679285789
560883546010
382307664814
323615284855
173948104680
850144637173
938177049220
569630106010
912303638954
777401723094
537048741950
412730883561
263951571843
881151800179
964943755433
560439410009
103352508462
250870866145
715875477874
595864295320
274727703361
765752510092
998667633341
464680605055
116527379112
389948648971
136535305474
987594043661
374117130116
579749362082
425961552990
995244314114
735724155754
715222626270
994789223251
990891168984
269413058462
358952951356
571561824665
334201478276
245090708125
476405584381
815817180610
474488471259
594869918658
704989713426
304949064214
559642004574
478089561568
871857640769
668447899951
477481149707
542679951076
555611220360
133889778905
483459036282
809899941428
577629883468
647018219552
119901878223
324093615478
715375850462
557684210619
873263645363
432058775801
498500976625
365802347752
623121344302
461166110164
280891925266
205065124752
228968844391
372256132670
888251719693
787457842916
471859977582
688301785334
147131662407
113608139397
926793632297
856298680724
665511983294
344202364828
197623016065
454898519071
755477982102
451073296004
180461921057
993492971848
125437017672
332982109056
868363843320
287421174950
101687137906
315147178288
263941863249
170621405819
991401149477
986258256310
976325544672
235581290775
435066869029
733628740338
111827807501
415454537174
481524380583
762077921765
261392874535
770340743773
930035930981
691061481732
748842651598
910607469718
946117832266
232161566091
202829128243
439321676763
508086256410
299206541849
712337567397
978537448262
978475666345
264226815941
648448155104
813703768018
462008340427
838798068785
347822238148
385666656077
909623513108
668314324183
528273354371
219429867363
127942916070
859183928289
959351310319
270084836105
682670060996
595738161782
915859410831
601976711696
960435751389
163426938685
868349744078
249031734642
645414477089
793025601284
570724903339
647442040083
776334498334
628033310989
310447272507
791392229749
868218692702
529503823735
455428836741
321400003383
295237297035
510730512391
220334826986
466531362916
575553904798
202476683259
657172042260
780078957841
760265610852
506658953500
361269545767
610202291353
899306210845
460191536811
199784615419
575010101704
624312586186
956910752048
318742206744
946095638990
848840760759
832332830799
205016321820
107806560127
864603298190
584532634091
356022934195
530452658135
313754715306
403601618136
437356680760
793461725829
685470316927
490166163355
833597055058
147076574115
513577355169
348250339695
554101275289
433018732422
162964267985
882851908430
658576178943
395423682046
293133880877
192767458969
550940069633
905822162347
369700897607
614335631993
614728880271
839894826641
937815111802
932157639358
335868617456
129470263689
227940168655
188351384209
463472102570
651468499035
229440317556
114742644660
199977275598
136719986071
644785255805
630037884418
558717906139
452584318597
395832233332
471843737029
115461587661
954618176577
396935566767
299029343858
324631801232
651757449376
837299196277
791215362070
899707966848
997235719924
552290904095
981667979449
392449457244
632365569073
661247219892
828563103751
193967615866
885282450591
114231487522
477039698234
984487962211
703924672992
350598017930
485571028917
860479195972
774263210709
768029317087
110108921547
865226612382
408372639081
251107867479
538225415496
448238412101
927820285402
807009833333
894091338913
805400093091
279840276508
884700595514
373228635091
172942443972
658362121435
164178448776
111684408848
415477264584
950367966006
936994100162
313939605064
630351335199
232322316497
134325897995
708987062139
540894121455
117865991476
499903626382
810654117119
642090112522
815176532457
242659781834
781924881616
545487140081
396817198385
366668022936
387388794184
976698919134
889668948333
421920538672
818258116480
623249210746
395616831001
724766056508
668530908352
360235449284
241661182871
628922092560
317870118496
591855830496
995412930562
657256352845
531395932909
345581226824
632121252315
446917800128
607491768942
922439581870
624503177856
537195930763
840433546816
549755807013
796106713844
670622250625
264623804699
814228371667
841382323463
620772645945
935407429814
650338003718
287173312743
735056563952
359959461324
660061769862
392955911311
874681223344
362674773623
337317161754
439359488690
668444423908
549408419439
968102155846
922471773934
655018134753
510287156822
673071579167
981787873087
872564586210
279281971019
869846699428
113856747580
532316728748
568421293961
664161111150
312929453865
695994832203
513868716956
104802654047
685553403937
860789698743
545523647065
593140340273
629799576422
303654011053
833358905251
339607227453
133960957763
141141867150
371613603402
281617720986
872301752294
836954551301
397342189123
123369630507
137554924552
290424439621
356575201903
940491477781
561848786840
981449324246
655754126021
331308486153
112337959087
769098121172
214339299296
213114437648
338131424592
502447621275
269562992086
767403063838
967624060711
156490340512
723304787761
321208703532
492179661617
672739403889
812942300116
935549658042
608483590857
398236113421
262112323850
342973871877
876976501776
271031996888
686957734399
456482059684
548002326630
693817159129
890535449929
309791190614
909189599513
999460323984
853913267715
848569646084
227738914108
112862073553
179379220433
488450230397
778775167193
176729585239
363107004080
982728671363
491006528919
812455134677
654350888189
285223616554
622621651394
959001910981
896460605887
893213807406
911225534555
604097377775
866501552395
334730221881
537241262724
522970056857
608138064182
973612121927
361177131707
606439704419
618005585786
504275168458
551246008569
568406459871
392084722083
527905106579
857417835876
902161188076
319973513100
625603451179
625904573937
621506454718
411778724492
414177110368
252912129139
829283170960
831659430282
220570878695
943037059529
690210271444
298412264109
794603621909
522410923601
728867836618
108856921271
139845946091
907479801496
437198720539
792892742486
936621576709
614503501157
462641324941
417196303236
427993398322
622931718065
509584111389
575853007336
985329577542
377496199191
347881807962
585309555450
227461806914
798512241230
852310533020
776496110320
615727613389
960347383663
451342606151
755095137406
497460814995
243997258153
490300127371
149694789276
117534915944
514493599491
255867650395
572465853449
636855111051
827957852801
645526625896
423869059706
413661174772
238353958977
615417014110
180607119667
409505517739
522039045900
671369535519
982477977192
357276728226
865336036219
396138219197
206767515802
551403414605
217947505290
128561958701
177193675366
770481503029
741198937562
861429868513
944690854480
785347189737
879897491421
748939128564
109225016601
440325952037
871775273636
381556853195
655945663977
328229921263
152041851535
957329668548
472673423081
388304807259
259307466965
891859652885
628823609101
577065255845
379431140788
591224017825
451611563973
384299963046
442517899838
235046766160
569681820856
677579150901
226812253856
444563810926
837257609742
481487653065
345764583676
970982129584
818382547528
477776554497
218101842916
514062630774
588781507793
872292961224
655773566353
137367993883
148060796693
853653132313
691683352982
863577817103
781771628728
171370420152
291673491799
699659197822
348699798905
198087266299
102201708927
474293330947
723821600261
829703583327
451759757314
897571594541
665404675754
182908924592
148078655275
661074791488
261066318277
423486752967
252208691675
596835292362
693175746323
838246299947
778467000308
975898808205
966211236561
180112395357
248666915982
561599871552
289161681297
102320213501
936949044580
469460546995
349119352470
290006287608
908156894922
217161793997
154029830730
790134477709
340819855453
573484972209
212646323021
557830745465
216415444452
243548130931
740325880155
573704372458
732404461497
578953305451
399839672376
815155546294
302418922975
833344717247
625625742118
332365053884
737618734527
110266301522
362110944243
542473615438
303565076053
232156886315
906631947038
474108896433
550095995317
955366570857
204263899415
229873940048
932568426617
451745280098
709211816875
109976740483
284944717260
681142736589
654165180424
856969869059
843927077347
686996253870
382608689708
246242048490
414669648140
874144720499
593159944643
714869770283
335236078756
972810576630
248666930311
554603984996
112976889398
722979745506
753366952049
751336530557
815550650956
160366371877
197745335845
267668425862
670560098915
458649099989
392810900396
514570090561
606160083672
414062762653
200787432922
430754609920
900063496096
754506059193
246942967430
708830160449
599237884238
458357169710
389567625498
949448045935
741501226727
775319469872
289071819321
961393779987
970480444574
239951243833
390649685362
853076687582
620145669566
417189956588
456512314914
735714447153
887764539635
138177383839
812943928999
895153668867
339106623483
182308629920
621844841105
915187891580
122435786477
730415503631
511743065534
630368247244
291099766041
121950941722
353166963628
342007656677
529060149067
841589471745
281678640120
358521401661
594351164708
320576008333
910112858045
158906890662
912481197808
843727635836
324060824020
177144233979
431216321906
618111936438
504674752869
437442897811
941479224452
157557656915
566257086212
660854383611
490074978138
340872987995
911560348891
568690690990
605146503786
655198483066
550422360271
114816827600
627106776530
501997861000
448861830018
913240500008
415299813261
745339405299
816320323407
468811505875
234675061643
261300583013
238900102879
424200737860
931348763855
243337075942
107240805641
769752647075
207394703379
942166681268
922456972619
830346632925
554066289846
321600034026
785625309576
464467185576
226672264625
781447067595
346584138849
267261685806
393879602842
183644798257
849427744359
586676961081
503450589172
853590815669
812359966005
868466316969
743091208846
270153181689
446172695230
535960438611
322082809630
394314256794
215323482929
469125555325
929567621931
665458868799
118992003141
457147774728
855072864922
175235409828
311047513372
453079053938
822069790507
613334159056
725812790662
400285721261
722404929402
338974452895
583265871979
347550477099
799715663768
499685833587
554270034946
218125019878
905141716039
542512434620
769012304358
811072970175
930982695568
926862964398
289629821741
439350947949
923905578222
340979099956
106570679152
149747156622
147738241883
593540828003
541788750038
896718806632
528671962610
449528004179
579687470676
804409123153
401022856716
666259837119
624978905120
740316657492
188612755721
563065139016
950406384066
130300202503
568396176199
433725557804
169064577703
355753527030
860716443704
866400023769
138011946680
253225566755
243285738108
209884514718
691458306383
845642582403
208202552490
234206621608
692823817351
872596739762
915457355786
454096866810
548753914205
949216411712
348474480889
760172838117
124611777260
673226523985
750387964802
850367772392
582316340709
262270864038
637537164707
452287077271
820614772938
479575642962
183911038225
223665331148
357455895060
235294139025
754347554418
917360853371
388230964907
153787055492
627817274372
422693908216
687735121087
826275431919
138883135213
862171716875
725391748836
842705138791
428101488668
545983627972
701140675254
850516881328
588345258128
555873024171
740329859405
243448321472
503956390000
709394931832
959596189115
737679859369
495710001696
543673642660
421561230383
728126176490
593963191863
751232252022
217506041121
881006771823
439974908220
240007043866
373326744634
507512022611
909593282387
801367737116
194937644905
229513772383
378985412713
307285542602
454368686553
752096398715
507969837429
936628871645
413857055999
924600749364
199720321342
945608864665
510517606469
584185099915
351409724751
834049395747
163845641007
200505515820
693602926421
311438095819
690138615039
374764278688
927641297927
133309311733
647952657857
119030306577
589451058284
669485297387
478869048222
941849158525
953844253358
689974967573
827192054365
191277651197
978214747729
943781427157
209900025916
291621534533
929622964069
881507321421
982757888609
289370886449
230930977910
881048330702
649420976032
906251736913
125475656981
990588473185
264818259528
903538144743
308828526073
309489424189
268488419821
270985717990
367518660788
194307568893
459980555537
494163778889
354442483666
500662225779
179720171433
382430321254
265992082538
979371410278
568427740177
273534955441
103274274367
507890614272
316713598943
241689377912
750741523511
792669328359
163778311268
836072195975
819021427869
274681213183
328506859312
266708915368
803470282339
953889907911
315624627871
406101376814
944846758347
406323222250
580873987527
244696707366
611495634468
590214475098
616496240036
347829063947
839104981252
887115773788
436640170643
977106316809
943644223752
361267387897
426406555585
578327243059
867042963061
493801258179
540541376767
599215685015
601875097439
567806494145
508215475552
946027604377
482730927569
153173937558
320845722538
152976006385
426906055215
230932482280
286394093620
150985048551
541511237524
879807832053
295358281580
714755128799
234499551320
593880943110
276001896782
740193545167
526218395337
679670364742
217167184441
359518751979
366510299389
949275601866
365190185624
939353541887
100037448798
697800416450
582320563329
249314058777
805064376674
662242119008
402282441092
969395353526
384548750608
376860858397
497527537055
573388042252
351466710615
786799841800
856491378724
131161911682
477492070290
315342792287
428953880975
913226945538
257610422876
392832031840
872558633729
218795476119
460537121242
846297241348
563215924955
755028866903
133594524740
418255815571
781373563617
525415506309
257123939648
205014577236
851756542619
878091285500
352624213667
543781701667
856266600402
805439390739
440296025031
738450022830
364534966374
910276178000
410137797295
777958103020
759848362772
266972668197
648739328712
322646938053
290391930117
655912620898
790600124258
319526280457
575132707138
706866494643
606535476850
748544521582
655018602205
760845351976
912521354908
423925269604
498246747246
830222707401
996036016431
319421645659
994744079446
792125786518
341650521433
317947805659
637037694926
748501400434
343597674514
129357080994
698825812347
787302630874
437303185470
262712646826
963296304414
779652701196
957284190565
350345938729
780357377909
937216374285
716797019741
970854939131
802992517909
757411684010
340531712605
523387817424
575082311894
513670535950
566219599007
561978014261
113059197649
453652123307
363534129903
620942018281
736192500763
916592860741
642734356170
612483681381
559052770925
579277553866
531608068399
119104604235
691113786889
280795031595
936191435613
853162860711
306385910864
978667323984
194419505666
215922190525
199626755486
200627102723
929070765217
716180103917
889744172683
964383290367
957702719784
143625625830
667346019204
567461133646
533854970534
783237380410
221911478964
103905057232
510896330863
645364818526
344930388144
124308385415
247791513081
887526276460
267697574956
123021882818
749330463022
572933893124
372089963523
118508360902
376906744505
127431577640
878560819437
996467692068
523587058764
446569843255
269675315226
493999450364
342158444338
449631687804
104861633017
148968291247
953089201235
544549620402
695290376946
591672758741
712680011399
299411851895
665676531731
850624899889
663274118384
295026046370
218627027662
773977987441
853872762228
870975314553
663539789106
171925994568
626455548117
739253211830
971862449936
292437185686
616307708407
969178212267
299879471745
919679263906
967917324711
988765983458
853395603950
747664528387
624684706113
106352536473
558332153890
711462461818
123150102452
739335981924
255787609188
350619509945
259952568132
652057469504
277843219793
595672812613
676402866809
675287304461
382946118612
322556064782
703493592136
417879746639
556584550059
767119770692
283314538354
900822176196
476093102480
864368767548
312032562312
913177931412
186970636982
677957600298
463213516545
442315800396
574200869736
147196799815
772195256154
999031363248
474727959499
354017045659
870343445457
445107496230
585105843029
261077996728
239680249683
279825662856
853684053298
117789734665
611007814017
626499473076
878562709773
808894888767
413021953454
880280351259
927936479359
288599437409
737661949400
251339872248
618282764226
127446229643
944928132152
169153588584
949856897021
664148234705
255485031965
522915094214
943437366920
955788272210
282473585232
357937614582
827545356827
641522236858
906578505461
504025629138
967394173119
406494778940
138222118397
286967243849
494470318976
949359848368
722205987226
595113902132
122658885035
238272575371
757238845116
632934390061
773180578234
953230004140
909236385228
354659317468
889589227697
844425666646
763463851347
527298639582
919881922807
950702564976
987848349445
575428328732
381868389625
561808359571
823288949266
918172781817
591666586870
216790739225
532249691630
333939552377
657639876116
367911659347
353991193637
764228216293
784944217561
329892236290
650428017472
369644725930
342507365049
332328195599
909646534577
924408963869
291430796253
396990845464
404555077690
953764443332
809313834597
706322463343
577686400115
919385000866
855072958978
290917055624
940118500262
367367717672
258012894942
447774990762
739788394402
933373282390
133898982602
736912107593
858976719733
305316791196
955350292107
180673726679
569007051584
384815268707
469252975002
660171908092
610522599656
542356577809
786120394998
762834203697
468252484778
752648342234
184176277297
647810220583
601495277601
290618560123
469636605383
962367739474
956465610745
276503002606
356665109105
806204358210
266570893417
485482223385
422493852653
201137093466
786098128401
203003150218
466986721052
484556398842
590706652396
895782519977
877612360464
500932221424
575703314741
257640434037
310852075187
672694451255
895076875378
735997097294
681595525227
290288874944
787099596806
860413373976
864198366556
225810683485
761205380954
752219997162
211192408080
740947012434
661274905180
634409930762
229225293634
177372829932
504782154718
851048313257
357236369056
431368555930
212607635356
383562748154
402905603977
891157817834
430039102045
285679523978
877780303310
892792442262
844206070561
223593706854
721538663592
848271636648
292675893039
984788303741
953715646110
417644011570
880021747118
680961368631
401446077322
120182966897
724430989651
233832327444
919704690301
504708175845
462186421384
375405683533
709740164638
380983866054
416126602130
869406666932
219574688024
926396940952
231271686431
661232939783
901624993882
424804978423
387300403751
325286984034
785501950746
194206769952
342710656834
292923986399
864671664098
812275278404
992996652366
429117863888
721417963345
149454253984
887154051515
985842905558
338775681341
719008614818
874063211378
768413075739
451382284161
872748777630
588427539418
692277385894
506888251251
239354788644
180466139771
184534670814
740415485184
273416738896
375266825856
420764090263
784162578364
751872029841
475547692788
318766581129
700593845921
561644162608
105986257132
737667487622
969086314477
924798953983
472834391198
551680707632
123664818835
700056007226
632496133770
665269296016
799716939220
292965153056
739094160653
754902523049
758734264459
455325095403
383732423380
944964181956
693989917869
652404443300
807803635621
740390404287
515100594491
315463185601
792459034692
450763494094
573809641268
996823487882
680297714648
544206640194
308864480079
431073394875
940366693648
572005880971
502068233110
265508179150
587304517925
237184231906
485362642056
974045312471
777126428473
281909595430
690467001638
997707639915
499557014300
959708266683
140118335005
529401327521
991124198373
649150508064
967486761241
795292911203
927096790183
185501730890
634329052161
636419016332
274708232535
917479106140
856034472333
213514311348
463736943589
789477194748
237410703017
410098141828
282848184260
125680666820
864128287377
135672630502
146855018573
468759715870
152818337527
355169249820
571995798438
289414049978
339109888250
500867020604
704260671399
236003176386
191283064307
202797821027
573182762991
579805386334
276799019392
522927710312
752371932076
895638799020
521484561118
641841198441
394829903960
282860640296
116330648251
271470062270
870111936235
539271732923
105730643396
148926375468
109723027688
879265539261
202097704319
164691083169
181865007470
291197297452
753938806839
264163105714
634142963290
584628961126
599122395565
624983985958
984712507977
595102759904
577616606251
213145465524
557358388884
584437933104
547310192393
408755565052
261808877988
839848757520
130487458451
637327736467
790029353431
577282760990
143521215177
354056073821
244081640651
436753330677
732787211504
437929459199
785549321225
291843327362
533729612569
747120540355
475617627773
995395029606
748468000474
660531420589
975352066782
739253972478
826170445391
980767591448
911518184650
904053306845
695949044462
721165779718
451835243278
294000478454
128953951512
505772246577
166571007695
855929169265
992649418895
902669344963
433986627824
401856820898
410021539830
180775460455
452999294263
416986195611
234788240030
226667661908
536238568991
200993112990
851042077421
982812888983
422718546207
545774241099
161233598204
386748547435
591501054744
769832095672
163705781076
606497952662
443974640216
654859119329
290580408484
757745156470
423980487193
469780187324
683913590458
921720979999
122274941875
698427612740
580551169094
813130842231
560763265073
594081007976
488692350471
351788061112
407614394152
575683898729
169869684465
404181823292
606384737308
510169441627
893583364760
948077934206
567921652890
774120992716
774742717509
327594859371
240139509875
836029927053
442176212333
536433836502
213298043828
537030036873
451426718467
789902042908
331784196093
374066585879
219820406254
889382165703
691982228702
560670619305
573527412813
618606802440
331454236213
459290929919
715154247054
626134492561
651933958470
899089706803
588238462159
776823027313
957743216167
562335699883
780195138614
309406831339
563521397592
706982684503
357430163372
603019624254
204666945523
590363416867
761299831202
903581776275
113290327760
729886806001
401598113277
612977664806
512363710585
481507891943
903007837047
180053729531
819745552589
315788337357
193633299652
401095073582
860370524521
400140964464
872889150953
996081288287
221209925006
842449899166
149628790773
178043491599
987000050854
443451093441
407274917479
508131565848
643747476861
916080776557
327312872240
359385830643
599754002912
503948460743
227164385428
449259097834
876889028377
860488950694
311013611224
279518352571
718054691916
313251462806
727464779646
513253036512
480698454023
845330717931
324876837305
626629792159
888025602694
763172794796
607136826495
487200278477
283312497263
724452309642
160014844297
674940992987
504666446395
591293850414
552860587019
900102991069
128935349300
975236779475
661464685003
891130707664
922521389197
820141040734
745502547778
169883810007
737232263835
550329151342
167833649188
418697250536
290059200313
435552313107
597429698379
662201645361
895436096859
753684871512
329964400478
542024156217
806648929046
112393661386
551391669837
751600761773
745198961892
542622824219
885510355454
796713054045
869594831279
577001221003
726965064778
188438937668
759462792565
383728221004
367373002734
149373062293
392766855277
832798243555
949417212837
399412679228
370199434585
219402794934
329285147751
660841476559
290950933007
375429495257
258872892807
612880325955
337825657209
814115365887
101990670399
476163089940
983053591714
362532687031
967505988324
659139452058
815429629450
871955213597
347553976026
853189514652
469526625902
867569365778
312165316763
547561850717
662778377033
573266878676
611495865428
482279994718
366767691782
547951848015
918231781265
607436555354
411749250099
721652308696
157723444272
665437742341
795411986025
940186057128
229767685304
674108282732
397991176925
360288964332
909382272478
465428675953
365523319609
899517524808
110478411996
847419929793
899920762466
511961171667
578433206907
675058250944
287826107551
434071011463
822232276025
298190569608
926979976149
781860427294
824292309380
541995745632
422787853612
987835296321
301682160475
902553108896
217175664938
186691659088
330632615830
573042508870
885852214754
742659330750
518748995106
125707823070
435662350810
942231831967
932014033181
283610815771
206870133727
272221980457
520227794589
133652491934
425259751809
829224979593
878638128661
799942261547
210224035270
301453162811
687127764875
186446742581
947482945790
107021428448
700912551825
944709229155
604981794686
299145893914
602258768561
908397712559
249034905890
896894556818
398726466599
771432606646
980424645969
269255067164
757171277002
457670766300
181561464036
431521520744
693000192302
812643166870
728613268352
896539659510
388830479917
893183500085
459417345274
113675462696
226278166936
882802037448
431398563088
871283946289
986714447760
684718282855
611428931148
524272515621
344158830614
202760954871
178794007896
752585775166
587251546796
718054122335
162530685156
665771031487
165180381967
567107336007
448245699822
811468591010
965372249832
272576348895
288127098522
753449630148
876982821561
287455726679
359493940819
238846646387
220537552605
824021199399
270734744684
354370651795
939231624329
405711776138
420528464551
167350639764
142493979521
402839708272
244220403612
978735903414
352682987976
285421144093
625969929399
858526097602
519645264189
642825786818
776078359633
642674426421
839553082554
776871213419
981476177268
750962328761
971039803357
348812623059
795120862453
409680360582
739266564984
138569234759
607135552339
282254786529
924651639772
588505970302
675830182186
963644213529
266428684448
309378795073
464999390874
549771383470
501090984658
792462328599
927773030637
499366087588
145013804595
378135289062
148169267446
472900403081
572417847076
162305663110
168433701687
117683472309
123979896885
737691372437
414991752766
574578091050
743228878106
558639673871
526399181174
574017144774
839807097521
840567814973
559900987440
774909155902
409394543588
938816738883
527027904218
995571966536
343203986939
204532732719
505556652837
657819609442
128254064959
224750470301
808379337180
829238388726
260414096850
599036529680
829724037720
474206230078
592941270242
614065892128
917235173002
278149035547
431078598550
633152881172
596061354442
577910725082
106511287063
723619330125
539271443087
875990775745
745419800990
273520086742
912456452660
497665481104
511053987933
939371206865
175015251522
572400086577
158108632448
318320874790
997162593705
554754256145
679592242202
921623849313
540307145806
402538850946
268391749344
374417733306
561169690106
688150354508
405285073475
855524636803
796958096650
681711826081
362261754629
443306245361
475819566148
235836743454
700582029432
518897681871
426620549988
767868838033
472390605261
573893585302
821050440603
454514596980
262229650456
908318281214
207420663505
874596265581
999972474172
607455203999
164334774241
577634305879
874041543282
490532632221
360194321492
302174743027
627576671733
689031294893
236729483046
221192068663
150016495143
836266434117
838991052021
183052970631
540028994379
780235623838
914200910485
483521834336
151081890036
345155227108
745513888166
555893878546
331770540608
820417529522
119486592470
323097447094
376528232446
150716799935
572590701871
883354029888
507590355336
942889247918
794185339675
183890679197
262502904543
182250200923
282063239716
866954070044
135004173265
803561484197
646531411651
304837362491
204454580431
877419665432
417045207010
647496097452
372174078296
688315107926
297698981109
342670033190
271648171860
406574500519
735207984914
733970367540
915648883979
408082841541
369151364257
487576322290
688908008534
225079351337
108612607230
647629020037
154309383496
166105149227
887767090066
510939016648
864753539483
816009558718
620511673243
638843033050
639840553352
869650064379
406300316143
853091948984
440844599235
250019076098
641899088328
213853255124
294987327035
739705983088
709355008123
548849064895
441421950445
783422610224
826032900591
481640490955
913039403358
949208778862
736345415377
425595914958
828837642685
163513908909
245504589085
142477356604
969044346133
824751999630
120460067649
735816975087
918755188335
901363471381
875484272829
904913457257
583330566894
607572172873
526200793759
715835382229
374976260504
116753892302
329899077766
272838756788
311982846009
246140422583
750519261369
853761387688
758594715950
957429147681
892519171982
838452551820
634386746922
364513639590
652121329409
668454391006
990381150973
758214091231
400530901162
989505671123
557020250432
766477817355
629974985519
958047749261
218770850770
392515223005
700227252521
459166871594
325991992054
428484699067
187507524409
888804576663
849400945342
392436574590
942698103329
442397469940
749597682360
149721864544
170011674506
954879592854
981499996664
857943397043
566114778737
815475202569
834551799908
645489813046
162907054232
173508132206
637709405835
637739025536
853718313033
534728752019
242914471240
186993234018
340034609800
324062587591
738069207522
408395141101
928124132148
257645665039
922420955652
980411241713
539325021688
290847665085
330591638356
298445821463
551969628047
614424249504
990116999991
654207319788
431216650914
376254375666
633812943040
674952105527
862195710193
517045014757
466918411792
403539316257
186231587123
627051272617
392969691933
724278270707
827230092443
340484151896
875594080254
112551851405
831261564673
208914897742
687207227096
628112660561
411863054967
637497120594
661519708738
191422906576
212055030772
860220743397
174226778636
696567135815
531595617128
892792388789
652304181278
422748531657
527233836096
261347587717
509214193660
293385324715
685871080713
824227622332
170525754767
960279839003
531346778127
315777711547
223836536027
663612014058
502581995380
112492421440
619319189630
880425873948
391086568484
806060167072
890964838515
899321618805
742233730683
962281630981
522296749368
953845798247
488229304839
825890294432
884723421692
423269931428
700975787218
297002522117
513523281653
677792760512
548402860403
756671325139
767049131728
650054279642
718278817083
939839849278
610300949163
133212147031
358692478078
699372731439
744505938583
236040911393
984621894953
997673545732
316973255784
828182853650
657650775831
166151447543
742078018554
439177244694
709097091440
284156502629
543937514182
666225888018
896810292687
560394084893
301081056794
195232790186
575941121622
756712071123
846227086236
921347688828
505414549287
211797142602
567666084772
424235492867
381903642229
479937351465
976631149951
181829241426
710363440550
285424055527
975894441947
330200923955
956938560593
967729165382
152501752378
147710401013
162084043270
929719671009
129240682454
491439509566
733600881780
403366619709
269016996593
379790497166
501426736571
999587835107
338414038826
368912518864
938988247417
393893021217
199570861490
796349312501
310072020005
991380751079
937317205262
400790571404
147177517793
509519571902
704260251322
516786199408
327358765393
328684544729
913093882811
670021080108
186796886197
173586622042
571561728270
798419888889
390417314903
674182784018
444789905151
702446007661
623371978381
437386048773
968812456459
441039428704
421709186132
989462971912
586658771372
123228720670
356225690580
951145999285
419870346706
775069798163
737693663302
330223351685
714188305028
343591752425
944389743472
315487435692
723381865945
426328191390
173303290117
830804740628
323973629867
355926656705
254285354075
283189883096
103215852226
760704414491
274987222149
358673971049
830161614528
711704838277
112780707038
659803713891
392020257715
757363087392
829504855326
919717249184
497927324205
570208580288
831005982490
353509760275
933982249576
952258160401
210337476426
264650216398
953701296181
639677719820
162940562574
882804769822
809548174543
784482853998
267883237137
583125759483
935596016248
922725843581
401994942273
193913969152
478031237302
688644353254
476460183174
351496410980
701457666855
752422928923
273771639849
799617077673
661355339351
932216860946
445114476583
598923382022
974125511263
889654023723
232360634949
446642565308
358258347278
686308379840
180910074013
734465655812
804374625237
924434807952
523658153224
567588213146
576916795862
634905272505
301327330583
319598542408
445031331985
754027328614
692757647977
676275223214
432925184182
965347858994
427507275309
303285259517
362195171243
625520595586
364981518251
546445110996
430014903731
925533521652
126247040255
498045175355
369152179984
583117622987
877747169361
609250447250
209503130526
195618101676
337068268082
674008722947
923230934451
377676875272
570747561193
949818979421
884339014103
618172473576
540219432115
698309322214
492343122865
845387441943
762166988528
666521417402
472930420247
398683875849
109644175038
964456005680
830395188066
313250724776
620432642262
162027996189
667707365672
190861915962
738235658012
144207128527
612672269112
383716799097
895323552298
917416902501
991339925676
834597393753
849430576344
860943769576
174560550826
545548496591
473564248750
454274016583
222038135315
377515590022
297071593141
429229673614
458541057186
921386711657
149883554103
691406415512
895178094003
124584123795
881300986275
581148970333
890195135716
696174319627
370279505788
874913968511
282667225083
841243650900
456026270860
594301714832
452285171996
660933269906
593198199260
594250871610
903226975855
304089673280
679185276385
947369323659
500821321572
535729853703
285561715055
563122479308
986536179359
830603315097
712503332554
970234815819
573687546326
788288188219
146414264529
262862995044
512885646094
820600851109
271873300139
807924005505
924190796355
917980782231
770426553601
743655562527
662673086051
284867344862
910030111272
974776612591
414397026449
516368673460
282477222579
499080642051
642583500391
679264308797
207706793197
133212336493
250243590029
753161384575
328098170311
492151216711
893628759301
665025034311
163248049308
568320928077
649009320657
651419769239
731588129553
435995059290
951104377491
672608089518
283193660136
612050104375
254919621913
553809735482
575505006646
850534090103
876197260604
965912494928
934764112180
465932461439
492891984375
247181662916
866471928024
431002347000
917962086110
300295314572
766545732170
432729427492
470354708994
311314917183
281237471521
453079121469
350740602766
718569618046
335884887520
263750621954
206977982004
430053339750
796268399586
577154275483
672770153601
195030376697
414196568886
664052618888
422850179864
467245831315
552412777992
335808931025
309200196038
349417046386
481764855704
605480901810
360000227394
813866422359
775458330425
207318059372
480767894110
476563747286
648445808701
413668175056
678925611873
743574708544
749723620611
786221078890
807052205477
633617439018
398990611332
808552993960
637350446294
467098790556
284500873170
701107169939
652783292754
183128056833
238061840266
190634289448
377539581640
452863295062
964808640313
261855027007
203127505394
811190041101
322221598812
187165881560
361288479435
660339281373
519366203553
640876300573
409646674124
304701869593
632329828231
224559077725
930675504276
253522391531
296677322334
726331463332
988611143388
513799516949
593874828680
488622943603
799197235183
273369496275
412536211770
193420262634
778682082790
633040633718
272289597534
643107539105
711045855247
715519609155
369661052905
522035209415
482147982526
673967861021
723095873824
134218530333
733039831834
148109488831
580461467977
849603699657
985443221175
711366234069
513163455587
297713929989
757994589650
773002399628
188529120019
599821931868
961729676014
966402830905
565778250893
925988128370
112441264352
449547341344
692506445289
835356053258
321825200587
579092674817
959024874345
753024416009
973259892934
693607949917
800750090328
630465668918
661104143743
169084847984
541905773141
700166492985
673356727441
220297646520
874628571041
731840786286
714493481234
624667770997
359093620329
909332363218
756110900019
658927737585
456260866183
212558796710
605203876253
744254138833
550572343727
853612641395
772101719721
999482360222
571783362865
165772702155
472684025379
291390471437
323898091430
881530255616
713599323090
815020761068
244657540112
901185042600
262811061345
290757175624
289854490127
282157158867
713783013719
640114332468
584561571897
484414190229
149860892770
522297603934
345515611063
978112581638
529636055746
306674533540
345959859656
840843514259
736408009234
605795029269
857750582667
828923306467
420415886030
691355930836
173200298124
219735790385
428062202485
388674298697
530695236992
377352178670
527423175216
397517531444
123191783173
891146526810
967205104918
890015655656
665662851574
896870827152
535274058460
154423719442
848307634074
628987538153
846756236900
512762137182
259908309896
706308002772
364626989347
792749875734
640955871569
381151739559
208682472689
251820723337
208985181926
861681173569
266067202310
757143386234
913640209960
685428584963
816539901425
648845808604
645020805661
580141555115
178241835996
401131730220
296721057708
136011989638
511242589731
739080571012
262576444380
197784208365
804513982819
859209145534
120754648814
620885453913
418817440267
527278860253
149250775189
206376736507
300974961329
130421253828
173689358564
811011739623
592161085932
601274490130
532449214772
403981950153
930949282367
974438814713
588553968060
207741306327
266860754211
994216584682
256957029216
309081352485
603387490876
926004745647
302201142778
182563902305
594163601850
439387782845
698564199720
252596279651
719740725973
543495719988
268914699084
922690298518
334875407505
242916439602
417796828333
997691038330
621470573340
949723977310
887959055001
148032951253
194929526413
350658362239
729403013137
344838078536
810514059310
211899341291
371146287525
751912595944
831791310367
277108767092
264050997717
307160492391
422939282435
608296302745
810755124386
668639659583
398739484670
169709911935
534432076546
550083545499
791334994089
593884055050
290321373278
348989646361
611468759325
112346310520
549530018136
382607654467
800139744074
291690736024
387298799073
372155517353
556538612680
196470354623
194763176492
922093307094
637099310107
393410780542
785805965490
406286460744
103810091473
411511074319
193780105786
734552855144
834053307374
906489385466
131442011371
108092687134
903794202475
835244992216
564025584813
720094239122
884683670286
418589921177
227672481807
997295083850
443543514033
168870413407
540774137941
472540519738
203030074787
965701107770
767796939941
712679333090
287690415728
782536337637
809602703475
936761647979
542577392147
527366730079
129566508569
564185918381
161711319828
674560567305
223856812932
820660423019
886279037607
449671895656
543675856082
914293855154
663494023010
270568776296
625107349612
745476025892
711287909673
399848273961
925182570452
822025393853
110483290768
233517263234
401156776081
236869832149
406360951379
477161864556
723281128371
387841800872
460294834818
213556842476
615726566881
333780375921
736808511606
757575826236
607440837167
535434221592
327004771664
433540707955
668124045512
165574090164
821744548783
871427257931
208229733540
584043472697
653688423073
253605534194
414030775380
332608666492
965522727414
470585696600
600192347486
419778303190
181617415416
706510220994
218370126817
171745673308
271599995843
299834390381
880030495663
851850601830
493550664587
346010592645
281048548612
665904109073
248172408133
154554796652
984906157344
908433467919
402901445426
608743790535
817196049202
421155655546
437479527125
931063984626
703030639861
837979463434
776949301063
806336734940
766908259994
815718600394
707661111054
843307045292
563209976392
859722357875
596636607969
651105985666
969197187374
656203350355
203254561235
180702767136
491784903372
106507128008
927199496065
378285591341
885209172449
157470600548
291058902942
147295838963
635947930457
157881309886
596576614895
279405443381
496627180697
375079214630
249571911087
741545438213
590436257268
637666422270
284115098437
730739983872
333052921675
355785781381
460447154525
437781913410
335077032795
680694837368
858497488818
346629882472
334413383104
621602087672
133795702175
184733753190
523255135684
912854239564
813641902919
960476944742
228024643953
179491212772
291760782098
848434716903
442940714128
470473478996
558277520738
509337928428
265861336720
615402519448
893647137740
332602016380
497510490656
505084353570
448117683169
150977601442
255773238817
253557532589
520569414671
647771104991
254885356141
463022411876
199844924449
618592582550
152997492585
752305631947
482848017682
592474539385
782640776854
611177775799
387070575495
414664248108
812731687816
779630927615
480058554918
591703247292
287814351737
532417849507
948948063702
689654587302
611931096024
191869526580
884876728708
705908019362
913967494833
479081441157
911956275658
386044698999
758078978325
274370065360
349273440548
734728085843
220818617681
551809521233
989988834055
190586958637
371853788542
337845468582
169255590561
458094659569
437286322633
951685309817
186646676195
994622269640
633957974495
921769013993
929506493299
822979792588
226891189650
565108405794
105500076190
370483573527
362944658178
194419897599
333228556963
511643521405
463404671338
861436000796
325015999082
157515817374
157528244270
315314054823
449225206287
964572589614
456471711386
741861686992
211927208152
735227885365
918031184094
146149059304
921959421588
909776427983
172924664374
438277440694
674990048541
311029311947
793814114857
501619838358
976740965902
353855859697
957771585523
287712036413
753398190380
293896702331
157547889172
917321527482
571220309076
497079631616
212589504610
951379377269
655626223543
109868051961
122670134785
830777412373
579850676131
838789264831
428482299118
896186407529
555538109391
604330764635
903984225400
300905594416
485980179289
539713047056
992774159607
131865851178
326838357918
215637882182
747470725615
616225427966
709817731308
123333463715
277322363142
952864340470
717790443347
879268840805
618614408757
922952436239
362848824599
859855452885
858296698867
655485399776
494294052785
428560261959
393959940375
688237554603
855939355278
215291252601
341517036025
159782966182
892491334755
131539040639
111826890251
913874956393
164124025311
925080996843
559517076466
470198793887
293732444084
436298515139
109405312786
424436456139
814949665325
660537628190
216119074849
130548745486
989031844301
536602177060
467226656771
957396784621
944586821768
952254459140
995314190357
937003705354
950289233955
660964177623
353267067467
269563770380
159429207021
457155111289
391357204797
136177181335
250230597140
843504072459
330926187331
751255759317
796791676664
494062748531
606220559602
439011087234
397090833992
508636593387
699710172786
567224714786
371862784237
296191307282
259538482361
104756066943
292710652640
158739774771
300457853938
955955110398
594624415511
838848213782
382079381088
945223916090
976336048060
911976307857
344468913559
635102035820
640237841135
274895813247
515162897763
713497809581
237736156034
542635398491
256187775975
176827679666
147774502751
487436570659
784587581793
310301950167
475370239841
609586336264
175376397999
843426586173
677173371306
733639747502
831090111674
873160456325
958327857961
598506043834
896609297386
579567577028
310666034090
277650005874
465970218814
714488457590
353674979844
670028031682
476941025003
362933723077
253727747142
175344187388
667477099893
150462165847
110287376540
600731430989
884200673184
858981726946
951720977814
746575562197
470039040426
579285713116
942480810348
611866189544
466056748242
461023926624
966019726018
838859213168
195917789613
370707459688
343405541178
913538622112
328029389347
837656867145
919347236257
601077668506
323143634410
243341778699
414094882156
798391178354
881529227487
433309916101
726726019066
667139232663
551019188591
813238424420
882850371902
475941227980
287887161576
310929102944
147383617031
667795671260
855837296613
545319808815
532451835046
936376680937
990897742522
606605784493
653189948228
839264570890
328128306055
479390345269
104902195105
533269922343
477019183175
736770139021
763706232098
157192604481
367759867530
937897242875
783806343731
273872534953
119952500678
484877295213
159879530972
285886155202
795623289686
104519151603
502534718547
211155171575
406357005945
142666611449
417275085535
522033670358
729120458459
794638190787
125339213037
631767274874
227103558539
553025124971
318142439781
560850811046
820658298440
119280419865
571719238112
550514055435
669588852489
944889195075
396796436502
966122571276
371796357277
313291256058
134880537078
800171999717
395243192938
856971952663
984888935823
242860656382
796840759616
106199314964
743636508046
223283872763
262782808920
361402740547
757429439477
240278502386
149944959296
409299587572
119991983179
551983858179
815563596532
175881245319
303754473707
714885492608
677072707615
391652286334
746313441023
278041383700
939432241115
821081677912
114960635284
710399976357
738945099244
620733631709
532327241005
697891460791
334385281490
959741249863
999778794594
574370706159
844221553794
283326822704
580640015730
790153068692
708741866537
254641783099
455570306048
143030604576
608589362189
435258991007
145686170588
441252342204
781185504059
397188688683
602456478948
870298376614
926066910852
889636127407
188748249812
465531568019
693028335011
440798085340
872444448016
147184490720
288408808225
124055653842
291273082729
190712716911
416317646114
234483791245
888356585042
611952349816
915726230527
877996577105
262938300702
282006466533
286870179230
878594207254
601193552423
697400205817
808373396245
564097760736
545200209094
495175407436
241814381977
109170589440
198672113365
522281009424
473519618300
606782660235
291220847680
849327107070
543745602209
432802966047
619847841243
779487701298
848937381029
885911203371
707002738673
879183714198
970203784052
174014097501
296793729803
730586884573
554500088735
442102786510
957432218154
349156816159
336928118838
249762771502
381397302439
148942222748
829412259197
667957459550
807493617007
813831232996
742052706040
121100204655
617181375297
785745175339
355041374607
572180964688
835001329500
487158277227
136089998439
600398894358
459515166699
393623310626
620620615929
591372189013
162314457377
759606704016
252419047202
258537088673
718068134467
633842677967
989359596489
978830418767
790032538718
789083791094
133768032251
270255844777
180481664712
669210821288
931868655903
285456725850
329490990855
509710752369
512016002148
929896733001
296337651853
688701444372
736068737672
907852549527
331334841954
704674699954
503292593690
702165922664
408650591592
423232908031
164881617576
558761887484
658348895746
738732165986
568396364028
748432788717
513653234193
834472508149
101320422136
649071089008
268615663509
275829804969
457588712332
945450979690
937677014624
253919148630
949511575132
365709347965
481303004149
191815277728
223407102814
451336325008
646161004232
276042380661
374662497167
313880127116
935109518877
443794519458
657934142935
596904523493
619994986256
637191105902
498944603266
404549752975
352816233376
971620440898
547942297706
967341029210
285326187535
159193018959
403735484194
205763559843
547621837113
750389233147
885527414259
255847252546
548938402259
833866680232
595852464421
963319672615
191039051413
818575620941
330398525043
970011532580
162463772714
231283966937
439843286180
277055892733
853637382820
950508799504
601130099659
485167387189
455610134736
628947685337
715052342525
752840528687
212587049160
934905688652
842101384754
572412970683
704671817006
679778122343
628778897489
947469445065
442412474226
460008241693
406449616350
796393930382
957957860935
398699021311
705557209620
946207049653
176832069312
255507540586
823961100829
339260847320
761162969143
138211220083
461463026949
822880135957
863249609856
469158719197
783892373263
432316804541
840218155955
347226196873
811021486719
900823995927
458686465503
991597962739
345522503339
695807233818
203716353196
781152118378
859275221250
853574624437
261322916469
709487509472
873412292975
344738950218
350998667062
677243375891
375859782729
455166432407
633309565020
581312950904
120480510276
850205751320
803026680917
405977934867
125079403281
287056583426
978030752769
132740020037
528807119255
615115970077
432415849048
202760412571
380206221646
314260711877
622291125939
596287377055
973471448909
372688616873
239142891343
267790871910
109170767149
848561960521
517000350956
318722194420
925826094260
906351013333
402310039597
729336094822
294790724204
712911240375
919214303917
576342526365
654608946803
439100752606
292406913802
717862493174
789695643176
472637191509
934556745600
783246034702
679118323512
236108197627
189817257140
808231327248
523836448631
946203908761
824581737259
117127759111
517960925552
986877570503
607384163371
467818295175
311907405587
820855918357
625651736466
426789732614
721242993206
545394064001
437601328558
245095440584
645967277300
985813554576
101762209380
152396817678
904795337493
382426306174
323943129777
263454076466
512652116622
766359392060
642136994052
666156021576
260963564362
883348720641
930842665165
371854826781
807624972580
685142851784
468361265228
805674313753
294187891504
942702204346
358379033001
916982729761
309895170232
998825233647
761336473204
696309053602
593498844869
478326714600
876704385293
924846957353
549441480777
252305704060
395124911772
955773856418
857863820885
584094178208
699997534500
508666187373
602023580694
352829911915
129571028744
828612565545
392979245117
587002948672
324568060942
513069913483
423834849325
118959976706
310703131483
894633221835
783756821663
110024184677
350040395951
704434628592
416567399802
290396812827
709837159557
542115944925
313432135658
739908183404
485473424548
543871168612
332009148191
589381133354
508648669476
754549268417
381829247400
703380006305
526903173857
847485068941
202947343523
858508481752
770857101596
419741019626
605711460708
588553374551
224095364124
721781267951
557774212569
558378426997
913073197715
676513271586
854673060266
799615299581
316886645641
885296436890
504715091280
510044042116
950246493236
616258061264
809776706897
540220128657
515915823109
286815373713
816371840848
351872187555
191383393301
972956651701
730922816189
874358080037
339595505232
797689999643
816423602385
944558402784
230389615412
436444125970
156903489794
965904833647
857251216817
863946086945
615218368446
874015887222
201169183035
923376379367
169776005203
642809657094
723699961198
591862723912
254838577692
291546047620
460173400926
940670889798
773599197670
495080819396
466340120654
443331595344
604252466592
112402109818
458545945070
592352713241
605278561275
625937891228
275330548436
820101963336
952745037525
508833269888
508437435027
174714873862
213155825204
232125530822
577748717380
349904885341
318415952105
962005261704
316403061885
191001875389
469021094776
613953835440
466328477282
108806434191
621397400329
833091034648
496475794954
760161772044
781120505416
246496394661
663095614693
557421388195
640810958939
163020065262
752643630653
171802294552
826693812960
993269108555
276898782751
302956133631
417512604200
741148014814
748306754538
465198556028
964462064917
422252343285
918971794119
524119587948
467457107115
219921709428
123698586977
853802928438
979689080122
498148114296
436005589032
779189647453
726964547918
337389246174
142224037371
440682557493
880380069198
834261569830
682979293504
486027665821
978652855317
367745517228
962325631390
780162047360
397241146253
393677834728
782256626503
939671795304
894299806857
456017953357
108688428825
895880330230
239627813078
293683172260
845434399298
407254792739
436593991062
501037575124
670004902165
662122679903
765119637574
977155847084
995215583132
889723163649
618858519178
960566078687
594312931413
637240915931
293708615930
287599310366
664762653574
793973490343
241205440319
331942482241
192092041373
492955814767
226634108628
741904090504
793815520442
837108865127
768889861282
255910072997
317568784752
752712194294
377153135577
130792905913
986476327572
999014081974
744790496518
881766671145
796276643976
980861986080
966398672233
716797906710
213643687224
424472917465
716719248779
441989997642
497162411889
705478707500
242587553251
684519781890
537105213442
772639173368
976268730652
725004932484
496671109518
514863810708
254755667778
131935752287
377036792859
380469516785
123949095056
833627831560
711450784989
979863010616
743711675426
805549287724
754066306204
455968152966
167260009172
610262703491
749509278106
123960130092
959504410484
168140464415
448242484515
455480635757
908828022279
233172462392
223248413816
930704716817
870374059750
109894058282
365096136806
242517869224
101636145245
348590201883
279237257636
887641207516
359565527400
951740371196
401871986687
477759492581
296514406566
144741054964
713866424390
486817142539
960388489731
908611393292
295172012539
389542499680
335003428507
136788476672
584121361451
826964169016
281741576571
654516766167
384559248064
663661434070
298261633654
188139603028
456103714660
482676207234
536419261573
421525466882
851212114814
916494513069
310419566894
824476702580
742416680477
316243244087
402663024918
947398666114
152920942517
900055406479
903317145864
761908597583
536978921879
544518565194
352704036516
153808821029
384226827959
847112011865
743620254404
490900823641
235561853967
171215262804
423154373947
550674973566
155817289043
550221430384
616669252264
532046643156
477534072232
944392398217
650290901563
401430569439
621781677042
938951762449
125066601614
866346324700
912961706406
807726460918
979330636580
726101538304
203433775981
982902562797
524999084951
731946503135
146430707324
942931572763
339980264528
884611670489
421622826923
324022127893
270664633574
738326431666
816485013393
544757197178
508381923087
605555312619
845407969256
206254159798
527809439508
866732505996
540884056006
159045365732
546124404959
800490189387
255038945873
402129775761
402225704172
126406983847
927265034786
450660985607
194821886746
976227716778
725448842255
431652038220
203979814961
779320965879
691080947431
445773175134
886983512703
458411138120
245737078236
951768165815
635548485571
834528459899
472713661128
287582135336
891636443121
888101408558
857757787755
155875520890
436835427085
919638424078
182297379232
303039614509
812012939172
261118124828
504593206189
322422409946
497474226732
842697292770
772706352735
445950290177
365262565044
764583864235
296035017595
769022201747
771258616514
292909480225
580423276041
782280652854
499190623651
794942071922
668875060107
156341460231
171510494983
520083791806
921454803185
203523739407
556536658006
262237419231
962341747126
902680220111
234736821408
949332595841
825130870755
562875827270
942541087110
495400103595
453173547592
212735110730
820105752446
225341620462
252046483472
727811440846
152029886863
544955206086
211046827275
380903608388
649854545001
157096603902
762353955207
764346494505
934007855469
945036633263
957395758374
727873705096
286857623336
345536098401
901892896581
276122987817
743765791062
162731227792
264698570730
999116210907
507881646024
127061919924
377275886974
774771749491
749591689361
691813255232
198145739934
440445938508
422871994058
866862846205
457882806039
190343891721
990465262854
257998142317
590386477057
194055996881
911301976599
855326489614
877374241976
500994551063
489227130040
896059217408
848488628308
959946241763
713378431340
355433044112
215475397938
304249378272
447258344302
127042432170
620842135852
731525272045
694244117515
137275705523
768338081414
622225533928
225651759652
251494708132
829086613913
739677441729
198529155683
514097492012
804623837631
894392481276
705001974084
464700091001
254569631348
418170071073
889781298556
277803751647
397595035577
242039226967
603486769723
439061531118
369397985431
431726705608
486548007214
853997866965
853931132466
427333632781
364959146471
497016856188
284858213094
231816730946
154923704024
233535031059
901051707186
216744486699
926483313289
523182704239
268418052466
807820781513
841018853917
982755910325
532713282000
337489663722
174280209584
305086962229
286921721428
106092503936
260173896295
844879570979
247820493614
395069381935
979261954267
789888708165
151515319365
436881392269
946782700786
759320566203
950339612082
738444311409
136311053797
504303961216
918792941869
243070488230
447624942897
139290811569
170089375452
504472432530
567494487505
786398734661
244080540009
989191974348
601680583935
243848454840
387192814572
570281606441
968739102298
252726428042
235567911731
203247102618
871067633545
150710079853
115975097862
346183701962
890754104167
906642395852
388191827506
313403443612
170253944829
257447331907
520878871340
537387204105
229596239616
164494945838
961484171952
816708490600
316766327163
950503328624
494469676904
450023270027
252016893391
446321210025
332537499181
520928819401
344442533065
346458457555
608036417385
191510479360
774856844306
469642932797
936806985453
403420910230
351319675023
259273375988
445247304344
427893563934
514147080683
559337058791
321781446347
346430776111
649542768577
603136216545
665908616534
597257661119
557091215612
483147349773
315547780348
481647270698
256490624047
588619618279
656104242443
917684157139
778201750698
151819162294
430536889029
794946867110
262149012315
494669583552
965723623503
738703101885
245572798035
670592752649
299183728049
852470604660
657725843255
982496664185
319443077332
331158279503
512692127705
671992856010
994271068881
307898307437
588135974528
581158698491
140937085161
221640910436
669091478105
767553765449
479706254776
209328928155
479712994630
914020860383
976470357336
266349912320
110048542289
475285926306
765711399305
123917519817
593406223195
683447797105
940808592250
112741532309
431591887025
443359941944
790330148794
428968028655
546228741523
459841579762
109199165042
441469720907
508823283669
506417855293
218183732598
499477302385
157882771797
191738811759
967584368522
610639845102
422538320279
159349844113
771325847720
714069861923
752645484562
365203185398
618857084408
817536688820
934627632278
510040022405
517618732527
921983395284
878065504378
946052038650
894381281219
614583846853
671028374711
445842264357
521098034849
553688869614
759808819183
415880766054
435015504057
749841189695
488614572188
940951926014
609760885778
183126229826
777624841208
154647997643
631086653335
991239057511
703578098886
117546754022
749575335461
859027317108
693862438480
949502270274
841688030007
828135235250
348763492408
395329488427
104331428892
158279850389
139713489666
849360358300
464083829062
433239223859
303730389875
547418593930
238282029679
657543541251
805652141361
293875743720
647108428210
253424695413
478627125867
258951447771
733534546633
893250154459
258987998862
562905621173
827695379485
117510570878
402299348951
314239596806
549563233726
932216883114
290582870105
569506510041
494567138814
486610909673
140824669463
402877329908
588493045934
304446223704
492046675033
282191392685
447622239350
537071644228
152300205939
294247638042
199226213240
647431642542
908826660059
893122444990
494542801258
919036028643
631956512875
413125586657
330326358773
841416486162
530360819337
787142787389
205774769552
424066520160
979842541086
918954146466
989397395511
733477445864
345891285700
613535913787
948637884996
635744163574
361604866689
261870421474
613553337068
702413037106
872751948867
606435519515
507236137491
997460059838
710462730660
178277269639
849997207403
858404590248
588448933051
757028666405
816401244163
709274028889
921621000756
575390179811
621798487684
438062209294
259872318652
480298221050
654945191484
304208519583
472784837469
699810851694
442383265369
634474803087
673701958576
806321202111
543533540920
762689323491
982086912671
284800132113
191762303941
722753071773
715237760458
789241475651
475422464998
411009725680
729971668004
354579381342
495085016457
424807310684
968971706722
620593279951
490818273152
113082548431
945151177947
622148215799
875804636597
862029095862
583125284440
468013699214
965229995029
746355639409
923248179179
732172254542
100012441172
768589160910
258724114982
598502907624
461534808174
312348508052
220560032949
969000838492
581195491881
357186069355
179554755843
700502359644
593280037382
851968413280
658092224683
644458022732
722199333167
384537906099
161178790304
854273386161
319795427604
643070490466
832319177500
793423151265
884192338268
283226633535
730693407660
637035405042
890796922481
112674476417
344248222247
947876779485
512047729720
478244614266
953896438452
104756767772
597088369632
444577033102
461874226332
864676865423
599673354459
888569727896
411138419652
326765823742
289386479848
307841238913
788528859051
487028718045
476800676733
120811555466
958525716314
505695847928
428037072348
839269164223
709972480366
424740544882
374456695803
679585176976
425191468013
948876195361
347097762152
387715322991
949770102123
169198397660
104685836978
176755047073
521474905641
782243946724
471340884181
708269108473
127073574976
808131694587
671695291186
839084208282
653206012716
102162425603
573129123881
245793823569
173461116627
583623223463
953306845862
364868125113
263992494801
961861287725
871072159596
750274936220
646924431467
227193571961
116453385819
275701467054
774772065127
435666518878
556033580944
993944584760
888489509901
586374211551
538533519881
583795747382
940645520181
113737757703
493969287813
388750634420
748229510618
360530598769
839265714052
970247438256
485061927530
928627066505
825054694559
675929220162
915083579012
591687244667
841730528447
209402454086
565721663186
204132607183
830622943118
212206177988
224578212972
884832607195
474247900654
844591699091
755655707125
744169525518
379372246250
495446757318
208841158033
483402585527
444298299992
661316657615
543609572603
765431948423
853287108962
419705016919
118788706165
320444602382
100978539776
318745509835
526049358478
441282523931
521787686141
949190912821
926198141262
415448341202
732686548253
393559539024
413879932887
271420910382
353594698666
679271979737
508068183617
521076857616
605568461826
653013274513
335413185443
845838992782
918310172723
699714740873
465906148299
991154345320
204075767828
477055121748
988912984021
670234065254
870524337552
939399093296
229982178229
681164354446
358010552198
491052310659
973158630708
521864539734
629289463778
712897259844
864932670570
399479669466
997807530993
884748177463
821545970856
692674360515
934995678648
493066603243
488903759379
540572205793
964957591465
905209966994
300719406787
860962249371
321466436554
785434463368
247295255238
878271270793
205101888524
563799130137
872533112827
511064212584
613273201097
308272608120
614761618186
523394673934
350691192980
346601706038
245049694660
651568581809
177396542593
729361761677
954759327939
735068171383
461750092658
279576252829
316318588504
176771173537
531525734224
626211134111
843712813530
215077420205
954933021997
721762884278
604208742797
237843044740
546687686730
875642927830
617078747772
221265614324
296519599066
681545189232
944942170648
921142771292
595638898816
427971733796
202562587902
894767019852
734382850147
980237156165
429600991060
913727741159
447989393789
281136224205
977979287529
412195208164
101731496844
731329116949
507313305962
788762344157
484222471920
216454618993
493057816921
979919436001
380057862770
836199089684
572193643003
431205599197
827787143523
892793518008
217342014830
535664487355
702721767753
925826062771
728026399244
450887770940
607283461682
398481420456
682365382787
345682017499
977589959039
357043169689
617776216893
546337994173
928068042201
585733724707
949082444691
460485194073
576280459306
942995965987
982945290760
545720401501
401907311841
661984962964
236250513327
265060575894
303331437029
769317521191
456924613805
623413982072
957443278606
920353697449
489502670944
410460254444
977514302399
497216733755
369582776761
294053946375
721182342129
750265533589
627225571287
708796723812
545609296579
936801635780
467134191359
600530556584
160794177500
485902255434
925521174439
816068231731
872135732945
384063935486
258616070220
759378600030
169224448976
554612192988
684244297175
249187564777
608800333633
457110756141
776212345766
176992092936
296951011222
491309435439
455991845710
502216586940
424857346033
677592286176
619562119926
354479206168
969848190497
910903690507
920202561241
946682240602
786413317013
844991793112
161953940078
916697537840
742403306040
565234124022
952854729529
622374324101
696822822962
418443149517
388794758676
794399565831
708498641261
401016310740
663938029500
660742202857
261326483154
555346407314
199181197618
586270173215
880553248080
152936643042
250633587352
974765828526
140184620219
466326838015
540712540559
682109057854
633534832485
235707453043
364964475721
942693900814
380676645344
694205187489
734415458447
234158376117
249624853586
725311543599
905993336392
921221363861
504988538637
807600788994
496728860956
486585842205
390287331100
678986719428
480068818787
120564919038
663133917241
836509276463
956155443765
631526995993
432756381726
471639507956
685591636633
906435215319
952902034793
425712220635
108506942790
865084521197
819427748421
477927970709
131202590963
517809497756
908355462514
745812326761
987348896239
375596617734
523431147283
573783041605
602080267924
502917247489
554500028731
818200682684
306635160159
995666476824
689240639426
636097886039
167008164673
489083226662
218242385195
641953803415
351862336226
707847236247
487603896490
697669111170
567078923307
390043268062
539900483844
270335658757
213956689216
734047260705
430787270143
994135583938
164522716133
985056764311
852459951046
949574124132
544043176156
107429503556
601271945210
725085033288
392333107729
273345212492
164905590382
804281298806
481848000669
457616277185
441039107210
263510719365
898775126770
336560789221
123814040345
740281188089
444217168075
373981970050
681109312168
186987635739
524094794377
982569633712
129818506960
656753923030
577446713865
379803851183
405380013270
244705769726
227388264982
576806534509
340405612171
264830923316
867608263807
262559161300
523589622076
725788363525
787126125135
968221220185
265621082533
310409440933
651202623467
225933288496
476935861201
798069299532
332954152354
314266720651
490391573068
533516151292
323025194198
317573500990
775154351126
399910053712
229212985913
122369371389
816736736633
300825815077
936138033747
560754027154
213905638376
565138387125
985534210606
983095213132
794999060211
278338206262
113349673648
179132957382
251025721691
222213322495
582031432449
514766971030
374727397674
472981796488
273388550233
352221057318
327054616477
747487001579
331374429821
298559635555
628445217101
218787634462
503386142816
765413972690
858208072654
214082549308
405650908620
766443960476
896914591246
418357682938
750129142830
727988489784
653972464041
818976632844
464249145074
286871785398
307060156009
108625486831
868828573049
538262010362
610707177224
303350902700
797481622980
781021527327
951741698621
851474803967
128887392551
210625549411
365940791956
247142113370
893881729113
352655889925
522063928472
642708371565
176431277420
118670515571
965218854130
857247324989
362481785126
956078925468
310817930119
102001076978
205158979733
183514168658
516182011866
477081907938
362489989313
231870203216
779054797535
192808448208
145837022042
635889843596
730594738532
712693859252
190054707276
488493585852
508181946882
287245943924
908940874789
574786655670
226768806840
644100807493
327031763549
841980270162
508397070499
239363716407
224165027445
155760251158
372547571295
978102774682
726506913627
153678125907
390755470127
515053402180
674724271435
875296594680
242034032806
942713509997
542222149787
120695409681
135893137112
159721020003
881791812368
456591810532
348017361645
383462347822
238395199730
753192998532
452647077879
675585162308
686303093225
383339822471
642732920902
563970147427
869143973068
692037461442
518284082325
612973157647
933954739196
147721790047
340017625872
940625767628
559996807130
511234344724
372150259142
654532511490
260355443296
173010990057
377249066406
391050878649
335118338789
553606985184
420064399124
560738353673
586333080152
148284022076
272972520192
107026985891
794014785660
839830619779
669151435620
757611305587
972374182413
324527551128
630261478172
521789951706
794496228747
412459825051
481411431987
844530828071
335151147576
233419488740
355107912804
461193966498
353732828001
776818410457
740992466126
131370503727
898511141174
966289575866
395945654485
810181608474
806179321645
846114736103
615791294354
403588002787
393991277324
450381248494
431889646043
484267706962
214321157185
682006116821
290943847242
607073568125
568439707888
473856135585
386788353382
160641426129
973685631854
766000282264
811811777950
418477523131
143299308742
810546563231
115464943271
272095743498
197384414439
125215209284
428576869419
443520784225
980802047975
143051795472
181677858360
350393466401
667521231567
879875419691
472839131796
110438249878
362207210664
361136024827
289624326800
789858521329
269150565899
190528150714
447482102267
277207193153
883600651989
548893257583
670723199468
933365749442
611312879574
282657152272
182718401651
240552956545
567595337651
293493495898
834523691270
860878413879
950505227122
574613654111
200393401343
645651121255
722022993064
840119812644
161607255193
758137229135
378330706687
797383442234
566956646619
735804922541
773830715334
915072884672
614509732377
575774043110
166222730288
901772321024
736277989287
363961169616
322409912335
503254828221
416794475346
805220725521
546623029926
789132358740
493562723504
383706245391
635433169156
347087665743
467230211896
630514910007
761525791780
542129257237
224494732617
125603846302
356407652345
866052157201
832606584798
358633792454
428693614982
820017338479
735565442154
391940847168
628507743265
590944875179
447882267646
958409013986
172998665433
419657224306
953103191122
671520674211
690048793529
349587829710
201791752982
978425927914
648703539471
132440875342
187800505137
948238686421
802529231380
909110275380
427740822031
450311572336
737695349530
607675027947
931622654993
840915023576
367124934566
113185929103
949822910498
101471307986
774235880844
791245181503
708974700586
878396388346
794488224783
481949399318
710866330754
359093529011
354941138234
507725226924
662852247517
400000243691
798365962093
170386252646
867779169242
470260971506
952472822682
771637633191
599254935692
298621873413
424151872540
132621756495
234316006710
781597560613
875414141693
174849094279
996332792007
880368446890
151110497819
743252727426
209556766177
572822246107
195267472716
574327622514
243436048257
194548391113
254662612154
566665506265
583428944219
835338825726
853834865029
534159309550
390763671163
317521796582
172987111756
843908050314
313854196796
249324253075
489659770098
560204130681
317674674775
582753158557
869227041208
701239897915
185191484951
628196314949
212708803566
973590025736
706952387801
939916246582
977250886006
434851110372
293730059500
420834254409
142729475971
507193860121
435452810243
886580720197
983363340148
539914345726
220706400190
973961517846
282579674741
223041149355
389976106294
469432787757
471648477393
421509334619
232991845681
635992412793
365497334920
859954953514
791502119623
910157804165
462140025122
539829050399
867152580365
497393402105
439673738812
617806585331
784830212905
408479558711
722568322167
505388148017
184919609441
248188481537
607126408993
312328266079
376217439595
129657282682
881884931505
323302052412
578798616133
359021111832
558258349727
117175008806
279886485083
475787383696
137446972893
579919038950
122517776964
375305490108
976600350514
428611385252
124625264564
948475143739
823363075570
846175276209
962467009851
253006282407
220315208466
593153320299
279148606558
711381895140
462351533429
596518221752
518140691393
336120679662
438087205582
188929192526
279004448690
559083008473
176934235835
799619303510
351608536333
600351628890
885280102437
145492077330
471390936295
130301032422
999489703826
869048378800
413857401746
205601816722
297292412702
900822477029
229511922989
261279075549
534474669595
139088238339
302650029706
793122062200
466484331478
187179366197
540113259853
854362582733
695103739136
660932429405
596374602745
820692013326
963891517222
348394231276
940235167445
532780097887
726522924083
823407979366
225417456358
876511827898
563602401339
101539521233
366054939162
516982967417
133809379444
803403789169
398258012231
405011963104
334710543057
158863773562
923652293136
222586238837
119566048976
944060662422
299701398293
494268022611
214522226775
989647892012
654489342180
690297347342
616735936278
724092653471
225504023296
933494331654
566906361242
353119979534
452893183203
356717456567
267078572002
420545668388
730286226248
404364227909
146683537364
791074440629
739905003888
375870741849
650557406668
686621961453
131873190273
857589673288
398683577686
855421331725
192395106259
147824914502
329902473900
395340926250
463716688792
254532933543
990399078769
505529671951
640204029868
267239977431
139911437297
322695323662
713895707882
887815726951
587196608609
260173125230
128584880577
490205906621
390215861836
669957787574
779661835069
257222652595
749398339428
902974225432
959489584541
316358998888
729500942735
724345766098
302767091576
760075609231
305060963180
513013651684
483332372675
797008801400
811992652409
158087906321
940690317269
284641071291
737314822254
246920131378
560191344412
345404235848
378936002034
292713374719
452456437333
528882141104
646584117496
800037419490
883215244803
723296723690
864426902913
793684091168
449408538970
986764315298
186395450859
820700673258
911414535289
578789757542
744188442754
206718285021
292199533973
453666008912
717038161132
859188767677
873297404316
586295555543
834947445762
100148172101
456312546201
252020262887
414775427988
970124331095
409920462382
116998957680
284897989713
156393582210
221014151054
217772354306
325675244528
597835000745
713259099998
130709349119
952892899699
449619981069
799787456278
896813965772
121541442612
442368821269
954311396697
523499297706
756415263430
331922386891
984690769672
135766104406
558991464628
376810651188
655233091205
873865656352
813252022583
482056820938
815903014196
372820905119
998495013417
616706389948
422807290215
731018953127
901435239019
977849761977
503328679502
682257146308
925008815761
943357767136
585169269136
227149868555
522886621172
261187650510
374892870250
526769878795
167187278941
978646427145
740972425053
462600474090
919168809141
817650110976
921715639475
501707718028
920615272696
582737736526
300091250419
584176186621
355800248193
404581341535
607259718700
975095388724
545048497230
145016678026
631931225577
976927933725
837154361645
181559756967
774720834026
436257406446
417413262534
805441502922
239808686897
405173881992
476914443498
295568227320
934003910177
594940840710
300768587794
828747950062
498783257402
842598396393
623545478808
598245210745
746682651109
246612494224
751178872188
543652190047
683149556666
323045711601
976198213269
934860992704
504735778312
187690997222
377895193025
526905391063
285019252806
239527679103
880649092181
903279740717
174802818324
202400813848
792601061466
382920037069
696809020156
746509807858
477155877939
298792293402
509950835706
773998371714
293689602955
541856613802
902948793985
921520419765
480285158370
325712890943
695851758691
960741626738
320547346803
127550978306
409176777193
520323067106
291833186315
384693208329
408920457256
512489105801
538515555655
680383812705
634638615175
530711496647
288029868494
644313796911
466618530254
123246680756
395803555507
176120215291
665988348750
710170314449
260125597025
870852566780
210923904604
227356461244
617999579246
525407778908
386231936121
128109832571
913181671503
982790756870
844995522536
483533756801
228481289886
949830873013
107082354750
922164788843
597750624232
165880688492
619062303565
243481823028
223335093589
386508831349
473091819049
301586418552
867935519563
351270809838
627505769210
799604587126
611635994461
201147694285
886808600258
744805342368
946487422458
360114306025
449879201217
293852373536
499213049245
892115453597
608734783562
312526913340
959519677210
426154541328
547870052495
514066742747
353365310241
996112332112
899874856524
473277843002
919262905073
628970275176
247540239347
989418400349
554267014804
825776915516
124431664627
692640072770
864435845896
458505188268
952893909953
262992320274
987274159867
773843014054
841407510864
517419815561
764934399445
665179023039
791468918620
575215452356
214142653281
803170227890
858036139285
270121200347
595349075249
444463611995
922127615018
937545082793
781250363871
413889055598
301282795125
321992928271
863495819406
200085606710
882026959273
539795783494
275809239024
837860712283
473735297782
628727793265
939299026515
865624798963
736435843011
347164568733
910524867036
993813703633
323043596273
907544446403
674185011804
360235268850
445172100445
394928974462
592434094756
703144733239
497011195466
733039811959
239065392909
763852496105
960704935321
415364969882
401000599409
247648000484
819427111374
891430667381
682737789126
746166727952
217249226164
363792824745
426587461158
970248129054
984567252018
360193329089
953554191076
321703867019
905961782387
513583073180
464145812162
190041135522
359703203056
956026079058
404237137472
654234650295
545848390920
423292320334
312239266800
659228626516
767275146209
381445981033
455098976793
628889141164
607859485766
780806972211
136615022876
148113706219
602483399979
217897762204
712794743378
210275575866
869422651454
797126788487
192047099565
110456065044
243872695318
370186597672
627401708318
675062005336
409680022041
752901371841
698597247719
447898491788
598238327785
503496741837
418773110755
269217873650
631467680770
531170359801
613201479813
702560046129
666068813103
493856653533
162572238443
540711696546
889139506822
609665924208
794541745847
557342672126
171427496784
610425461545
483848824178
847089437573
853394531565
995845955434
176740870225
881631984431
658880249065
422239789175
355426345307
854792017279
301021671763
895110037462
988172242514
344430178411
513200823880
290283836148
337282988956
554437702350
953793144566
423575389909
326594667654
579024719968
948763672580
554230361906
523733719089
139006208425
927180631823
152349369624
937718994830
709359635353
521415379340
363146565117
799123423351
664989513526
657552895295
603255984612
145448705213
146759282654
593057498862
681873907207
631273507557
507743241392
974051201435
688019601812
460644617412
166122979032
232703646185
327964957220
578857307270
852615928564
883589675148
320035850610
276860693645
729742838330
431921461104
759386590209
744356726351
166024229782
800108480290
402783933382
749030444377
880394250117
322421382799
499430388357
907666095842
574782924879
969718373204
113771552412
207459517587
104319900724
200329823503
674700694105
947935121061
565357822450
213647195117
806434042223
324362606463
850567482319
477036138741
323892945532
506740963917
865159876421
374887005408
769374423414
549072208772
839963943104
901820916636
325116653230
786118690492
607934962006
583854001267
104521510905
846380317962
153043953299
741118486323
641435163360
613845893903
841881799442
324536759490
219167564041
953670456485
468340733946
150900002633
502527729305
120188811176
636375727592
914101010647
483057503982
172638833798
977894330729
121751094736
848929118744
927071205422
159083456824
882269165559
956763024277
196712915278
242586755179
704119130648
475562386322
943290587870
893720422223
199419236541
356668439505
886936289172
724461067136
591953224183
732664675221
483977329699
626021084034
390611027021
618996752011
723625694668
339740118597
634020853894
523764677660
169363045253
229732026287
861674452288
568030942781
580221702250
253337261160
979661862903
640314094608
745980447639
368286761691
874924636173
773831595782
369270246516
593971900327
839034285252
882233170433
985210931441
745814092733
698333578598
500676281381
921203296262
877858581072
832435739764
786044624821
877796337749
431412028283
144020797938
968218345340
441975339730
964190479727
298459977178
588344755929
272928343026
608028311972
296722486520
993291367654
377499147808
228159804849
401577291447
303716889179
247994032887
279352729943
927006895366
381009556699
577669504976
916362792999
451795732199
134660081996
252280327692
181712852550
567435733751
309135039453
482929833616
268720066539
983395670090
908235100134
858981154751
784620859855
652880926452
701575094059
873317862243
888481082230
488684911979
366651129342
741834365198
545052561468
300665923727
857653604028
459295613301
687694871245
884436115321
656726431164
121818404602
844360129200
659307865581
219000293380
380612859620
658716129595
188506955459
577619174790
981552271743
348158921827
827052819538
336383987295
368828429901
242806639990
693965691860
418419421968
268010929434
538805616097
881933872524
571703538414
613338067237
235258139367
225265852813
747400241006
974579817235
557762845986
319468977630
781272893871
474219084733
511628100392
936518654477
465546866505
712781280724
500512982701
854653495676
101658686635
617980539670
148179789310
712525123211
700695199586
450724002688
371707584290
384930660529
505485164027
991326421439
933903842955
304403175217
945843936743
363622597430
361962807805
556557214223
818707933205
989011397766
995847808777
172396235752
309105085734
840425495089
966615385742
160236851646
456804260078
161778477204
848094813969
787878851981
978283083824
635603036791
306736909908
524234264637
492655010703
845365524146
865228221270
558951507707
357143460720
732764804108
618489808982
711591615541
119728077467
189886247876
963189503552
283306907441
284469112749
404673912490
476112831524
401334387053
749271716453
930446056743
620895145024
591382058645
251238511026
886552732399
228204732666
515009846110
865543315368
363295749205
290924644028
769671868133
169558951701
467317092906
692174546293
221537552989
772835485973
359048736845
431947857188
828756536745
842073143095
934771702732
919068622724
544437371807
606121051727
661119442267
865805659388
102757259953
314545219418
813932034985
902309447449
487163173209
900120090343
353632958746
214642020536
866596892633
894992036363
917171537534
153894686592
239369765491
248193312260
151961550440
825305274317
166659418296
861504100111
114738763934
672991422067
878067175487
178889615977
516081918579
232051418597
210146021701
497550194986
792131102796
912673275631
637940651785
765035165403
199972584261
909561994639
622104555248
410507875318
239833434119
803035020669
457012580920
650215919734
734294121675
644729682618
459930125860
925976320367
453577899973
215254318922
883525105519
921855453727
114194484003
643812447679
643780450016
622309490984
238653284024
431382600553
952093815765
135509794205
341451323067
157119166381
165035534265
247742265067
158158253930
810053909651
931788981686
243429607410
844791389534
356543767452
488060150908
257859795975
793576792343
214372324474
211367715638
638479436397
109689796173
785227417992
370067041999
938031053537
533611927458
539823287903
956392857335
291033677427
190408321187
746269545604
277892389859
215946223507
915285208857
143825205295
172191602014
971979183827
743533457669
599321391728
544529934802
209619612917
885602704666
267618891786
159593514347
507240969290
176581656046
421398284666
767390150074
116432320204
597235028419
648303687778
468533399163
183678812632
475683198855
437199080058
899533612828
952696211382
413554094068
458628823612
936350192383
226492057769
799405089400
503202925064
648734957486
486068511867
993536492410
947896990124
214234919406
397399058264
614452818403
769556095391
230328580007
944945973497
677648954759
542998901124
569843704476
365640364993
663573448077
481182850621
801524857728
627475766608
791684664252
871792906184
405744768411
820235513464
230999639086
559940133971
361852501144
926145229406
878324771202
251151515255
801742353370
412825040699
557250644373
868061079776
278593647192
528586809283
513470840718
466930134939
253784229593
196341343277
248461954022
202124699370
305978484782
673494854175
662706164699
746890422642
537913311108
396522720599
224760662219
839985187477
230251258200
248050922764
778940341608
902111766945
900454079952
822819110360
732429480668
436935586668
743768360009
491866020156
402840828969
744434844901
153918350647
474624879804
763125989159
168843554757
229985016355
318737525224
164995517494
581869061887
459115589674
845627295770
198163227260
447761868161
309833935305
586461312497
171541005419
332926866181
222538985918
507205246288
862846807602
830421025006
266330408276
375339524745
742672942695
148311888228
161593347298
254907279156
837850941211
767445233749
478107872703
899392470982
187380473536
182132175900
984837485934
399959543604
464436031274
560854404864
490715373819
102715414235
536375277759
398590646830
691477867701
808361158721
134216802908
638819021848
485970741018
946483955218
462973011726
597175052612
540442173467
416544883334
426530113102
433343213871
848384409007
294443325194
204387859218
593120128515
538730226929
957280304594
636305045302
292030978785
107226888074
253061544095
650648584729
821332264336
385930075725
876632992628
777250116668
498683016748
508527571199
398308987979
921701317152
418926293737
604648070520
503495146069
609855093543
690590730221
174411231348
815435502247
496628694803
837832656105
660779218546
875211011982
754201174372
141849641864
604288974448
688874185283
112988476585
622773329409
568737091030
666748947639
625045523585
644593444186
691103748534
508623703580
443269187932
234247010712
432983094128
824974874077
427835895885
136585948688
143980427887
693646578212
808865713881
124409434195
118825627004
576592091359
937945922383
619749050246
827450797509
119970349136
971431750116
504518236364
768878874318
893646281456
437876220691
947908235760
650243114540
663285453680
107986963953
546995175102
349095751290
236060566650
471023039089
556713415317
724376501857
727045250159
974747733958
269816014308
190188612993
128286358532
652579067990
413634382436
315485811576
894765682440
420973996890
532142796870
235106871113
923600141733
865386814767
612968390653
189914492641
727177415359
136634863816
729220616925
636845911172
726546900344
814443240198
616640270960
271041908088
609857640760
877962614480
251551620669
584428154165
806411731070
348151932282
745012940596
875074466285
674236220364
685480097985
970190579697
525948354305
494152859021
257269517488
234936349210
259238624917
617161678544
472623740717
487242623664
480857985913
833259702478
169059591699
405164792302
908146536828
624130092641
752631065914
942653213506
508788052766
373945051717
757170637694
682681677807
871868998599
566205538088
119018006941
932621813839
319148849148
144013157962
923701295414
206330904585
404506532815
503283361038
426804468146
465552405326
301678616727
687358592958
115193160831
350295029977
579058281683
131104634437
179497034795
404498926303
613392240584
606439788043
949500362035
298574942199
108928552851
627347944933
884019715618
578474365032
828225582908
680417458622
706356250138
890227674630
995113509117
429564109735
274900249087
455808141820
465168611877
476337664194
725904974138
201617558287
318789259802
716012196371
126566245579
756356277155
912394574195
409735584105
452764626089
196485333025
118957432411
861707534380
665397026011
376858075885
171253462197
361058213539
245515457257
128862324926
690354623997
678522057469
623937728587
691128770793
844484516450
377670520424
648622996104
558597532090
511561446137
292205852616
911173001382
108608388195
249301919738
944350856706
140594320753
426710960340
786670800213
668218793396
735297454872
888680935424
498462665793
968094121095
594973833080
733661657976
283856108684
561380260827
560574290540
593370763315
832426065543
562790235874
682134545418
347850604791
583042217515
249422547805
287935803227
795496260632
334997264629
181145203230
149059876794
675312416724
991914681951
241226861060
520987058367
248840498215
507574850421
664643772975
738129370336
516382832483
143801204777
281986113716
673942518751
644555777986
373583115428
197969911411
399281808151
754266583949
157908754340
634426244576
150745986955
531162150810
590791899074
153243704930
202522833985
717273469465
144303364351
944948690084
263962368575
607491639354
258520289709
231908847793
273126012526
897489351961
747150870684
173478780870
446026741239
471648232821
187441675681
972841067601
697150833423
410554633111
990978452290
335990455473
295863542421
958379513753
553145249479
632818655228
614212136197
449705021166
148878173206
101365585458
111801994429
606089772152
491927156029
200889583273
132516544700
197160962872
152564877032
490180542002
848951466960
543401032686
624643756373
307095594222
636037440697
296627701289
445770425441
103678566576
719618435011
122400009492
207715206883
706595957503
877073231869
984667154852
100868716784
159791483748
438189163351
387052089614
251354020483
219012225118
513586451514
143562478770
199156989268
456350257881
791503340835
411275286839
371004932628
559031875455
388920943270
773018702925
553726356517
120269668683
673633816319
349925370530
149654525889
821905231978
304076438530
657491281577
290278356819
189483499289
645153887190
604163804440
371312751948
326361125667
838026634849
129572362210
719161581370
277229398183
593653820850
758007175712
165747804186
964122533536
724732332371
741711435892
908754560522
238355585024
666744391414
711070106657
372704892674
285950804133
270156598858
668863747795
343329244297
163330054722
533943462982
217506746456
392636852046
451330343684
588723134573
844175261206
232561371361
161131407234
773482166408
605840481133
733872412457
743226311773
687406201013
888966940007
932133509141
357461470556
916962942227
468279925688
793656694785
926902816208
698720323098
763339806631
545032620774
939610634962
566016175135
797224642326
734899659335
541771373962
948929872167
567495515476
333727867182
603518384391
398391415921
500892335749
793181283929
814706828982
593608730063
805831968194
832584160346
767169545442
144831051707
479077310775
651909241499
968982733870
234596038031
575602822309
675519591412
831335658674
103536966139
985286875351
557059911389
589232747249
420935336566
369614247141
885927868650
975877192793
669868165847
704945957946
968753874839
868109190436
973872102512
578139339005
182897794283
359146471988
444220807060
767734435611
918695215405
715936677456
420078886690
831737891991
332942198756
680805803389
822456012349
390625407414
143533231034
490062412765
587323827874
936549500569
727868404184
830157700839
654266643886
532748489263
506230514288
814574809068
480773471990
298899092071
743494680864
585827604286
394422745711
926638269615
409926528288
161529425351
379916477351
968851207294
854161608287
260732271163
931477169608
474638104290
113828529235
240728739769
444452498093
263566374894
606705697677
210688232900
668084714693
916893382784
799562934932
213673930413
608079170347
208386380515
135784133641
933048240939
212334801425
920182240791
760289758718
273144582199
199682626942
187100485824
564408996861
814644765798
708460265912
854097778723
207463722482
261726862880
401992432745
751119168914
685267455974
924937957499
746859743003
736106474556
786444705960
649136902510
778390261149
454202570360
273465709231
210663251213
678446733651
274724928442
781456944331
427288240332
422297340538
613593944812
197094046532
442683844183
803055138286
608589939029
135361004381
176549370286
126855041286
141576467573
598710809125
199438081300
703921551141
915044849889
107339445082
837170930773
412928765975
382787042170
141342800466
551820165459
145411459095
350706825244
608074822249
141481536413
184066259942
578215273856
388591366216
446253217712
663665522254
855847033874
302910546700
135983360510
483043063772
785292385815
976233367610
263574564525
151456580381
205894313588
863166458817
118451496256
365013014979
153945545252
503968722591
828809478828
735637014133
959311569034
557541289129
214431322222
513834531173
294612417627
903361114876
687208080453
377291919018
123317818379
939345168409
219931292135
514924164120
104667357488
821397637305
597003815287
808667096659
469414875783
435697417846
631658936935
335197985964
504111434699
639974402271
471260598138
544953161344
720849911711
126937036478
962411883121
211234467829
395197619915
685155204235
897935390193
890674709223
286346104199
220139672521
600468329023
699893573737
946202764220
604363950899
648278199908
938742591195
282728133714
224499420718
266354290870
446700043255
447591586250
641209636817
213567784410
400011506150
149504354260
940461867183
610138039093
203760334165
786168388573
353387078595
883689724041
560702887212
812016794905
989782868379
355725449738
647918861408
310325136306
870434461814
498300177503
207152120202
721185320200
260256366782
486481393131
815576616311
950338385887
688087321867
161998004323
618153695789
665328539132
477186892479
672171428128
452984251411
732863485288
395280150634
400353910123
600454736101
101884125043
359337251651
697721460495
168931860919
540269331736
675553900127
684514750481
696999929993
807184515325
462945797026
390736544411
600546746559
188615505695
875126363805
655297172587
375142161127
845587209421
685313134825
983879817553
403301678915
805223170780
210139248335
606651694801
272650768791
545799438725
877151435550
856340697908
564207670596
333716538871
804130817179
907108900757
191675810809
462250412863
144317665516
748407093007
548103158420
738549240493
885268113008
960077577305
501480833169
712925391380
336441325052
791999688528
682016602137
588864863912
244296160671
439990923118
548755611764
288024780359
605530995954
653060973070
230564210606
736844478099
260720014626
383169982070
644005677266
624026376079
235797382427
133400993471
293844353030
248643950307
336542902202
429652947109
341233990934
912755430724
486565681403
219990282914
760101550605
648095640932
818939390376
728310752865
396947991010
153679507772
293464886580
821815794063
239499867880
193461822265
309257497418
861161359977
480378986999
138034574133
532159733738
228752318792
106390186143
836671411036
547917291969
605913665024
436121994861
733079155321
368350558988
783312900949
882798753485
286626781573
212141663213
772121066369
316976890194
476713746082
336415362177
845619391131
629429227988
895587659071
598329685393
228192304131
477467061784
917401476032
774696643904
312974454518
246826541383
952660263607
955930945326
849743149183
163668595261
206862082344
997773679509
721059226954
256190024785
177265786727
164846669126
798844866243
881299410792
989569653560
320520391012
156830453472
450587287950
214281470488
363127200933
603892534125
515202285630
564464687511
413745828178
268639430390
324838746244
503271172719
494130999012
991963562082
598923541237
885405739858
277724722784
918967764368
358978063552
659380938202
697017111060
816547479065
390491227793
964121554805
618943011118
328923853912
654195710037
873250041728
889262519135
464558280134
378582269860
695718229306
963340731458
120255924031
386103459575
834757326582
391752110435
673441864729
620376661648
969526514053
138686768105
785047798524
954828136497
364827557049
754327911100
975034422983
231467087467
515646268887
286525350057
171868490794
134691237145
908654355125
679927154667
731289572295
423985430997
503170744194
651419923194
437065858907
209172474377
330526355491
939758521588
902520007384
143263270922
692768145451
298306785554
692713568050
335898932069
252840848390
576847111374
803161156073
344478960441
551533806761
366232896479
460244903911
344730695969
521785164157
822539280399
757624969353
126266882874
131671588504
927658479101
355659411398
252805667409
689910469909
307281805944
522740449229
474111077465
823960948299
617047672385
610792732958
745659349637
601342352687
483906916095
614102528014
766813609904
652541374853
147171778594
603188290347
366638533268
968849141052
138990619629
778549835958
166765554036
300902286390
542730214228
895769312881
916118826700
884176906753
300005490723
135717722716
648314303283
576058456838
612546815533
709868153043
820086010115
100987761515
469678478824
919902356308
323874270050
511711160301
687819073134
292620703528
692252865076
973520766832
384582374506
406670013059
670926832025
710790178322
921531036518
126898515505
460966406980
192251260605
192785450320
625954984015
335070463836
708433016136
208071717709
853261793520
467189678777
612897629457
977937508781
330952424349
947564608235
781363514848
633399383603
871139382241
426321836174
878825346510
931371514373
185821638123
728688487206
515588762185
871258593920
128066062416
706439720946
560429026626
975305797730
527962902716
411229127869
553233227475
584805763758
313588646679
574675848810
294504505092
820800979978
779596377533
430347001185
240432344034
527836901141
341505495518
918746950800
981676264495
547032115086
675752664392
856196959605
495512071793
556545228467
511537433049
108885200536
418905815506
631642035165
900196870898
993524199454
427389827582
703644892577
275957992523
411751075363
505857891436
536412688975
330137958838
567447889692
271645686586
200768032429
904873078724
358241658217
690471513067
212188139014
359052732425
820411933715
987933906273
956843915396
139276385430
172741421320
978387736484
508435994353
354568399393
597414524932
808675834707
569919701631
205609742646
442381806763
496868142179
493961004256
371488220291
834418000018
739103559614
602577339325
700215526943
208443973051
146943422092
394649605107
398098772287
347467582009
413505903772
237080564157
942472612702
190016094742
238743232948
164652752579
714883017185
521310475872
646139782261
648826870666
493078197404
157139911641
898235478039
147343402107
608923706748
188718347942
998497989154
886740092261
245797501577
646837314627
855293398406
658998652066
757169971708
749191462187
885229765404
227731151366
307714740109
797131461676
423003347506
588214926788
876794884706
676019319138
911184782048
886685202271
651986083611
964112716135
874352422694
592350462274
971113110852
903488524178
881769954940
825708660308
531105166541
909616316762
793595898121
570718442362
770718781333
934937853337
134077694368
293140532654
141949578675
648756961106
373336466147
828845032607
491195759373
141399334545
242533710442
860765161739
886766709705
589130188217
979091401255
832124671789
255323287140
219531964399
742498286145
341236686290
640554606071
311200855507
408680936309
841623262784
554279264369
981127941750
749979568028
268381991045
617198474125
391602325502
504218252788
418258084927
940593852165
887456355891
123285627356
987332159388
424326863392
668506378937
927283623416
339461299569
281694996470
173660993731
293757460936
282921632386
855007741091
133002443538
298718370496
319351967686
193494038536
695592437780
272785970015
682719210355
278548047550
499783900069
348874155269
956198826655
586814980553
108665324549
855563646888
854530440618
269483578418
583489228187
397028144465
194537704012
333501795516
496337449086
304529657057
426228831200
990193670548
111196318809
219201148422
629521917153
808798657211
792751635376
896952193013
533036240514
404052132305
871511364128
204901721221
346986146677
652444737572
631578178926
937484607401
577319284533
737716412823
353419410321
171311153030
334407726775
706126751036
956375956125
853465676763
828709186782
355731978291
345581334760
113335041184
574160032428
642737727870
364738537618
712382797379
401665050971
480619867920
272880568673
372099479107
223107867976
295011006770
984289710041
846832464257
647055624605
444793833436
985468538250
808195673472
658836524199
989719712635
272273898536
210724607791
353236387768
432139763291
196702237081
488537096974
339170501077
814930478162
288774092211
484414827731
796280947933
816926687411
359004685270
823294694771
370075874283
413807900757
661823108577
544734581636
460513652300
822562541189
931356284970
970434468416
830609670837
943363730850
825974309348
720558207446
771593276519
911301834646
228964210339
354628238119
976760333842
865804530163
181735547161
871223218630
852024361030
155258441581
738163133918
330966566510
761097882219
413553692446
480261694274
560476528864
471457935393
191582038169
180950045395
137866055592
696271834325
208399948460
168940797790
903752764927
249123020298
215788813562
679715591581
788671152010
247478201716
441435267971
648078714908
187770598784
588385286767
470241570884
321009336629
381700434733
645562094807
851030380340
469473338949
266973312913
590704863897
467788421331
155740669671
684311900630
406645269981
431507158846
305897794991
512362266824
375857676580
673369171484
840119885720
655605344355
733370254614
433869750892
995006560129
105631643556
129240751794
399375321704
612473233190
701573668511
551123032512
262367436983
892720626784
441928091199
321267909755
953348353731
972407439626
293280564212
916778923302
106649098161
693739898682
191329849737
751754596424
270700684357
442348017098
399422380722
687451536005
959988592093
531466447422
244636782977
526915015609
884895714088
863525221184
821758057612
506842795031
558100301389
131298926953
151639482738
397329285058
737098363030
395823092876
407364252556
197977949442
735750543968
366771992468
352812324940
886117489711
593666216156
922847835677
790050243242
845697208326
572906262312
604348142310
915223733010
728328410935
611312982713
549554559309
506885030870
197338558341
788698383802
565666422594
349755166160
480772181397
341575901376
509548537887
964643954143
639963190081
223010895021
504000983527
875560251540
597946614592
410343706424
142759798438
900398797636
451087623476
633482352438
615249730206
586938190105
132682081715
338068403775
270322524263
358739664932
100981253953
687381080049
811284364736
860173609394
545736293833
319481547394
327266557701
431652466124
298689921402
617573501587
937544189889
334325735924
286032838489
468050463490
188760749774
247289859972
142963447549
584130839561
679568624474
347310796088
133018607605
726489695374
341667626083
556892453310
308243432247
382008968323
214338769280
809504528018
736344225542
155232989290
698517151186
653713034956
182054216744
869803648306
661460701061
773292055004
686392965877
373411295695
875215652124
186951507810
125467218814
237239480823
600157278160
195170283518
607967771376
431684938635
548588800412
767234709024
147539714626
572449742370
914942650655
282624586463
551358787538
416534750982
715360977619
285457728518
617219018664
705793284472
767336954096
481324031271
126568491138
874812693753
556253444254
191167581111
737773438712
286363291990
571805275046
344714997896
191188996388
599143620588
464313653435
982049970719
870114399720
736926743788
547238415705
891633401094
364420246026
374220721533
458265465818
817218890972
142666450724
369785406302
145660352244
904779749519
456054888143
143885068978
711199520459
296681376596
879104870599
522655211547
799893667507
200711633191
536955679790
709530432925
290789884207
987965110374
359860315308
438030944298
988523537825
528868991055
546876929669
164021767738
872595366800
729038417879
819355638649
291117034248
406545191038
290189347663
655815852723
251193583847
825748038441
778727165427
828158592623
981269924833
603507779391
900499482394
110216245474
542649785987
571055053968
692101917133
491691310164
344330843849
493338640187
227027905989
692302988101
163027679053
488095879800
848246916067
834953985150
852543678890
908076499864
490883673998
658073139725
486617135421
837262180775
591909784937
124994660310
604730721562
237523707548
963759526792
942384189362
513079197623
558494483427
224247466625
596525088589
808489902621
541985056393
688134982020
356074324389
446393696124
655539148748
723695019031
487519137637
738525030731
360712602086
383786671927
892448432473
993920985294
550869344150
245104804468
408039194786
874895732290
163999136623
232874047970
100795843632
747670121699
668919077556
416067224004
316821657947
261613848125
111900396496
160106774492
335387560943
491050602004
731548580208
580317253082
340674178385
931749278715
122496628211
133850287814
817127926945
942165645968
235096218464
218538373584
159436993694
407921128080
471094103762
346797344258
767252273581
696289451889
965017509656
496961042032
834855306380
997489407298
391210907068
205665910066
714571453425
144346397704
411762724813
702126893292
127994748925
686811731292
835192289986
852842037988
502137569950
693837560597
475297227308
496841330573
276047365978
668200107637
833635652036
348147739870
890000003794
206057327085
510306413938
549188839082
427492619444
523901851006
933441563849
146846602462
524048891740
847588045810
504734276216
487245582697
208494420382
375752555658
480124685032
485216205994
172075568090
709434610146
666511224456
199090517926
147786357609
984019851562
486930185363
823028178965
107439399835
103985735190
671772651317
325620896651
934665446265
254853362500
114194148613
768949915060
582917115715
497582613911
702000488292
427307830092
697084888553
305353365288
767524180576
936106395066
251872918315
202271926502
587006055546
351753209967
924168088984
307697682584
644266026055
309404586831
353706577543
609773159949
178525450701
853680036983
650216983284
252994981538
801673040774
659348629088
483979522781
718387801766
386807946940
904454909960
962401751063
490097605707
480539411358
969679587570
850546583784
404631296985
656719450361
386684914849
135088149373
251059943799
381889571168
412372552932
237286549315
747004764063
312251690502
734017838986
209008987080
471163445672
740727677779
487524388221
985407036259
631937342848
659238280877
613783751398
322775044355
306975806400
138749264833
561854252095
368542724855
642278126326
791231761409
207035013828
363198505404
541059748249
437031030438
319644583327
891632337831
458121663639
889103921527
106132010359
205127360245
452355146278
260056637099
424743004111
492024259564
662685145082
495983420510
460543166763
659326599411
864908552488
766089135351
265251283399
689970223609
917377442219
954233457501
671863173470
447937431740
460302601342
224037196372
588312970126
912606555366
882302506616
987382824141
544199246939
273725740512
771858961516
809397205314
105916219988
479595617135
430111239879
145544917713
172146503258
799633134187
239876292592
339112833764
704354765908
691139634607
227615510715
316302310225
660482597603
885859467497
164738910908
999032804253
861877937875
406616377511
834312923930
653126634466
705565030192
915241507586
469101841997
745611325129
157071410842
739871482176
296852742033
751437995636
218038160686
325424419492
628571821818
834621304959
104802500214
150199718906
473971865388
489963326184
575097732404
596404994242
370590304018
783702291724
847660128914
979518082389
977605609383
626406146323
353415509604
929056352565
697505819089
425715921044
292397895807
442719385621
706830596783
833747679375
266370112085
747778600657
140430335306
965191939056
539793802106
805059558318
941699701777
952626261724
556987649164
796186926724
793681367538
557737024087
346135769417
520973237368
908159085808
410965499226
695516447932
573250917102
577370041314
129249003465
296399409870
509082748602
132184073266
664565246949
140899211261
491547389557
415585780515
493316733735
779818919815
688379514573
710193864339
691101590061
258392273711
606763396863
393905353174
153671433633
866335901484
760768448701
971485094520
984065880626
752089072941
161586265092
679965640434
295886770629
398811581844
634088323275
138682386839
914914370990
842642158555
274772124296
886584707745
325858820361
583136257792
647887430721
999721942722
155430922977
438728709062
541489889505
935226834454
217696440845
384762797645
535690642417
712571294252
822809020439
779820785594
810887070803
431931191285
667062607196
265350705012
334436386890
220294653256
244677501665
216476608508
778333147618
922405237841
528047126940
581616190786
410701060371
224190901268
723716063999
116977026743
890372528640
862379037060
692104947796
341259171152
672879999248
243712070077
505111336176
550946594058
377352981648
601984607930
806974572873
869838310334
437875802907
526728662197
330272473420
137682183914
229148757321
720417738276
646567790960
743519314419
925975227565
686409707965
411367973447
492004066678
810376191229
121607017561
816020505015
385096629645
539970234401
652420890304
729339684238
739660093289
543455972770
281263969705
576227823435
703045530481
859131264832
272873395019
899929381076
188827264146
191843352278
920246442712
142626886851
203538859766
831095742732
174289471911
208957278846
588617651712
458365514599
208050996614
426385677440
438946586201
810457249593
725365266241
879650425573
735439975589
108898334993
227320927355
463822035435
899503047504
356117286875
351509004077
473893919860
789698409721
409225740361
294024638433
605500381903
486347956573
615954729081
516136967750
115866022375
728301009523
454338571862
848000048817
292760916378
840505509844
931498792539
705480475614
100641471066
261785426494
629152502337
119968583762
851587846467
566269631113
824297320649
895412595541
772005521970
199706679180
775330518357
146063320950
193557149811
750707885885
802130213599
108974668467
732707206649
355938744305
145927560133
215320320082
872280010704
105635986467
632107446328
970527093725
534445205630
924556414736
820318119256
513495889877
161223488048
361646295699
483583671014
416298484030
914244020815
631908278576
232545830536
988797815642
857753032965
341652319337
754719861805
463911163218
472146742651
449180063353
449936894922
188598441551
132487226067
939926000923
848433284194
171696220112
147507802625
265341490070
742517852834
355586650406
232745500274
399531678094
348010180305
702172319371
374155393328
228006012213
571602439386
754679497424
342335457537
794393149037
632089099904
600679375481
103681992472
418218969885
832562115242
121233935862
447404102685
791017773674
944741198499
179454287611
799116341864
507098153545
228484158449
392315476131
497395486068
269435102808
279159926931
570619635558
518730518585
110185685593
124898946815
219158352804
571923370831
947669312049
605926966533
519653142804
686477864990
995709506944
261330315529
912890037361
233472647146
286260635579
792154228450
482866173032
353988002687
610862750970
448485982045
741589779896
697010137430
191684210600
645676987556
441677076650
995532360172
484481407986
981899252594
211116002763
514953615603
727441781358
860614698779
875291608810
404179501505
159491982467
586768564745
246138273329
369563794706
605373630668
941633026826
474863754721
924272262121
601643168550
536259042347
296784533102
783777346495
270253797477
252126083917
810296332464
806949834390
543927609045
656926831067
721870918929
659961914596
105520068959
283565094781
596248714150
358015486483
242368394742
786593997262
276849791784
779127177291
431110673680
749782838577
523790186132
243652825946
438490826200
339038250047
850070194485
493101433240
946380905932
917479230713
245803006193
810118647688
267191780796
804015250578
645697023175
309082518984
752781376993
866281265110
821937105690
816162605121
607771027280
354809564124
708968960309
905603823949
395221698060
508800876875
395271641504
465280535308
311995742734
553454323349
552518787055
512693026651
207444610069
675424227715
711781578588
656830052038
248413508320
787001300796
130041852080
514396553121
245179280863
980152731008
845124564605
169566226503
585150654722
541373465899
157160511409
611204691607
532180193605
620428977761
395155676298
713364097765
514490351566
374390648405
870108037611
618500559114
910766994765
782843072911
817401947353
320976472086
704341987971
137684191635
708875673124
485162252549
875081981957
805018987667
725265960852
868960408020
277662658891
305136143760
801123210357
695171192049
756688324980
881895103762
170951159515
721007214810
163019765826
739478273424
707492421328
149547017805
784176175495
788895800779
839186343614
464456711295
828726061173
646968960512
509441114355
704104254204
755007222334
819966439008
456649496682
364858401328
954416489333
924306957627
306403548783
879469457362
616761384042
457534653703
443472412632
835713754376
760288414649
850535561931
246155765371
281471476893
662041557219
605364151444
413400161615
762695823381
837197880340
913064993228
799733348558
772514530547
135321299866
136777293267
853580522494
975322730221
962628101913
793778730414
947859374089
674923489978
735863993437
630262246715
817387706463
967098982591
130851479407
167356841874
552624392000
634284108112
456613036082
848213219238
108084775607
651417462364
113845247067
696582902183
573958449952
139781145666
411707172550
510528010288
548940395022
828066604937
481619528334
175132277048
968506811487
473187699288
615081504754
409595575392
941773451845
251644681351
588865894040
823167585138
743022538593
798724960854
725130009597
896000449108
512688846353
342354080407
306860120325
272909852685
291470782073
187611834102
961750373779
320538606102
948723810489
245936632488
608355559737
135598216215
196235708366
192586003970
653504212702
842226778080
280137138567
833308161581
500113180007
922449772210
524325727874
782470907603
564067859267
309009481254
511352735075
904535720981
419062842471
240889908615
235491709933
500462460765
809941493161
455795319759
752483759047
722324146232
284149253576
517288888449
686991090343
542410277370
859742896416
307259654492
274826497158
805922271229
627066396907
823229020038
372335036948
994233976109
986297542979
625176938578
372088882312
674820390836
325965691135
985217736849
107655453437
595795492542
636582940711
866627475855
570619130267
479471995791
217378104359
532097773366
620555727216
189820474176
217221412076
492658144177
292581709270
316376186683
543844590897
122106010835
977214996965
295829873767
437984167371
518321097833
456434706966
396647502356
623048828270
374317476309
985231536672
657817227207
866377251761
969788064580
521170935372
538112004269
759870376747
512727618080
824665401755
483702921090
330814110432
792869295011
175725969117
978009949535
336408556987
482727042200
418023907317
371187164491
893080128933
571043665714
401261910886
813742486630
230746501157
268980044236
659177753828
180459260233
683987078845
172206675481
310956598207
746370353895
676463605611
291221075272
844933048599
431075205836
480913414681
626269247664
168595950297
586832686167
520315959994
295050337380
349211111867
713829846793
561653532154
852925332425
110994170029
906387650563
140624907825
139807592179
711074169791
969696191473
280868902756
543199003935
688767958189
386943137716
723635832919
453992771262
845436203593
468996510976
450413473434
614295540982
629387101629
258773229147
145431872721
291482844062
361046737308
665326637588
199900549337
859860406361
478424546527
952671972624
504202281328
326631840830
594196119476
263730844730
362243665228
805584227650
635565652427
526750164167
509942358887
175469676653
883467184494
398490653355
599888096155
399947838786
315111546197
246803444445
485066781329
753874751460
742132507676
353131363626
177755930106
206388124445
392540708496
215350796762
807158186052
101850435510
448791737646
413189379124
138713712045
681509886570
517011421207
896075515835
203206744566
482730411576
807654669655
393236741602
660245291292
318131041848
364855265407
609038608347
627400595554
259419217322
564641784605
623008182569
467053609241
311223613261
652021175032
735519955837
789712910800
443518623097
107104631510
963706535528
159589392714
753539704129
995680755082
159661015685
271215881778
357382717613
735297333152
942203492664
523625316440
667519368216
701048712341
295868723587
107952617236
348653071193
848599120752
188669550650
313956068390
858007465196
484542977487
248964282096
551080551427
947052651530
543512202011
534808875874
675824218045
811843609687
692664814349
222559544939
780975956782
212390389479
771072558687
493797073465
440544101844
760115327635
757879712940
587585335148
209223166200
659597173296
417890251700
800581954858
591064796256
569893264596
149796827001
273121803735
485226085576
353733402828
436534768245
680393526074
276090559695
390670346166
738794991534
987660389834
122449117061
794465023232
376746996035
687022126918
950201148704
841732142052
849335689618
849406766854
905111383282
674309370523
208227313334
509459389699
510150969200
568504830946
861913643595
148584849979
523932337003
405038136326
154064225313
778534102756
451301750559
305589860068
126179410119
932932385101
616174484176
743040889052
586066179775
579623007437
643198485408
528036168202
493800722603
112160753366
942698255224
951988722346
681459835993
847901080520
303948844916
255608199867
122917323816
963899946884
566220760506
570292754628
602005312239
415329651994
470919315516
850762515585
855424515108
185889443385
681945647632
556506022153
922858594738
397602380571
947094473623
734291922146
327558718138
522913362096
922178976677
749668932657
538520884409
393448815901
721809226097
973195172044
328141920120
919179086789
250732676010
551366162982
105088248371
239349862107
848861359661
659036520858
273356416844
692517871060
730021449983
552867937538
144697451573
363463050587
540372327938
778838919161
287556253360
394740000583
940119650628
694765216112
979983660950
189178903255
101675776931
810108645668
769860658176
959981418989
298099019326
770313800833
105242758230
561755174456
882408261080
770668356303
367965579092
842377097443
815959284739
249286610785
669789420299
573879143101
295240705877
516826396424
277298615024
993113461624
713185298824
949332031936
619898909178
645193910002
170192558513
891149642821
980313475832
140498837686
559914461106
154656494627
746395523955
412749761722
564177467949
679850306116
110735825097
437120576890
661447204795
446281973689
406818444505
979631773744
547139917251
440148116172
972740076929
862156120485
614730944027
849376890779
541727572020
906513761112
682764115010
868113287629
122113351278
573728855529
230449922198
103708087620
260459692769
199461276578
693394037215
879000751527
490890076373
912503084403
401405452154
941535988111
160896612836
706513328750
728902335909
775687150404
689230070753
534594822687
945951544318
977655598566
391838372965
981874615477
349003185218
686830038035
336917817793
530191527796
890726637075
344727787842
707531955908
792133636803
238853312226
488941945282
165916071936
195121393098
448719118112
498224778470
336547569827
576354227564
208298204046
992871046859
811695120972
567820898550
998287466865
313654439079
867198295976
393446790068
649117868405
802113765655
236899405595
830789805821
861793670943
288972746443
776502291266
522998107471
480899940255
908071079480
272197967305
535228352287
525614264449
403137884346
927539655640
977842094425
542553555423
583890110370
257201971869
164903798034
478797486365
894681592000
636368508768
742918330766
474139276657
125053146965
399900142325
582964030847
166140499376
304100265709
402991009751
291666185238
607442406842
465679934656
341350578516
219137282021
791837347785
402212379209
244513606222
788945077785
577593643644
210245648133
578261490890
847103232955
674930202351
920246315858
218961800458
632665380792
164166873718
637729956254
876761815560
903211992213
776234850212
935047027020
518797575574
362588316021
898716800021
212705756993
493119876014
341144353620
689442112732
738224590119
756969876614
418909310828
629067255265
839274505390
866343643215
241677427850
843125808165
430976782223
420770728841
952888615437
899837983681
779021749399
739995347189
514883525869
446975230761
478903471414
839446970051
677945756883
425515263780
944724736396
114485609326
621480705370
266455680135
896986503664
367203269512
557275815518
142079044284
471290807169
666962527489
413134350731
694791888053
245871414238
506391370036
155794301390
904939266180
281388884053
813913467763
866485896789
455290313435
722166334456
111645055039
498250638272
487129021116
176713313239
288435159597
479864203378
106470739384
555294137449
937668846294
887428241765
715742660161
365087556741
337511372239
744777698254
704669406772
820854384323
142632174485
730862886183
751531917218
337374641376
566811024710
215621379274
288131706073
937129537984
935429832570
459332484090
582013536317
174855524300
892966834473
339652473617
801840909283
565624196662
777130706230
517252855441
714456352468
707761245967
597321282366
782869469236
979125023402
144305211622
492426002039
580636376773
728281231503
374172288536
713967343958
919461503872
900166750507
671035155601
423080754622
227782501134
237645463063
361430198189
915935709098
866589495406
359008286872
969767140476
158883760044
773931188134
915960682914
564265016283
120290760874
599831611065
731739507244
732649520810
235972370852
781774544410
280633671019
895831813752
542479888938
741655623449
707462687196
615814381130
617047996666
663299844254
578151129342
165124321017
293666104963
220802337245
446322250621
130208009814
408761316600
836082323038
703076291671
411607440952
956218410668
194623698625
398898737427
877577836483
595750349263
532349145070
977592200850
204870607569
561285928904
503671521545
378979470597
667384093738
692060710932
263142309913
483882309047
895815039281
544651080826
826529784364
198881945562
871236215596
492432891908
401860382995
862150888090
713360266741
958429170479
284522004629
819621446700
462358558185
218774947954
963459872027
570873768162
505585285284
651569516130
186091487684
630196660279
193820260629
477869736352
385742744045
337913167202
919618284691
566061997903
480657869921
655693195479
141591734304
222992557642
333955859361
332755775596
217566369402
664076454550
336294926659
776749884364
965552103936
621068492580
998830053490
512541528987
300971336610
515387951146
601828884282
761431043639
660656595839
386371063186
499979727734
134754589774
682750171059
215576219415
485499005317
719805624468
403202258919
865429180787
940518542620
382097789828
519496957764
922519385317
335322492098
745487406373
563064471546
760394069071
815571328521
983311072938
420923489394
214790816454
262747341817
983144782606
782088578324
368907639365
880352737766
882186882795
635157979630
340757426670
435196240864
730265652893
149558804312
279951996691
795011846990
121020162208
116386865499
262752269979
828749475576
473695391873
306971246673
249570055363
575275190431
129505505303
274323210935
491250050053
139945155335
950882551092
533369289406
905908613460
222024816560
586326535889
530254576169
799425388737
461023779804
331060385325
196324649599
932461159307
482463411023
339592424074
444756638608
446289496156
342215547658
846863557451
678924594104
708231758533
796586478758
310997837372
230802096130
242436677880
994559708136
729193132594
417080522951
759998823510
179183681106
170138395959
511752552171
707690308648
875944678090
843469412739
181726768354
235218789830
122749012890
903011689935
639212480721
756210901091
275139351803
409585449454
947766622217
772759955324
414819416478
851799355352
526390662866
287847232049
865121605378
733200248852
579234576113
612519581263
806747417304
720958350523
277061459665
533552846057
826253734001
961753188705
936572897569
162042752345
647699680442
917645496811
901936737616
793303320167
957725270561
860988885177
404247108511
295650332865
889049247014
533613781711
394297359310
534120280000
394660848309
998714216057
413058582570
366974117609
675307969375
215742147953
241667952314
305571312765
504096150204
987427669745
380503506496
113689472481
897451684083
897306473948
204879812846
124000462345
104546785810
870823288516
422971856532
313307961854
195590586730
390574619562
598797540307
836031938757
928285149227
475167426183
642712050290
718235930974
551872456285
222397085323
992698956273
985451034830
708795504954
312613481677
474187091644
494684085608
618551085472
923291906564
565656053685
884586779276
596155411100
910605988325
841367499738
764557819297
572124537249
910813635944
666554194990
313299515186
574152481503
159599290534
271579457612
712566633263
755624412995
277358058970
203238594445
106029156580
948141741403
119920671661
902319117337
542261288999
746280790149
395387996621
394592430895
145833684734
140468288137
607804186380
378776001739
300767871395
555084851999
814366139391
597020569155
265949775893
235190349955
566472296507
478431615202
715319105237
813372401668
364234454502
860923299767
577734978654
100791200407
590934315339
925485553555
795871835107
832129318864
884811818212
156414438635
208706848031
834936492581
699648709950
117114382207
424676222771
198374484098
267121164266
347273172440
584428299076
412989690169
579400576078
507498868706
252665106441
204500321369
949509791261
462131353892
965092753837
148410223203
564489684156
857602627605
390750515903
569852894266
339372533338
322105798632
866246807854
843802461754
228234865535
952209901666
837645699309
557683456230
276321658822
835889938955
366021683136
568042849261
588527162108
109607279114
985095753933
957210990646
375583258558
186601353498
799165850844
545817999923
197879723418
854737440811
389293640681
783936504650
532549467535
571260756535
394200512518
164975271827
553250662237
890951444678
353603934386
829846948080
540058075153
316733533295
730577567036
706064565157
517681552610
911664063689
564991347451
666121157157
297485919560
557076428451
474463512301
639024646503
653542350478
803834755283
381269803051
641481926140
216981205158
909047339300
250379391317
957921031209
351356852117
445356327559
587139288777
794801289717
726933033376
489239261363
840386175422
107155432284
647712093404
252906444327
212733180098
164505235908
185048960702
880599653124
116179525951
763192259423
689936495475
845287680609
354236553444
223809139932
747263866647
191967027397
713328855885
955134063085
807807782069
938497763792
309481832682
180214989477
509027487091
619003984925
599026736282
237634960551
453388932100
719288078275
836041352207
775025622308
232966914612
375031222849
957500969014
645400730271
619309857490
547925944373
743591370262
716590225545
302377390711
741800889839
957489217700
363243577845
987557960226
552441462933
557544676636
414383426463
938687529056
963248181800
977178207205
184267794923
908339330156
594078967282
199971187593
379967159569
760788119034
585985168310
991043184199
548661406354
222139096435
951700250258
665268199355
437667902315
990984262487
678475884610
320782458531
547088683204
967189466306
373183725765
141059067591
916635145691
284956020293
358152019561
800194567513
721451237098
727229158594
810225151602
658259861289
416648523975
576780886830
589024711375
520755017328
703084670581
418945305256
996574378071
652013289477
410228250930
851089560831
479695539362
312571880809
797938281509
447718652387
915597929186
291210849037
952371175878
336678911160
141172497432
447759681154
820629368272
128033308154
798644792325
203350885712
279076207299
580932381238
208716202944
887503247375
627606073522
578840649275
989177970165
167749104414
979701118606
890708328840
666249801104
209901655912
460063474092
430883841876
968781282822
536295844701
660338925954
391830338228
953660490716
477543969390
210424962231
854302682584
210754248015
852839309305
700562153697
783965440193
783932077798
297278901988
720862923259
252957287675
969210563260
916142572505
413310559301
635093995590
540458786989
393222180487
576247668815
655976373349
285073607159
677928780049
491731530747
113106645423
347212954275
877390541383
234332378010
645979600714
290176352683
437536034870
691724276284
202112526958
915876702010
381600503670
337410814590
906713175885
921044128211
310128938445
207261059459
777309938810
298254086337
657444840571
643177400657
933952353712
731314986430
579299152035
233123638158
830172476997
657466924919
908957526589
984556062148
547313381247
555918373397
836042487334
748287268644
387917089753
652021515688
456329938161
826786817843
962886684804
909669105130
364966939140
291018470841
279631739053
941504606078
554601138127
562339540476
361158765758
663369680459
175705982169
363843120674
504176916275
513435006807
686170614405
787816556285
228870725336
708333336283
231640049098
707462360952
658773543244
131408476630
187258878545
466510722382
124428973027
312927081145
435537827164
913822927806
869888491791
221557283231
636585050338
157771676359
185093634930
459437228476
148031079046
973695894211
917999529907
694217947139
141048984090
441979082521
380146666976
753731901737
471070073757
246486520091
401723887230
192974460139
578300868900
927382983688
595897901016
627662823830
157307906937
881571598897
968928131773
137148302310
545177174828
567754201430
776349170710
544883951629
715037299728
881966684239
312343025511
928719876967
280217156113
403019766985
136398233455
885163602763
703163754473
505697292174
697061516179
735979625819
969040982203
649445331712
935267965355
677683063475
956309778270
418222023330
629190351547
409075914463
533799963543
300469958267
243768147818
339617284781
425477734638
260244152992
611286894616
512167531684
552007318627
711588422336
795083628646
361833048130
604235254427
495476455536
941389401623
884679927241
930876670410
667327076486
752273756297
150464173487
551651255328
514500385533
428782015262
847222013280
580589120111
132922390151
615563297877
828853966318
175381114199
657271157791
269972454260
147782034631
353032401136
552262556522
940778262765
271707969283
479369467267
755072768063
788879417224
517958044560
460264878884
554323993450
385047206738
163796790213
587436665141
973990451777
559276296063
823060892109
735623897111
901888077743
763070886605
903686051357
532868923635
231202148547
486098383867
912243771903
498468085045
913421517951
925586173024
133432960628
485289450753
988557683176
684866845801
654986242729
385523789710
541052206879
414028371124
567565776366
818421714060
772434247591
497074270944
256091482259
251847228186
823338926957
998194582502
759446573135
967095722983
820103640976
875164418227
948669002111
514678418227
826509576858
392469716448
695204997067
423564343071
872699236380
545905716259
278684017577
795088210014
467842320739
627235998339
345786074705
552409562244
540769160034
101333334996
597385512158
388709308848
329781202375
804854066542
234222060881
110307189496
391517607738
409381815247
158320187036
500888609151
441395391563
902948970770
479593219272
339326654158
752773336879
112024536441
339385370135
852722633553
878438552577
468640918804
598975940789
981799816068
871624658918
811396045450
625535187903
794725973421
657644111730
311323881105
718579289076
365047337252
811825710040
352341584759
468731512693
593563356225
741073639596
733121331888
552773130160
356437707584
526785524929
372884080508
855640937214
243381359765
751682444137
500792453158
496254151814
228461529409
887215262688
369705271015
199791037943
921056525613
963390057582
691523369590
814409133577
919446290955
852741449994
922471557873
288261987724
495631695294
797454297610
581857341204
846473903766
963926735097
481794805421
339923837954
929683927486
172352556149
452719827591
736124685206
951804403124
164477971073
380641010760
220697204938
465762427067
478922922090
105625498411
590957113958
275289880689
258881343381
978520373939
162531384022
500411690940
991643804892
400548815386
247202571898
373296308199
961695639283
785963863615
877171405114
245770921939
457206622664
231709628600
630440312935
650373233149
695256736458
393097560794
987484441386
610684058622
264959402534
812663764899
206505460484
846304410655
787535587871
473889376459
720930980691
149456387319
480033666638
727555584369
376509961882
332987849250
315148608178
438231267842
206497068691
739621813033
186046803916
261628463610
376134455728
537378222143
113444053751
780702151235
973150104132
763778895055
289797134672
201326487779
677666417195
542251166694
874398713712
628004754940
171244821073
721502699531
135321178532
498996255065
552466854700
793659871854
955254560913
446912630913
158508492286
555959601836
610973848974
846894128591
197722343341
574485342501
925013777206
214789721735
830101894257
303514518974
663942682077
435268556385
123493697268
602293619148
790612068215
378735852512
254777547844
477748942074
765226035806
187544703338
663936802124
310129739279
562384389996
676828477670
126703034599
503640984936
186612587417
828257482800
254825609760
496350643337
626361161566
845906930923
222954680434
689698459982
669300397646
409044703764
490446785270
457946180818
804235357383
540497867485
102884857883
260943397525
280246340419
249365104713
482966632973
731982933885
598625971543
778786659544
432894254414
973846180090
704680067995
653500209504
253820543754
718222582918
703728656233
396098632257
367727555174
916402766006
404712950006
125159280018
236954522573
100205248893
142429747391
125176639527
640515043412
965869054776
276059219410
673533953065
759031003466
838169169026
949775892733
348848277122
690836543114
977038005966
447434205852
436537521284
293721715494
999360907045
652513606475
494263157293
754277629194
256770918151
514637081663
105830533308
659185963333
670442491269
920192119639
793465288280
211180836456
146563363444
628817216922
157391124845
404919011752
365464525553
967671397155
995119351480
725590204478
619494135337
328511779429
112428258225
403345943100
423541121663
804121735954
637409795206
607187863526
132646135093
335905743116
765749942139
759199368611
122376989298
844528916529
639317411354
562330132759
508278925048
688526983690
779560138864
216762962559
181907192955
740922304467
858159260556
639135386149
356939876276
397108869384
647649088164
156886636151
859243914240
125477476255
358691646512
424640508511
110169958291
781327879708
993255972725
539401596616
467722059059
237636032578
376731402849
888210013013
649930520662
436781376413
541948350241
362692430152
151644866231
439915189381
883193229368
628764745278
600719661421
644062345528
170342426919
868974927305
397999022751
876753390902
841052359721
435302474872
190834912194
836113194324
721491577686
482092006416
176254553746
534792535897
226821245887
230908992869
896580020108
995286083242
728455719885
585569467899
840238400237
733569300824
309297510505
729143702937
238691295596
862956549707
917763055057
376803076805
457627805796
930070862576
146735236706
906967938316
364407244750
764447800710
439516424885
229157715215
950882347586
278950998680
760477280662
182888243456
824031901587
533120608273
589958342443
854752134006
328324679236
697216522454
681952979519
796583718218
596361474125
780172595038
562861679301
867569006430
844132948090
413097855687
339316188856
129847152688
471554381285
519599570133
366627049381
272462109717
726951681665
543167572522
645122994365
263683377252
434794560880
654851705575
292271172060
825198078486
290177311531
123887688196
496105025612
193148022228
905194022892
747491336995
902940421534
268020133252
770812791949
364637734812
398577541949
516564158389
132419544075
828252088045
945680527961
298543355023
178049216719
702663577772
289962024320
774768099546
369806373178
977197990681
735513793172
342470500843
663973535457
272767670427
800291145285
924479204067
453123900068
332750552380
241013867956
301812158214
721595467827
336728063227
443243678184
680006234921
569903759865
490480164953
374301314154
476844006101
752239307806
742174177287
653197298079
769234445803
931383523647
987198660210
599027752888
506477097471
394210185427
582223746275
589879152298
853637194238
726675418331
973962667739
997471387545
945736734012
478845515603
776755193854
655307987586
482670871307
791383573753
625826533259
581473329890
226313906987
643557971606
822026707788
823616282549
486825122268
811582640002
702775482157
711601074307
569517317778
806714157522
886171424415
936771179313
637029485715
159926804170
590748337870
989574664383
353570304342
226022283882
436787040162
515996004569
496377631265
657966220219
980790739003
334971212237
751870175801
923613327439
729595054045
666685911575
198194099639
632967593426
507832209990
454265922969
830464417815
907196650306
361169872693
354120696525
410711592711
342483298962
957279858819
331861436511
155046271976
381223732080
874190914015
244043148454
987598315327
960514341788
730490322245
197190530653
674638231971
491182676690
946131450705
447492125636
833215207128
558050221183
211150590905
872918811488
401860070702
539101337118
758948542123
906543949659
612314585817
320152729777
145235952691
211696410443
526608416932
647054778344
374117350021
180853107883
892890234261
173766054278
249027017561
419227291137
701295930341
144984745415
381763466959
285842354447
840586938957
542734809900
157542331194
696208057256
137096044476
193242680172
449646150670
487664336276
842322292476
195655476112
999272226262
583415348417
320514974768
986238954911
599471721454
465952436601
350732302641
162098698498
431218564654
443817375829
780988858685
804684809339
599134848307
545171411032
700638983295
414587400663
252812949892
891762300632
290667125070
845414751167
176201071229
592703972247
540801900239
147424727231
388367572881
362302287687
636756928454
476864127704
137058403341
829590025403
398677285834
649302576802
977709065733
710866291505
406462332017
883722790660
946185163212
863862480380
141191322570
167038307748
764435853347
309389365400
947543280485
256983582273
995563170075
319529665330
757403805703
605165844177
909631380852
440514147781
397729640332
371890690169
759125205394
310557718715
693756271503
474094092142
201767475734
718587577560
691295655789
956328086271
192132684568
558435840536
459764979608
150489234612
377037056323
568286981741
339707117178
186537765706
848482305259
221260939286
334760550247
589997572437
235085720908
828153757475
258635447160
283137822012
533061056798
306848809781
764176202530
564829209307
146883795121
381296977225
200387126494
141766491298
631097546922
554309843055
905932704978
172025529882
676756342694
399274462745
459878527038
583309490130
631990691762
357962782670
394000145830
407905528347
807714099073
320985464643
813426391686
140242880193
610621253353
158346902253
900716501035
181777983642
292345522595
933017484625
623493069430
995696704568
871844741258
123298237934
703798618104
962885691080
568691693439
898172978127
329029023216
193834704942
471966261461
246005478145
232563596462
346603611906
330504962724
346159974929
156306291190
503145470212
121506199894
788057489485
348948896710
218673332882
362385513971
805207595592
470576048524
893906940882
888362888038
492709157536
954753280273
796316460524
164238646800
920655462200
473079828905
293018213733
649874820491
791866807692
127133621116
563440160054
977479712115
598352481505
556224807288
522549576920
761940758296
839296947199
613481260317
130285763538
403182650574
239570672932
884141052083
232399335854
255602962583
529357192264
630487208800
415560212907
712664799892
921923236516
398225747704
599423557349
463953007674
524510570756
685321552896
425406016630
750618610456
248678985133
318627430990
760193844767
988707841319
387305499132
465114471925
912362869505
468651111092
502256197206
499429924630
931442909588
934236954805
330285446138
121920065017
929225930752
261351533224
407639263352
520400473620
295439586917
290374632836
936845651830
572223829329
473981802639
592888422091
799367902612
382039719637
972201456498
554358900091
883603075638
151635636779
255229348407
976850417921
428247000329
264517751955
572481565128
596528585858
943403106911
499202948211
270097017745
527170868960
387826243151
948078470974
189085432380
700905213702
497935392853
125799724171
331791473808
630975491197
259870245822
410994263230
924390801830
869999031529
768333198753
825678886558
872832711344
635635259861
519677429780
525744564393
750373854933
584054718471
567708315929
976617846970
918490597094
346790166067
753253556835
782891298119
997373870538
466032999807
135764061518
847592712845
169438128400
748604329958
385602191735
481610804036
289156121966
741046299243
392783890214
188410596579
243348130605
645261825025
707476978427
941181433101
333602615261
386694292658
519898759614
953894615120
120641720527
817752833146
177268959830
918241978670
437364240365
524285623776
614786858048
381049288965
556817321607
304426235233
389890236216
421351742198
792628794333
572315459092
678244994210
584968954979
582087509490
703353472092
509960661654
357571957391
275136684595
863260599451
199505944324
704135061103
697386035105
999021669358
440792519045
358776211577
683270320476
589105027709
526709662596
400534457555
904297245263
891390836399
124813720811
291740969256
866403394616
622024607833
838655606924
159803691139
424428423192
373475057864
879659112444
303808500901
865634277204
388490509183
164474509789
388795148543
507182162062
276956400868
333906715219
925994661305
390029623569
395167847530
174323861360
770560238972
713128748239
444416020796
871757225702
380706853690
290912392897
173299684633
943437665375
398613222212
654656836568
765180929181
218856041407
793323898926
380148193757
638548127853
672980983551
667587673088
744089858857
335746786464
418134127592
248154712213
920046517651
649547383837
771017958213
558128953460
708329990885
753575338715
433460444173
833849456986
628645317270
565832437484
408430588549
867632268639
141895469416
763795944927
447386799278
361982809023
492770464418
397944105232
282399420407
134047513001
473813482748
395354289004
944276128893
487954106536
256626179064
137810663132
489386854599
267458679872
531413541127
492848736852
430702647459
367518489847
625015520746
820480867120
950064640143
756087368788
580057907128
519800660832
345902964357
218842789662
723335788734
406924484187
897738275333
542796515133
209370003661
876440137595
420168104899
543316001251
654689426021
447203818874
102583396973
886243851666
867865761677
551485859581
584719264501
646063591849
590027189198
204072111959
989354036488
884920945432
962883701018
592985329152
709068648756
116741856784
275715149164
991969326875
121219154413
662785794008
934347343070
522080655746
260901500715
640329779836
742248949192
305892394088
215451634687
376798140723
570491954553
823896957717
880182618518
293382003856
789236798213
253384950803
272889983298
639632774480
259939337937
863606227277
199496053516
969013753520
786373342143
769881426591
416593954171
933610693206
743803254043
511784638291
960213994808
843457819429
838973359098
102015488901
573928923084
904770624820
549784988883
610522998787
788808728971
691641352357
285590733186
714459344106
758386884043
116346321241
832250348680
312714611872
745472984177
561551137318
780100269944
334261752285
682262316873
193962212254
282787704900
196716292995
699797602115
630421674715
813963712625
743017976235
356325961938
775917587729
689663365701
615063247540
595314360204
405195482831
225675203725
675606462605
703557116729
567214083750
260801536009
641192439970
961099001562
255133496643
331781841392
966494366617
579875459481
726545081182
898466209718
586640289707
858442742113
441063540405
760106556803
856183901451
848682433242
653611580214
266399587853
348736441092
114540656745
361375189659
686174641385
241955082379
203952311888
505368573330
349884959292
716447977408
271714755771
626596460706
766397244312
880650095471
186798312312
703212915452
196773948111
532339044497
248673964352
896159039819
410959755661
398087679894
565563168069
981772293277
573982578934
174134581360
882577439165
256266349765
343617350056
706108092929
461040707014
363042543898
670868089462
151277292138
165675036597
537742985997
299514044889
207772241831
557820945753
512281187169
361121947455
993501356957
848982966035
914278831155
235814614375
608158060656
619307291936
379519564234
746961505821
818573345150
553677225721
972630092879
785497561980
291350922835
155903612064
696258572725
480837270950
261866417396
648158376010
715070536566
691551122758
520406185888
553142362232
919704168828
326118731404
749562416636
960743036899
197183454871
630357690274
656213293877
837767951833
841221463207
796483262425
815106332715
117710683018
530980809956
493545134134
529904260764
714103977875
875289946197
311438892099
558990350632
326377242663
813799222022
390361981922
873289764593
758855440856
453688372737
748489480558
870817361661
596124970693
638071548297
676299356781
835927552900
103116215637
853877260269
973512717110
597482786177
999020870896
568965917567
704348432719
424818214855
505698679900
847702841652
735080259228
168710451356
116518178636
781722590117
701211583921
189065912978
890118145417
937058118310
780148735551
186526701404
659179987987
418765768488
518025386083
591413143471
636072960737
554082092358
928311063698
111984623494
818450820058
792126932960
799705053040
749310046770
481469960896
140655184675
710279227679
207341928541
547248955218
112725660655
503386284488
972244744757
882363132758
533341532450
591881871023
819291070509
224805518319
748413514004
110174131341
553127744449
963474787434
535461544139
985692258941
303880847644
974217284115
787165436152
460725818242
907928738476
331150819349
937321116311
386744295577
135927505651
185447637817
685861243636
220450860383
574992844567
993095971151
939242987051
970278720250
621175951098
774803964787
496131682548
940500888989
432439067147
915453444945
227229723339
825878563582
580597105592
860731136617
407756721811
649923138310
280565590313
705070265222
258969165857
327225474812
841785362476
851708997313
250296439720
444713386975
932111245520
206682949471
482909990437
656893571048
497268408324
759157416745
446890724772
411054868468
873266018508
216622231776
804182863348
760027701652
273904231317
623571271915
657674784422
496409591594
773236902093
192988349963
816283217567
102931397033
116180444589
412968269157
185099454876
908177781845
550891271528
770247497801
257932023202
859305059391
795019666621
120492144601
822627455611
567208939448
551699815157
986640391740
333235976216
666293422380
565574295964
421748239398
911190994309
966903006517
645785404986
215441095780
117988979654
132869389360
259442303534
805013035841
982362448035
681170152767
853418674568
876475605016
934728093542
613063456761
701540474709
568997833393
815938496627
534742810637
678088024985
935785494208
314721016796
603014456686
513256686175
491521742364
816220489206
543428059179
733716062187
751283673882
807538864546
430051311440
582687343099
210312832143
767955537871
802239274760
119320281341
170814075903
894041999135
435398937792
824752524324
727158093085
900382231253
991383284524
121660062332
642342979592
695953916721
880871196358
964600737170
837535495282
303318569060
321806062761
658980142291
232435794210
948953662175
803803126403
504553879797
186116899295
721333627397
743337365912
102228903587
277123747479
311461108814
557827754317
828218466537
241253834072
818277567654
823094405409
884539031935
608184272554
402886155620
438325284169
381483628958
768773937206
966064788576
761993096392
528515312809
511425010577
321722577647
848611418940
881078862592
213172177329
977309765514
953193137870
881247743665
632505001958
428341299637
966624253942
833121060331
170325735772
341773042090
700461047727
483389587290
296250610149
934716793304
317091123215
462535134385
697423973771
188065524169
151284335749
495920933843
177045328669
738183115784
334553423070
469549362050
394035610237
442186062808
405521201672
952276569977
375089615283
619011028941
444237161167
358274214736
539926637981
582915799831
697321075403
704092585247
232103474952
417499333269
868222042346
362955018056
136380647896
399325234600
704541823375
703914367516
283767007802
956851806651
441320917349
522421702971
464043328629
212211763817
199822261658
245638033532
956007645374
163917988104
357669995656
801597149680
751591317889
244980826631
938514800998
354163820297
252617452567
944692349454
629042970292
697552992540
387026626836
503945367256
223399235410
851127548773
235535092579
699209260827
526605806787
530502059077
138657470485
632600789403
550909317849
100223126161
134504661322
756340238405
141643755467
525853519765
308536651982
478113970106
177852893787
477373749526
603833648837
925322302190
631102080596
950473591706
830543571462
868285907690
389244923335
594336254442
704408666896
619832490491
556680386748
991643150923
592759197166
506514129502
799261887793
193865680712
210508561877
252857313628
729734707541
282637619874
756748333369
824743911013
638375793598
237425390987
655172540852
873202553255
750131738487
965184213349
975044297925
713308862837
223717576249
125444392505
952754510185
730928963279
783043898447
677078355028
123237807817
585762391750
507538776697
476746990593
630199533970
746528470911
652288415353
667748989449
898350110433
569250353835
426657442763
584954609879
180198469805
703405072613
262724595786
217296476737
775837534818
899772839362
138734824811
950087993024
508128440450
762174051876
559196852990
686638592354
464794282959
502532775475
561769550432
340749601453
178600518697
677554024432
387558380171
438845601157
339538785848
569425202892
237181248477
523569598780
668229479290
981942090057
251749610084
907989559350
806061854372
870896869648
311332661857
501885110501
462720089177
873922663342
254778217854
689256505765
460196907332
803747813865
833196885158
601827949232
120579544732
114498660767
709080513947
797819239621
835298576222
946501570319
518121285126
618717096579
287279749044
635676570934
490289921319
496248900529
461868595785
312666895333
364238281639
585488906577
987944957190
875500914807
232075248168
453540437313
775959915241
500540033647
725386577719
243450357584
561547600030
918078293575
961288586955
794261463030
382207149478
840431175586
534823367418
818985450222
244240503272
946954100025
159851135887
916024110181
647096105503
652134501990
135063600963
966387378560
605968993989
952863565835
978273759902
433585534655
614090437265
228336533234
357630816149
545343565218
460206017911
719936086007
778302545023
245571847005
969797487094
193999869864
997978834398
809218450647
572453868554
600324061917
781361645247
783670796052
355923762208
298970265222
870687163552
231943723149
854717069147
941142215371
269076797648
400936600202
647536570752
954395149127
734095032714
822507485947
349069549194
969561372158
366725474335
888250364704
561917215242
367034982948
954307559555
421616734849
648616833384
948756870684
169937796206
403905846414
118080172743
143779592498
609588618515
658962271877
904530956901
554172569816
288527699835
529389309243
501033181248
444829006234
930693173513
673591794705
330624455344
383357891083
369291011013
127237832937
271412584365
161593882885
313663750569
275591682304
397699101649
383403588484
795894282022
942099968875
225650789161
903110288026
640487162811
873656925391
624891721546
733606591839
375128381517
626202077008
598468790342
668585147329
787233312459
489835224093
167158255766
573473143049
319659748351
428126261253
548884497072
435967823259
180826652703
893186815103
692288029357
862397274767
522465759717
868227661779
581433647530
306438613656
945928364952
608907842646
113556810354
677779155111
424483318239
725094494951
364435742701
511274993564
139855970602
178088269483
806554756295
274200864838
923632996017
546018569087
867402855353
824095751769
557447689143
775202555603
424273617727
322180874585
648586469592
894621822421
836797464349
352183036906
784742113224
481948520591
832731995630
684177155012
962059084200
659867463503
445826812380
985477647664
880583857906
536988346378
540495464233
518288282336
796498412738
675560826577
813219262570
769528242907
278151309921
580602237126
473201643143
170662473059
167189617369
773587942484
439061519063
873538367208
911567548787
438105497045
569861946270
396610193609
971992812091
420603614380
862967709895
610218490996
938124871375
629919025888
770992318546
399704498753
323632531836
487799826108
673173086979
409621743387
498091751317
611249251515
999644122145
706221379640
174428450043
309087499582
432416977066
478676622768
249332268713
367344705242
484819370601
507156674561
197606301411
363917564155
230526721565
613430245536
323969505381
506337737145
432219811258
620472049150
327450775204
910487272958
693136128317
280280662177
380160083808
497183904071
876677211015
786548409917
242373541737
732068531058
334794074364
937334183573
637695969098
595372580592
232163963660
819927131662
903371573537
223803709931
149795993597
321457928154
192206388888
961786666212
654388467184
393801076955
553688643762
363003495765
591018337497
609448050325
226916323548
682687169116
104009071722
509578500454
676299745088
747791550274
462637447365
750054076693
554250990258
199373906677
469824425050
847907396806
217855241433
453989761098
503853455816
688393368453
233200134276
980651692994
308126764735
311869011894
990112918984
968920176472
663343252863
680071528142
795953826844
585976934423
430970201624
875411237810
138160647755
453509610939
796204069522
838078907502
100725631289
624439659726
945747136533
694519414344
536438460550
488136288261
999579194066
920520306475
595683709771
685558093248
130439077897
982139878523
365489961398
344636001669
510960298317
589190793558
256167554674
885622154018
494576506820
539826335298
203941291595
482443848417
698983039081
891797236414
220061166856
643254517948
573484928952
324483688422
435271859258
199467076318
359332878571
184861586548
669493932169
971478105225
368264840303
448538294475
318308685682
483111874058
354494535911
557847238801
495875927099
692031095623
976510906874
987287441688
152199632052
558366617101
841999600928
227826192554
123331907140
633023990247
161102551944
781880808353
563970718803
550247638180
936372860561
793455854593
840267046241
876866555830
625438579053
883191678062
555792675515
825169471971
114044132420
344297446658
408784169714
484318185255
432566097708
962602085139
539061039278
480042803460
433258010675
827210886153
632534457575
751290755612
502080993509
808696210551
970831225263
714748638192
869878555463
611048522867
750387420370
525071595190
231682832677
451250359335
183740011610
610003204960
624842169675
906835792618
987117208481
816384830575
142143780813
192038283952
917250879957
535814578330
661906930685
788532551608
383176170511
258492264476
521808385363
732439204272
617481154454
909245692327
256986641885
879584465065
131462415815
535940178307
643799744973
456415592475
470507826567
113103031540
850333703945
368263568886
592722072885
277561254832
279772554859
131792745874
464405951964
315590822520
316494992639
515597141718
765112350902
366558691627
378440695690
523375423558
990852654411
413336666817
353604822451
205655081071
838119559242
399859310876
328758810654
377816174841
952463255376
795176166435
371741904490
751917221902
364563717617
554913358762
493288504916
541651818890
307550550999
296568162584
743230688111
445440745864
295130518525
671572536116
424350625619
841213743322
893445197360
225700218397
317533245671
290940382627
852746880915
991654125621
510351926187
756537523326
639460070285
435377171824
975271849767
809614409032
906400393391
953153970497
317171874008
836192729772
695285293739
994844680500
421741624398
264116726142
525389967716
129629026772
557750461660
291096742937
252382689049
401934729005
208839544459
925975687214
383526659450
447851766076
553719995215
264400750336
543246794549
409823626339
444227762139
267226293678
864073047938
112670965471
506486625242
810824474627
869840335790
391888723411
492243186400
608800294201
760306404089
416637009855
980607673568
587776872861
894408646104
358524992101
553419669132
342853599886
516661002055
445502390325
281136937990
318074763618
940234752580
571818026192
593403537541
696505084087
434239308183
167995370858
261249718120
458701644720
666439833760
604209252880
823924941789
584569448554
488192984911
502316118234
494792764019
778262722261
845491447182
132989960090
962044561518
929363972899
902756998172
254956229228
654770737690
160991079015
427122857389
900966201694
964675532806
473134663089
602219881244
643863105648
162256213026
370079286222
542254220663
324182974941
960863472592
169921323651
662073574846
406841518028
238168277234
134186854290
301686499614
557359967839
606977924553
892354477888
834190071847
844796414896
416631311893
619864935398
867964576257
931973393425
262015755589
541056366483
309613231117
700712144686
399426441729
152811369565
219421872223
848927527052
617512085393
434366925066
409637077652
191778209477
648636703826
103662940515
914062968665
115868564373
403489464876
750938649870
301719319812
710002293494
964983022367
274649418739
608121610069
311725516855
137342646738
430748245370
992176803695
417829899153
814503598435
891336483971
322518108188
658066595527
711741137880
211371685626
881904740764
689659396453
120803276143
550130549280
350316668451
264907493443
285824192137
121345443521
947676652376
235742852496
337997421746
934149162452
399419819848
861942044250
616239008937
715749845650
348818535164
781553623461
557653238147
546606151986
282435036220
865128049429
600238491064
753194587536
536110076034
934616963826
107470219461
253257193353
603343417618
647308390051
977771324939
964654244109
769595314893
395616388547
133142459728
219313186448
490554181123
987819598779
525538474659
963128921345
108116706855
836907686424
870884479867
213543680558
316423616360
308968275214
501852269282
945089288381
370951641102
274243129542
278090139439
583157892313
723856713980
136211182751
579811278543
839185368245
558407843187
453673212747
917575224292
334635416697
735114427455
589307257015
362286716839
458897779991
787254887824
476149155401
497770743856
769787307273
269350575822
872280133968
212182425585
764017542555
866701081223
484927482716
775096535147
456328019340
408349098615
947247826891
857148456598
685449291076
999508127848
732449183742
711980728474
958580251465
981687812855
503275006978
223918147151
783325605417
976236220541
761430684599
143490224437
733448168366
710109353325
124148469302
382396574500
291745870989
918237799721
959373059261
162960226595
356721776745
462105956531
994358094148
909629319702
524440989494
797457652192
434348502933
998104965373
917183349200
639193291128
463104913251
179578594540
926098697506
993496588171
510070032054
565216528762
410349129799
592132013082
698066403260
450695553721
447821500670
481016862526
419667573215
332156338654
925409866841
810150253622
852326455925
456591373391
249372653742
324813323544
965185329206
830765227948
307187184662
776763033718
410136058630
914242224251
198137712574
201873491251
163301772696
720290136876
506028695002
679002074945
172182234405
512499783998
898209851260
366614966551
766324780183
517199753720
702548011774
842920148819
285509165055
988681771318
806018117604
358398023445
206020136571
211282579103
715562206970
583642019413
897573321282
605119340622
679225408775
376128806793
877873319631
312307498572
819533245395
427982320673
795046748557
591538611481
920022129701
181349877663
580118346443
993714352043
452339535880
768349026796
113959840338
824011005788
670395229239
489025976506
892208055438
608128979436
377323313447
816174622963
844519662011
559240811214
838993098466
505974251018
929382849044
508423802834
814496965065
638790027500
203530330739
553111632653
898657505151
938316789337
746902559544
289835642039
948289052639
802976142607
430858974922
680018844213
893397446529
627077980832
988388377115
239637243675
433520685244
868108050728
344027951142
274963806214
348993403896
243196037326
291083937286
292650253494
730807082035
464333747219
356397167814
144280484251
714363025158
415061294108
899393998362
848186388542
287853386083
296850194259
287943461081
546802509515
366797709962
161457140606
192652660993
591624560147
679491139324
260648071154
287123945974
580067949982
343718945901
207540187202
428135644863
402669094991
247150858017
998530362620
994241029716
451983894111
107120217749
976409480414
585659520968
589469538053
481209848374
518030515093
657209148104
460848022939
921905676834
971531670609
636088351246
994097155653
830163444165
317133956451
396866328264
530143345535
496776061049
974302841524
231552667562
673913230677
461900124446
756288377574
607414549300
678584446666
694814133356
247981594622
431063330261
296647603682
672486028257
596459562431
173291642172
283858043290
987488699045
260977792346
168215485393
612049683541
250858203297
447933505077
119128223247
937234861067
124470141369
344987006872
403331881613
779707067822
850301836214
822040527358
394914714677
874753004821
150572775033
310222470469
424798245613
932018408178
797063042080
798766226963
106062138368
850710098065
613693024296
495476888078
469087212991
241679077467
192077011590
920426205511
364320113632
622933018088
822988339074
728447756497
556340773761
233912597178
965699069695
730056303877
556089579667
758502787731
406333604824
877332128650
446340535916
239240896509
889534550261
588663150549
815877868546
487809913756
602204567246
937522011774
391853204239
857060333141
828651958844
281227672478
245118000441
558737732728
317673591363
376220973873
616807406719
283844437303
798613209331
327991766585
886213668967
790511379425
216515252592
114258940774
546212099158
923016362977
851635325817
716213913818
776677934480
634798895475
926646150220
273346956108
124579198941
160641523353
363518350222
904442198360
161993444460
884373086777
369052093655
782121416965
929353960125
732078922713
142475078237
950026992486
708461699554
579622923419
136314349072
718381056273
537406502944
184285412633
240164291033
569410596359
431888544256
318084740603
547450268309
246598557267
340258759171
170736969342
337709746811
806003362325
759297788239
527106789847
665936328509
557024810688
356566139417
609484281692
117777423109
141776956136
396492290555
988500735076
271380600899
964454351815
340882295933
779214192208
693480473754
577729414569
419369975213
883298040678
990851873077
122276788238
669716719096
113962242008
175450945176
590525502392
779724848595
534938932255
602217700653
869885695511
309869657668
478222586994
130815927029
102664219188
692893393508
574644374779
117089621486
617190754674
544846472831
427653965143
999877722793
800592700965
814952053431
648742609580
522206248900
709406895499
310848075177
233782192517
386386977711
489286745737
978991966330
111660050293
736077134972
970797977868
966822744642
625643569471
381750723215
203041395476
370315651491
945305522937
430485484532
974583283668
246556345485
481286634301
894886491345
303641536097
334463439956
820702956401
121566430375
945130549710
172410998340
955756445544
949070051176
190626623051
980204714509
797105732143
836534844851
404953618499
421447751327
447357965181
958497568250
309065033639
459546758371
981827894491
423369685069
363335589793
378549675744
462758333515
642511682076
697037810121
130863123785
168628676068
825711295760
499020606790
375812850699
360249884823
859817984072
530606893894
183318193871
601063367040
869984008891
186654778537
206610065963
700386499825
490919717139
139886415457
625669530008
395966903355
617695836164
276714245119
634238509599
916056216623
813617505350
373845536656
808550382332
191039141216
769494987635
687119282922
926912272647
314352527183
132269076129
664412197671
575901890682
356902889019
778123797881
248595137935
325989213576
275627525195
288815163817
876253145089
611624129083
613261357600
392390995100
839598865903
751565742364
514406706717
373834522742
796067359768
203147191517
690482524650
212575421460
962100009117
674663195734
978441831402
774320752991
101084825832
195371542052
415249187028
534480610563
221645518951
950518923865
520450008332
907551104293
670875382553
862952854285
168016453453
612280860007
808687877235
903084408186
401534902160
755339017722
911746029752
422550401905
798001866183
919292763618
392217405236
713197792382
746398511484
920052794816
713255140842
537584944836
721306920970
833420474115
158864903162
181127875683
115650337611
756493436615
641797914090
419998862422
539507785859
427297728009
514764842659
742074798824
990721749020
278482664645
296995939221
821921644721
870120667779
998152307407
959918833500
404508046628
882283375542
776401762118
318249431150
845141579585
703875827857
770516347586
126677582555
247454408231
347197325365
805465415265
649334432451
188064872244
409583869359
202314273525
432275933631
589785301984
355115729223
637664736187
810861797035
160942700453
240192620137
499308150294
260977796963
812545746311
480857441231
353257994891
310898610745
840917866452
425896065066
134968652714
996049608777
137024673680
914465752133
310525255776
792200106435
409953961914
684745616760
519116503387
794215201300
580806745963
567902764548
535558146874
154343655942
140556766675
838765917646
782101979234
612074325959
311340963790
880407174461
262029006992
716625318630
479203708527
926895255610
112306972717
390312869256
273710004029
298851007422
817209931869
512173414829
507216401245
459144432653
321487502190
262303887150
499352637965
420914316130
989623321469
256988333710
812504591642
673100368654
879881387276
218638339373
624207505745
538449832926
873289785789
179615517736
661052447654
525313496822
429302913873
428788274142
705000094328
454722077683
449381767180
347702487866
180887611449
415940542616
451371629543
485250243203
476711379494
349944689384
160633540343
128389208224
242834522372
670059006890
505835040747
999032010657
135507732276
980590041308
545571541754
296452991741
636517498413
634289434045
971788961517
816487109844
902237289807
312434774428
428833967073
215829464722
162999363300
161827351782
469774362116
683251339560
935499823426
459970581314
900978685342
169786969608
933315797644
686664050010
484917008993
899209239001
735074193529
262614792076
119899405119
434256870932
347070822113
877424944982
216212024745
579215753296
488099336287
387595378980
386493738839
350154945268
248906312039
677378368015
300830798617
719413531500
921537936652
436481024349
664089354299
687930278586
284607567825
943424010677
325110673423
904635396470
403732919946
554709391714
382074171209
437512806230
501649957486
335467004472
458687049547
270312672727
800456905560
919935194805
288288452222
616046719462
130730234112
604727204919
532417390123
546425564803
692138025985
695104635783
637167461483
690296892893
980843790912
363890031710
796280693093
652561529014
566289882894
860609463322
806329211956
343754954027
608366021752
846235454062
308484985092
158914482808
607799114628
431144089906
669088788808
867127205703
186727828297
285169832614
217740410870
108969462608
773467319993
187027327754
707401875406
461948225690
759930966247
560138472588
969260626719
381085201198
795363534061
230270345288
601558889122
394887260653
462738663039
779196050850
531186462989
994022233515
657822134530
703489819388
148589104315
672204952552
198844267503
855873878873
537839402416
972353239157
315663384197
571302252731
944210432780
296528433897
441981954509
632417915674
582482707865
856121610363
850636230190
320986465334
243286287379
410108924434
719834885349
811121544170
291826572200
837286839714
312457117026
755490631644
309601602338
441782588847
592950782857
763333395213
446932364311
973308921722
882927628464
972792319467
927423471349
899643302148
537614193746
672758818532
420127512583
417300846210
442391836992
350213799972
277730757510
906919761693
631929816646
523771249036
500596810923
754980092305
600966854569
369377747313
804706625412
241837761441
269073696101
619031170321
138275462369
948027430560
559371217671
599295078454
450848737034
480264671399
506848585294
706543012836
986484843768
838315388588
712105368272
114630283606
497137355428
775247438010
513592158860
343189220551
776652545880
753514078927
152739288612
383018864289
945708453479
983286026960
321783900149
253160185089
186286885797
158364042485
118225599839
495674046828
178312347752
795928869337
880169797899
105302933352
750573387645
504790129512
985436954217
932395794761
489675104748
402955199248
846145047284
436550982681
480798571888
928856090887
179496556264
754349539985
283370621122
127127316185
587905038053
658061876977
333634666210
184660291931
889741318271
648543790709
673015279719
208070962450
416537989217
793723935953
189640753725
771349361218
980987080063
846911967759
236716318508
395312394379
619837600277
674207865633
661810087060
522017553445
758223215769
507389141598
469495436321
691853285961
218013284993
754961312932
288111375148
974888290497
542225345935
656692228647
550721645994
110599294742
996690744007
531239123921
727632705782
169690265081
212485170628
351923538881
178664707179
399097117551
427557385099
870735170197
854376715081
571989000794
227463986610
460030911868
398536826089
205647631405
131989361940
306086346083
302913630463
544747894031
185501982052
748663249163
808841262749
418875544919
500861809090
263255684789
984300934106
291097173244
476319331021
195191075310
996008554409
490261852796
769371946745
608324915691
180665661355
653469536611
205185694043
307121682979
396465599445
628934993470
349023232381
391400026431
227495532582
539564108457
749234221433
523266874780
257538614158
129354320901
174785369298
699951362009
139060301152
499908829595
256396639821
420346273793
177176947535
443010826761
774854389445
119462483395
287248659312
362248595959
121626472875
284185146755
188341719617
231178138685
944343833141
729957565892
720925882139
514544805740
424019556337
107592692891
969412074736
137461582008
703074026023
422692905020
400289281517
845457370708
632984940828
865796699175
850427925408
447596447967
499215667137
693142634203
977716735644
350062337976
763726076383
654011081747
710088587631
662408809560
374221619779
878417939624
899671694253
435997832134
886855704992
416116695931
673565582057
296628026456
492849661934
995553817923
880161495818
530106583906
113783587454
661651779324
806669554458
180147437302
257114883939
232040207501
145968874554
560410182592
275530772460
124712629209
441219350154
320283029108
838095314731
656391527756
662298009096
659725615545
297576238124
574894538755
204672203237
866108276943
317173656653
257763760130
852747311545
362522077917
445570832643
254852706929
108140880858
962538266904
919065051456
509407329668
269063538544
870594182976
979344459551
781894558289
163660806561
902451548152
732697382024
901644074825
275592276390
220280782679
819024517283
710064746722
674957489931
349634997125
141073150708
514034783254
457249731211
770528532550
393390622919
462433267103
583000746366
360975429074
624674221872
796981338849
527275345891
731649107859
823052099749
854537890262
648569353560
746798201121
254510070017
643081922403
818474013735
386285386519
156112766913
476093496328
743384014747
182182803412
379803624941
930266877567
814303344889
871922626732
938798919000
579282379960
296708579955
986512444190
941142363700
807596897048
537781187100
422607333253
507466400777
188866254256
593997687579
787194077932
940842372077
719403923230
808510298802
109643654301
205567109966
722087199704
190385692862
660546840584
233426487938
704294716505
831463446980
616451759227
646188147001
393929949681
377107593172
628689226886
564342157237
847335416918
534629019652
737699913201
294921770458
237814338558
227732815517
496822352978
531920254496
939506931681
429692841664
272431165701
971824842888
154582600170
180470077580
820199142780
976228957387
250367371091
994261963842
796582703458
299078226686
542532791972
891165291584
299461768332
837435387652
409861252147
946976733975
674579982860
703809941307
939700794303
633270755248
216396947988
870359829003
149733773158
861045211996
883058642793
590058664426
792512786329
540073108975
177666595740
508861372531
690175847454
769191163005
260677618260
328456554755
969493924302
512883005232
915123124674
894702672718
433679033032
440018981829
337279714846
823913931624
638203185728
262077082645
560116488345
783237981017
646207411079
334612946245
641032151956
573803899353
763720562568
653724873604
379916687572
578747213264
307958183412
210567498951
437595118170
819336168270
785124192209
566014330780
274613965041
678279826199
704324988937
874499840991
428423771937
164229757526
743008619023
105823268655
657559314728
764835286514
816882140805
115086526681
916788584922
789214527281
786625612518
862267041738
805459433216
605446601379
263251390868
938233345119
611958258541
697556803297
599186628992
805593586960
764946313772
292076029669
934597765057
609094873291
708052130514
475802764450
620772418325
175162145116
891342785377
967057497702
671977635018
276597535217
459741135028
676721645545
484955789117
733443581398
206363213541
691024017566
412174660264
892667355250
840004469717
430126107559
759276470337
905256364117
883820466173
848338108964
153048751446
535055800079
837683864982
230959481351
803651929820
544685974766
311642049551
711552144773
439903780140
589370473868
910572973833
974077523830
958815356707
808689110952
758729375568
863073021507
745664131782
112987923029
454974252418
411276871882
574178182151
919842854583
200499859318
751629880852
358956680328
973260694394
703407454927
849356367310
756033643300
895262775328
689570550588
539993087815
290404270229
116768202551
617930014221
798219100170
576112548433
410431104719
797261131054
980834255314
273987255239
149694883273
577289835891
881274862186
976893264469
763015282833
404154120303
150958965041
146685903032
745018195552
611584201384
292395395036
108412938241
264742345774
202732806245
155426106844
648747264920
437634352851
322533224958
527344662748
492153585728
364796124602
744759379537
342945474924
989532154390
228587141334
315947126664
763215530500
159488186806
504490832659
276108389331
315695801564
510869519331
615023140020
282354728248
282040087646
702159632149
778354361235
421721492934
791724764496
134639097454
254591897328
555780836880
201981834369
318133902779
440046338167
499258849759
229861567350
307889635237
578150556320
502735591284
273885704802
382584611213
691178648373
662540883951
785695816355
558504732428
519926571555
335318428013
792117099769
294275625341
984939643749
492947144233
769446036607
480617098829
852218722252
519873852389
361215124992
882360697542
251695754119
243627249741
306821312911
743613250257
835402297278
566109086450
470592377217
818552961124
524700356043
724742394339
932123782631
187013113798
506421505332
435114353596
991912737562
935678955188
674139054334
922354422961
712499811650
339097916216
927889560411
496406193039
605272759555
509041449559
383325212772
973596311290
686718212174
973380422822
176053877591
219137319888
492741751063
991442340540
589090843657
463130120811
737496711085
285968843613
556486817690
534953613284
215524350312
716975127156
359176570121
935714232663
481148740850
195921840726
628445393919
271583693052
666267634578
256274619499
388669653758
448569847662
456968563963
223092851655
856335910060
987527510145
654601837766
974492793296
206702350303
806322992225
275219104338
967760666712
475785334051
343958942788
426110003753
344332702496
195311717622
869513021227
758429432699
367525583979
343503571406
768544298070
264344899162
646057152657
533994057747
911740019710
715260189254
832139936649
818602288146
990134058982
604331842878
422063825502
933436006954
597139218470
258260236882
403729119435
105874797417
132127578367
760630121281
146251481636
329861564218
572567774310
385382096330
723359205211
424243207353
873707540219
720078745931
579041348502
451359939289
956953540385
737790687148
262123075686
730553753786
109668347117
643869612210
432087322806
613396339436
621168920030
100528604100
704602989205
561728961602
898771613305
127550223321
615399253735
719588289617
110043863331
255811299691
703875122861
214055510175
367870530555
912735647195
700058119054
817446258049
336005336910
112882985556
837063109111
767314980115
309138632657
371403014572
121048145842
940413240779
392057138960
216229496373
114840319261
906434881694
871442209231
454773269063
532408275377
769147318169
649504077851
228290621172
449914163254
173968180396
413836583554
397437609542
358782131218
847255529212
630238239767
425847396578
545025464080
226909425805
330659555418
250577045182
334892209494
254670270714
927391843848
520487706262
239866433582
876521818257
346757289553
585528833562
911525001584
931143854645
266137858020
469702145578
818128357076
676054085927
546658978419
935926724071
658545860577
705215714427
110725960715
448541661657
704785266602
580856911790
476306909551
885498379736
373831785911
220287577735
384694673430
801803959050
988970937757
219070391837
943054364204
358547918795
310172149544
257464650584
713891317013
348785927621
367062254425
453092517828
410122097422
443038024052
153302019967
454007235253
767183971760
123878985214
595484204871
185632256375
587039822232
488576565203
554268935547
748984625722
172823194152
594613963147
612246773922
949837987974
232438103878
855514187361
493708721886
987420195586
774570089500
160014331840
705075999468
275865646291
213882957173
304412574625
215603821076
242844184993
610037489360
410713598292
480850376153
701821771805
997501805139
650772823390
551696374020
194910380478
532260659782
803638781022
208238261902
778746503821
227669737601
652491944760
596892078299
704932683831
805446484306
683917452909
260072436742
941731158357
982153763050
189909652778
218430915650
801830075773
500306877234
349640338184
955494857412
968031491928
294091401593
510251479412
922613983188
632339062791
171492922270
847434068367
862035898746
751063775258
312920545492
727805101298
162008342950
146040226701
596548979425
921745717952
536627718274
142678115450
106822458511
169594878588
920463179155
789392939371
992837949070
535910253158
602651941748
916806418773
896700655543
250992432529
731790602658
691704406256
394054594586
150472376244
555920557345
973278265594
958373097436
526051853690
612795085932
164602703240
956087767506
885234844501
189643535366
776372419189
597968439531
653839104253
737644501901
219212716689
535252476622
963982039578
679989942168
875838935508
300302308916
116440249990
474383641933
178796286489
959004398634
205721787074
423088392807
986041162472
480872527677
117173692472
907420786137
278115827585
360488605150
758854096020
762945369638
303000399948
492208174319
202218212398
138693482149
218293468552
870017135340
420292263397
140644337105
378652818636
520731523314
577231474918
873957382890
665790748887
711443053061
453860233451
951843072263
432199228207
496997282585
332537516448
203627865648
635194771375
760565401788
270074081808
507129030385
815049447395
725575306138
719186890963
164411474770
437635046060
514790065883
175444195116
956391225932
909051676237
606057602683
387985266054
688525027047
715946424337
114746758424
176516201264
786132032205
423288632015
675677638507
416587575632
445514399887
671988337552
453861719117
751942295803
648594239399
467433765347
490217961559
792803348303
243839213719
192476819537
708202803182
793671070410
709521100581
398706314874
223124793645
665236312834
983971244256
632127222296
874178582696
360280000367
465308112575
665968593709
114139796568
614612698200
444090431903
640613169884
166291249979
898322032612
820402225584
707041421310
640155701184
295701967926
741312568964
753143921083
988287363545
230490260696
639789286975
290723315851
602890005620
549678912040
863230989803
746045098236
518354160895
571768547970
336939919643
485082628714
997314380178
175476481597
436278395937
218952474559
248111901492
202430257576
639660151288
595398804307
731981488247
994951596732
948537351881
295842433128
876253645211
292351073502
654871577105
120123853496
942162071314
699094598806
146602144438
325606461173
440829517926
566610109308
126454245633
640860186755
392191243232
798217855331
476906839856
872003436597
259245392558
901094674685
831380228918
816365985425
998567295468
673645578529
194761923204
547592102581
310174988689
641989789056
541323852388
569320089505
635031912123
663962467965
150518837789
784302965321
760452797640
210365655600
491473680905
632859899010
800973970052
237336605171
670842537406
245036602805
714754278371
122432970321
689452146777
494658010105
281522940170
799111023374
980246734021
880681969552
785901683335
839018167946
634273746967
975695916177
129937306698
287367422850
277761616419
922305827850
561347132248
575343746539
784982447743
511690662141
228768016413
680682856739
308508617756
433949925213
742229307835
626805859407
744456039826
393841791066
898478169758
419649016663
713470936364
698269876857
547457191662
833215160564
428342631138
934738204491
671135922608
287611608264
128582504799
964294751810
828214149900
727414590147
266271745675
557205569382
368959310086
472896955457
669548965965
893374457804
401576366500
659465070787
198051006605
568292453052
913067953068
793435029175
127472488275
179774562920
622669654227
415573352865
933908190907
156049270849
512051650877
843212409170
703890807760
793360295346
143230261955
762785142769
763401846541
645803147768
171276251874
947452041661
447651060495
934332267063
522943554056
737295811644
997720609375
856687439605
449216181648
681560545721
187277150580
645335775590
930888995448
987872426338
122424657905
792216871250
932389184681
225831453198
406545260938
764672261261
854867144840
736803270073
124966952189
267447261147
799947454700
186860977447
809139320931
164938938213
868443385032
589531003526
975046620806
206100244120
239691298421
427804802522
501963296602
655961730604
700615911662
323049859086
102558302599
629546760974
206714709392
383015982730
409420686400
483792507663
211606531630
304010946306
780817035987
363976053489
226090039393
185062174216
769307567136
525638264546
796328748379
578258810123
767009550565
426978536397
889539196236
814744148902
690055781510
291248091146
856709280832
770232927091
224368909482
796955936397
777850627732
302435466098
783928936087
475583537445
588384536315
986796844661
635694318972
941886690329
321053249973
444835604676
815789540281
904649459356
496858288525
727086132990
300210519736
926806859389
183352361181
755686482802
493232782865
521672667865
376562409738
486002577201
169571876451
541332458130
564857389899
658134609596
189874323363
489564005098
799878017189
161033973496
449190692260
265151671029
660534197803
676392549282
558779050198
817401118778
156685421092
412236928380
643214164066
656980032575
608108781471
923387377752
859641553463
409295260566
740593006482
725537600438
914725593457
935513363296
446596867561
711323248462
353138182215
295094093611
564360599627
180135673202
543980799237
565818769737
105721170653
178546045616
750284357342
441249662620
323599373610
474775034607
174662952371
328825590999
753238228149
509547659188
804754468706
416164858834
764963117851
856762817376
840913426554
178284504227
893665727939
395938650440
375617986291
491964658820
872918621279
734497025851
984754140448
112676905372
922309649657
572939139961
117664470974
945080521771
883334612308
644420697078
648100705273
912434677036
482736214505
200356796037
236994591210
471863343726
996606749430
861077484353
296832695172
334437968393
372136146701
501085542179
719130363813
694363631458
359121881774
593475728677
953027794995
188609708368
451727575715
543544997752
648313516463
564899710606
389206950335
346377788830
537581740277
304063893145
314732642871
253578719286
401343132203
502272525612
244351642116
743150731574
123306654835
971509128537
920268425804
402484874824
270220833117
663167559587
902712367330
715249099609
880457980198
993119262637
674439697322
169907051300
536642498349
704447256564
813947515508
584657799782
800500386270
222227687642
316262155800
545875002403
534062579876
107050016431
482846423170
163006234355
412582569641
101884563422
393247977179
950886714285
592195188511
468468739427
777386541069
637649581815
197269938769
329463663879
698638112283
366719022134
832583009697
871868583738
104602825357
511529624475
264527678949
758613895613
656375417353
228150420524
855241341562
686920620219
278820121363
460274856195
997924017375
560075168053
644124529146
752611843431
940082935730
499211116806
271383919382
240974113760
422850628271
640848487762
876955425600
878144590273
345404848952
892865999328
526607426393
589777837391
393173814465
397690300219
255727235950
820321471393
682329337954
126045976756
291535670299
266358693853
790296560153
866291295695
827835268020
573504629448
211270760086
833175848062
552123136472
795106698124
347051136587
123563990265
513201922865
207035209908
438684447225
330498313226
968758155572
861879063327
834296794139
811783759913
763321158831
580472688103
178423981411
320785202393
895573434638
687813597005
202749339424
962584522368
526427058266
586303228334
371044159164
743233152314
162494470175
683656234532
242700871581
279395881672
366259590757
247372837104
262880054503
710997873928
214662086174
754532332534
929108845464
439530019377
642511550166
325754371817
475864557877
353074758496
891991002047
356709830568
420756568286
589204193994
824840300815
566829728766
905386241306
834505990658
596419556029
452483239584
806763146448
866676122832
493833929366
683278001497
584039724642
463326140013
693662328442
182679226688
908213390196
342357767619
805393865358
151260058396
747463178759
158682514657
825277955220
889849157113
388095909766
644691392110
850514670964
918914474845
684199961472
882781270247
667653899345
681234987924
759844158298
949238744642
800489825191
556859019414
744226480626
776516114568
734398745503
593946869994
269421538372
196623743156
216281655646
301282713275
950013960013
873014637448
478563408039
290981465503
156205572801
372624348572
181689721775
411722348228
119219783712
578992229635
153446045910
145154950163
367774262619
945942810671
721502324524
621672340035
452067637504
300111382959
415889657523
620682455769
520933007814
890195467691
648671687915
139298064282
911036199001
223284764051
171129913620
977792590002
304808809468
943712431424
758550172265
396328534901
417229658573
959006261062
414726921370
452270821714
847776001831
799953384897
504046090907
893857558018
265987083174
250728730522
951929858708
590749382149
635989433934
399153970851
635067650030
183005617616
504502881822
655019180226
983704246527
267059230635
110538848489
115488173400
192615082069
816651672366
170349238147
393395457612
130388328602
388772154525
254039524875
117581544611
360972906686
396160983266
631899703651
559457736458
464528459821
868696263268
277264264551
406055139677
190672400874
862514423651
648069955423
291822217806
223955922685
800742659076
578385610914
471683987660
560274956407
628950540866
888250918132
801524016506
896449369424
421772597135
724172585574
807633230422
413230893916
828285744375
522831670731
991076964560
522497512835
448532528838
202119243194
292556886135
699411411622
778828592781
980519161659
384730426454
293802154303
335550536932
984982407759
772447032381
683504272724
412226429363
952311350504
199669568853
667237436616
871777119664
711219905604
208381776351
135948197821
112310821542
175352329029
108569462399
392742358963
183360127745
282344044104
854969861168
391436786574
869008876307
130352015194
954946234464
266839241339
748244311090
237683824449
860832524355
129893880906
699493836735
516519365572
826664857109
235261446595
453556977992
437088013320
895257361755
589510081802
249663950242
360982049432
718095875973
388679731898
668942011182
450968931270
932321746841
639771359930
685412450880
481936522586
428868760557
853686982678
860196892147
851313599151
657140198504
719522424154
968660270803
734280097975
179158916756
923605610819
396093410600
890195252863
570941541976
162566370067
952688540821
912513204274
809792730531
778453693150
245181106522
611315006531
327806924327
570925839442
472720608821
763205654106
654167745753
626877433930
708286922414
224229470531
800808085934
763950611277
803559972310
598365713366
515255525988
110357771637
704701772774
575945326851
660069050918
680218606042
172944222485
904797178730
184547305872
581590496971
598127089780
520739554994
155945801574
333801345043
640948897519
640529726937
797031019269
580377669700
244659705161
627947052821
299313494674
507184612323
944678777047
273375448983
511379787018
206995781466
332115484738
938933743345
956224198319
759892436947
537141886227
302613669852
877961027926
192656831798
350151913680
421148451019
642338451764
270698442075
491480274423
686616992980
606773164929
485961791943
544348506084
257943633815
820154812413
421663474775
675032051132
334221770562
837541680134
735387854529
632439639303
191316968798
466475329384
884887682528
187747569561
419099111329
449623978348
730388519595
774354671139
959558935287
182395066641
792549161395
480457561439
171373470142
852855516011
798445873295
176015740183
723856312380
452102956418
435923450908
284253005477
315893756387
757761262961
802215558655
921771119928
477807081562
456227958303
623552103501
295705276605
215966138956
359609348620
508688123957
986117738343
456558264901
134078916214
989917045190
500843989768
193998700816
185932018389
825618306030
731777705105
509282683164
871526316345
477401849789
453157097022
106419956413
804721907179
707285483339
126144382486
826838382989
679349401824
436326807280
669593396345
885931294443
330521761695
592054150623
974023661949
627873382859
393878710684
856803310510
605092356653
507156273247
151596572336
583026347424
550425309712
735936398324
718737319203
282798691348
870421995091
106215944708
651641699884
825759461981
598921185025
556574965022
666862526057
671160137701
505692119734
580739228362
310905779842
443806526695
405910528349
239276026886
902255648864
424062354880
704402146556
856068913766
944539811635
746053405880
155372854074
443808711778
247980895214
718975483262
265020385365
754896655919
152727183841
814026880790
115385555110
155053447732
661556838044
796352822934
996602771241
652629489217
441163404722
895269515988
924923696870
263322144499
529650344081
545190770706
473663399062
699308984302
573030345828
412517931450
888496344000
618505333773
512221786608
254101079525
882597293684
617585022882
831252161321
244262875838
883083592567
973834773227
698811794873
542022788457
990720692912
246912732794
163188736492
439749120807
624634161147
606402535921
203911214276
263207434384
975016584242
452106344819
941957841829
483051397704
920591219570
300064516420
854186741028
265551857888
740484608095
256299864880
890386842632
560234749748
204674037192
878432859497
763403548291
470195017424
456157043229
689046215299
150481186536
287661726409
484765439830
739728112556
772144532968
817383185754
834176056825
684318830909
998802779725
587001518264
535752066358
912511140463
331900034299
310838981399
261130066010
265199759855
238897802043
521086549830
742895648123
342484820860
855269645977
669554749566
207890432610
692335902359
307443240705
758223646702
727802239137
163426852115
506016319518
284660607384
741142882768
211246394937
644700814465
309760652968
182642517919
238035141388
501953345216
712895728223
494588465650
467435839773
292298226886
175076207463
273524133596
277177047323
294436865597
777951441065
848870265993
597402076817
158419207903
563551612538
453169915948
511448216027
500290112973
687251400468
206214936282
672081071411
367595683917
822953909968
389926859091
840382010723
970670999517
892591317111
891776795901
833554637621
101066415931
438389425548
193146255927
100978263939
503788917818
286846975898
749620925101
430865814435
889919502205
500187301760
455389652527
864395756382
890765362170
316390062913
421185199312
399121402789
962137868036
295446602271
461848171827
457460115112
781576147318
472357222552
451855417940
646793974375
753923441715
479272667644
276524627036
819463649677
769547075009
227526389052
781057040689
833955759279
968071503364
605645888784
572757405763
323784227208
635184444303
788177635627
435469437709
686002541792
260975502421
457647611737
100854886556
923952465964
749384618852
725391103309
403609314089
481815494321
954979795971
152757241922
725719425637
701244662160
160449989146
444970163439
213857424113
414273146289
144740213581
758323694313
477215401951
201782078082
502369646248
712145217800
491667896501
843710293501
709480911411
780660018611
390166489076
171174245839
931739478836
510444440194
674697571620
263073052377
277716537240
999833586219
510129989431
861981770535
323554429107
564252660452
873020607548
251844793383
254182653659
530554976343
482522662523
900792887029
717778577971
173727156856
459060676706
881714926897
141588263300
408336322143
518739990803
872397360002
858216026992
638732366191
693053136422
681737074390
455742058504
818034766186
499012416916
238587918586
932915405536
407412329644
483703288783
396598033010
662910739633
634398431139
440993322947
213073794398
298259884927
235123845561
142894190580
704062722695
935076789608
860449701608
183911364427
139243877440
522189219095
185104006051
166483047116
275259674401
800061824863
640253580846
195903554535
705944790738
969795618669
185581177077
964070231455
797787401247
662672650950
860185858230
348253429480
486748853291
970276633886
597043566346
425809884855
378090256976
391230019517
717678590194
312523650039
284743682187
649575732795
874349861157
242473820358
765693357933
526908434315
677889630845
664478683439
903872090101
328836084709
623677700308
946626326616
157049138140
783590312765
798466306794
187161742896
697992869931
714200863397
164213385702
805950643442
432632703387
339740783562
695532359505
420532211837
310233081492
114686352463
400896525366
568801317954
921254422017
364250869694
654814170434
258839541753
315638546050
391455447600
892461091642
890021737554
143879296091
199147884305
628732868797
197482855134
978580410401
637635342598
698117968604
982086659897
922769755724
898587329689
268547395274
469787690311
809559779063
874508859770
875838948582
134391281036
855916599879
592046390175
601995350862
389935251924
829605251242
226948069999
897212969309
205832696696
557585154620
259564802525
689915244820
356503127344
316047332586
853280771162
528657249841
694309336083
335172487686
325981263451
438880522991
597269098704
245863283236
139488806231
755081942474
110033006947
920712520397
302110056886
114395826735
371514859386
635324596827
301103002395
670547190107
672482707360
820464715516
382421490105
221423076565
333934541646
119936060170
203726241922
130013146077
278858887177
590853186548
884590379505
155125139461
249652212669
530140443143
132446320163
689396295912
403363072921
533418149986
548038106406
477684264987
177090153742
999452871231
137215097941
527269154146
760145254704
674988113241
557542774356
611517003052
542267613907
456096718134
902975025053
350993424673
735972428966
716673999517
741032312803
801248065718
400382398827
889549607899
434667037771
841888727717
164569134260
651251806896
545114217223
813506681591
613742182257
459145601273
797076751446
891552127373
620457257255
946859623583
495067745364
970255872530
227108763391
876512505754
777573044513
164636214358
704466033880
207553686089
485392604066
672711084731
520024661449
858165120956
328580993698
363928018225
386930746114
203439511194
485644158832
521955294762
491416716392
208204595412
211576530992
512511083983
545404707542
598685597074
877808574370
107998312356
471086534816
636981336566
476751132942
671326855468
337441074113
603788226353
959341219149
904424780795
477410298982
768859642354
175394983760
900153485509
536549659980
478388605973
817802026860
854584906242
707663132339
391905682629
596935856347
809949198104
865766285312
970156597241
810046755208
236268280551
975223224178
233085010549
211707017651
208776461998
109314547022
849273253299
374810949598
199047375648
527387311870
424759541533
176275666567
673303418388
460733138143
882995468886
265441242751
404814675967
151864420731
189832131542
999086307727
303719190214
233813650381
917787451465
704178073462
315365764500
640425011233
295172908535
308294609983
613317868618
480047376939
489247283669
431997349115
630575815723
572405778083
345338628918
508344041686
974412862201
743317858484
878049687421
220563401106
154709008070
598714832044
623750500976
404830100637
197791901969
342222652794
389293304727
935405609529
376991790010
858343837189
204744342573
428828286481
585159435866
612767440923
964554343415
443219469604
318587577595
753988722319
811538942775
986554046318
176845654555
474188371637
691086597531
837746944856
300819564096
797061977322
436283266398
565926101717
631846166637
882214899055
662789735275
836301801145
282446238652
620082186392
460028760982
615297220719
815884090677
935587570054
134546175648
999217496118
235083853984
893378934575
728365451471
730114930726
105348749118
956508919569
570020916355
489680987902
885118924008
346872488558
372977882138
752520870425
842011811607
221088967990
331247335862
606006655725
293905204020
855049590966
292567791905
923679090859
364011462829
574496984192
760954179678
581429247065
476322821296
559475149954
462512307355
296875850909
820184591092
254145776931
986998832935
102010273912
552366401077
543047441676
914442214538
385428716269
316694471614
169994516494
428694299557
578785812070
879998522996
439353026282
480331236766
631791189667
340127980470
128074239488
430372938635
800190245010
459246516718
662438066458
230895056834
845557847140
187553929952
391332209291
835575935024
368831421712
276621238930
576047824735
468620940373
678304337549
208958498500
251021074331
906192829532
608967650357
320025147202
209865245279
764060508692
538056376078
364234994317
598503991986
957843011919
305973377827
292679636922
354640713300
344382811877
325025373734
515005946060
288812912541
800106618681
740365351855
123175031017
474066000496
483998455742
147481825010
849588760176
168729373285
271093684516
654155749741
421603475787
748534465475
861536022568
468922746627
351851312529
357199937538
169711356200
221705464789
931064550055
737369003640
742146597775
330524523926
318599862298
296773136910
388956250128
139645579711
622638750692
814021049504
781996230156
357419373916
956378642811
744225725933
771817275315
224705467747
151475755266
897963051585
743958141588
940303080747
707648278247
893848585548
481751482199
418910556428
820032618581
981735987660
627486085776
724446256625
541600189154
446034151588
699221626714
562941574804
340477201723
849401226012
983486086400
514151088077
373771575579
244700304986
396943758571
230269418366
286856774794
239130942722
499345437587
777797696606
197393497194
625994568246
285903099535
448148834789
892074124059
733632210485
851392954806
474734388653
204209331968
900787921852
343089328287
179472127178
593123993440
570828024903
634024630500
748182036569
745079198553
189497478526
894229963687
488791164800
155814070635
296053891349
496912691953
278393630750
128509642521
633579896349
197217118244
306394668468
482384306662
374924416003
522012603250
468402930738
709416764967
853401664246
505835615906
594239594495
778937324022
157257078510
192500305561
602784620129
299969981570
530521731850
782023201944
948536721517
525511202451
930954363928
158038962430
551878585867
441363775868
421336416183
235991939329
267453884710
925912828977
404613423960
987961397047
448438325324
440000030485
569649476878
183030379989
613446250877
922675477805
355848620360
378939659466
183341543310
157335514065
929599992382
551839963676
386277323767
338560785782
926479419695
569264953595
708690616910
258730015863
601793300940
996875718250
497387789903
696798189583
477752063527
119417832394
694347996370
987310607440
961618099850
690220540313
676218710126
857417705851
657456901706
932374160043
660487885402
282820077939
630512330255
321960989621
624272350195
503657140016
120277850677
305059005948
693185391354
420389502827
412711414392
285621601462
283347384521
153652214430
843969293836
271320588034
993203336072
896134602193
967594183232
592383106486
707739228031
624361028516
918884841694
688983403684
189121209838
977543689934
648986502727
870185572120
316144409180
337594701866
621048537728
504316790416
443019583471
937388138305
912554834380
321042501390
169630986376
123653738310
576309387691
284980195498
106385333200
208608555845
871587601904
854072682822
382401815877
476603284475
349061663992
228260207424
876651077079
877009978710
727916145631
121102134587
673716114988
770075418179
108661120092
295586931427
540502888154
747591122993
479382287297
396958777089
807899607116
481495822434
690220621214
595954382010
940882474403
202492516191
693672991698
426166067768
183523923051
862110687311
627408670718
605302455770
458614982121
492311336511
840067721265
291949018040
584633397183
994759476661
267361677889
944613544226
416095997379
333103103697
918575580622
405603044068
930488782577
257167427291
674018480353
248395198871
358345271328
361812026803
511905578756
115076485727
802300410967
235360813445
794594570555
371840082391
177832117976
523963991316
801782999116
926078999292
865807190234
261992607074
741642549193
899650232947
734450439623
230313517847
529554325689
162180686333
311712486997
189231742691
227902660185
439525852728
958892151685
861066027213
541018291486
348366389021
853087345980
903212466386
543188727637
820460065197
679626577500
439172553951
518353384028
965725004718
722618558124
207027734687
166961088037
174972807825
993799870362
209975749916
318057455698
262180141647
787804425576
568989535896
630737471095
670506826971
133575595658
198215489351
872646455806
316306355447
673625099250
433429869802
317965783166
102733566701
176506659226
169997465584
563291427878
434415925291
609633607433
549387165405
891711809115
284365563405
819260104001
342231906694
587836377465
289331522529
292068841503
160323721300
190445202132
345735457886
538121689439
602371870997
852309593883
973012264172
116041385608
478814848635
781676864819
983800476185
499825710339
116955121855
131996844382
368590506630
793009867182
345604412039
707350602241
202273278906
951335678129
703802720516
287058205624
375140500719
183324777582
634860025690
453757919908
418784782034
126202527941
747254083357
716673897212
867818675120
399745181956
530991007992
573799570873
776982274998
760048544496
889087310679
138818715094
395061428794
642609562668
942344325714
124695402089
979047214049
268859737857
785425289236
368955604849
722863662859
255516069422
650104793024
591307940449
617472557039
774947769750
281699862002
563901773874
205847148160
304465515746
814519830032
381114839091
454502093909
824977752909
734475909886
496626221010
372018688249
800373200956
942074756381
370374686618
627298688062
633881408940
959984550359
753952512009
560073794522
426150874960
304031798622
539548385576
561654480893
938410728775
364498050748
194373086141
833250956846
585070935021
568388562563
875862482800
160285028327
223217966674
639724624666
607249912723
901876659943
237080038002
497153951174
125869783555
438965193783
519763898296
130090655959
291181766477
251230748771
419006517510
239990283411
626690226461
204582962131
407577651231
640750398675
533090796522
434614909918
773697846784
870813525361
401474371325
362565982934
547617748614
521655557448
476116199674
216411696325
218775258571
569946784433
846747824926
305081572997
783377372635
827250914109
181835662011
811209136117
394945231773
157798788949
928777727950
773890351036
438857607689
883290810609
618302193338
708059939498
542891441990
492788006697
668309796189
113725288492
964222817233
721381692592
106798308002
999397572962
946316045584
898309211501
197694576678
739602437096
758526570150
540335484161
659029381091
791346306629
807513520996
487774417582
107023465550
977605772132
657571076591
861509240945
260340450722
603751777417
509723969142
571776861989
348593196640
402034761755
924863334308
977756462163
864248248737
893988601143
513622245254
932954498912
642590335931
544923221711
922715724464
246610184255
805280667495
337098043139
250136984771
585221570987
229708044341
500474219498
141007771115
697970462326
578144199590
230783853379
417950301437
497294485534
780953028496
498661966929
847457345547
166075471701
530541302293
389517805069
433189105933
798133242976
517679613210
144274819396
554039260705
919372886910
790772647678
150458502332
913335134491
387705130915
602245076560
127694806649
764590298400
888714146011
856928373956
868009870197
320285727580
522787515332
634465296557
983031371172
952613738475
300513577637
628662905286
172055431429
616588685619
657672522446
823445359833
457387955402
661967482309
400472525946
799877106075
482445892207
363627368562
334601695504
166187111581
824195385576
635778852918
589586371217
168186133594
280889198962
893876841610
249898479076
988627596419
409420167265
866347989828
184125946411
973831774790
997282522282
387663700304
885732222432
625603196907
578010860390
844830091904
184108151490
879485742601
655612449706
681955749724
858887075185
350382589242
683911384856
107878689379
385947070940
683537928088
761400368592
478753536320
325613300186
392264160441
696099926463
474334224428
682598359917
108126835088
779897922001
830264805985
349489067842
411281869914
593188807638
692776291011
771793469906
397332999804
490800613341
625667358071
799848794539
359289772262
679725099255
746190123476
172160931400
213109861778
746408006081
934018230081
186956715276
903175979308
667830070779
909753275207
660796053945
666320644178
108522685432
708031135337
362337242371
989622008438
314173826705
312429261552
305955571400
713843540294
370056485890
151845490411
748073983097
249639379051
922213773972
311959938273
866025384421
908102232324
275908978052
945585250716
591445709356
405397373388
196464631669
669172050224
380910423083
604862498762
770261513702
390176215718
472449013466
510820469008
241601543527
181438484057
425217224983
693178680365
463512427123
849244542505
697101415351
906984101662
373766934404
794743785940
242521715345
519303692450
839166267883
195352986464
860986614672
130674327193
799033440929
902848489674
677382306952
653010012173
932280428624
279832007117
764557966655
697539583150
292468497014
585621447250
743166108716
857572862129
198982378525
691650783752
121235931192
640919488610
464033322138
695685905347
336439829835
776279686037
447029350000
266270811311
914771726314
507758527826
777258691156
496646507172
213269711595
944530370409
329771385901
823659017407
934039796747
370340534703
883258671159
823901327999
560291165774
285500076773
669728911955
327611125774
708685550820
795296617557
618527319759
372011223258
288449236839
617843953869
662292926220
500776487218
402236394786
158203994058
806000353198
814273236423
948193392693
442429148740
974087641733
749282753357
651904667008
208475318055
176653300345
869912259271
733863615194
400530357661
345075224033
324019918017
640877583964
408126137563
136526713790
370635721556
208113965858
511701901321
595017849640
956521786736
846918218298
130697346557
937014466563
654074232046
421393451957
559530593299
756846968152
423173153116
993294314684
846175788123
337120040877
513253596243
416864342672
176333174588
537936585853
529166891101
985317784506
928503001010
247622730356
579320456452
405334801147
824044318294
860898200345
711892565341
753059055298
406934903064
608458893707
857644526759
419290692434
344347183735
366500857492
316454750218
402423435732
449549873370
599994626342
500252557056
751518798635
317393450597
907599005968
327048335540
843514472659
364713694291
349704061642
819384535928
743488575917
857961253329
448343872289
778336009070
385670182264
889443410601
301219680737
662605366119
314954392969
949641239691
549424704679
271437606804
962426232278
249972458082
274933681486
362878204194
334018088529
356783011398
147386662097
608515866300
309603357894
198671266643
167685985671
675991913436
192568037577
391096464515
768738979875
390017753450
851977362148
527111894600
331438137220
691465566485
309664076374
692484031737
751321938561
625161678765
691491414166
250220046609
927316935229
315393646548
851935730351
214728375132
462460997120
628229120835
852865511023
712412317906
873411878894
556890619514
785552705760
927082287763
271931298543
751597535776
920882355227
460213146118
367722253599
124024464062
264392828398
747590583193
389759533938
389575831860
654260405858
954936581671
474898531086
535374601512
789125137702
907840009778
253443359044
467487052217
624595564046
363135368801
136761952856
328861309010
755529665000
106768672628
708730644870
188689509118
423287981468
437472497970
524093977946
901441880771
789243939396
307055756234
745766630475
751119518683
651306258080
512204363941
814826994771
587959629108
286214792841
549971392102
339015290971
566989495243
518832783559
620803784839
891519198982
472686442282
704788948348
632287422314
356422671063
137277645726
846680475911
305488433790
812870311052
466293266110
444826190582
861402421717
859347424215
890572660121
144154220855
662163297249
860113105234
873001762047
521658781923
871359943340
583382214248
555627788804
415008336544
398700201805
630498756889
893042322433
216012531281
125192433770
992680895683
843269914732
871538151715
305167432274
379743847035
676444920621
971592941603
317791526671
829009130290
561590123451
612950556093
299466176038
464088221867
313513863758
864258670635
478330330418
324122106406
939046388621
557759205768
654602244666
344715151436
675866679971
171490789639
246437096285
303958604604
867259327427
790950605417
450575070206
387883131755
365245708097
513911245235
327915933400
956944665530
548393792905
552174698513
989162869941
932238940881
279619739085
284749467867
513277297833
710685083521
991049138159
789114265533
421841467339
934773031632
800385625446
479910447059
676010371868
394408315224
408599977127
321807481611
103852778639
947887917835
808485677282
605148649525
553849711583
674417269968
408779218502
166365478470
539343792271
192485399532
430286980606
162306105645
989461328802
500329741987
933899791547
829119656283
482502136140
634744956933
477215945976
219923510123
139995667732
477662123020
416616533758
917047428708
722470272551
268202622249
175330678101
933752070717
150382252875
254916539933
478215580845
678356443388
100115798398
146137074779
648197616878
642740658907
572600331829
395289500905
698681214846
348120032551
904179545711
337907987274
119298035371
475235314443
749389655093
456060015611
637115054732
736043217839
410111213327
561954991203
447558734635
517214668322
538931944463
100187305046
533560256655
629274154914
684644824466
265417995023
779703221753
730317464196
547233354389
778798041556
543296042274
229962359114
922895183029
941902306650
947563440520
692362976925
243479981130
580581255136
128434755328
349605811053
525910790953
120482277217
681519968359
283605181655
896169603560
768661648895
586585815755
829655841158
671394942846
217354442304
471682768535
723634736671
515165092849
259942496545
256499926122
303481030044
918239361790
301465077026
949375134856
945295889415
563546791393
303447118145
271535091618
906603992117
999994903832
587295244615
327831136454
118259876609
470342845693
327852593878
919188702983
330718004440
239458192814
174544913015
775729503030
708474989383
164985601969
510319291966
712582965941
925506452015
597736292286
763663801437
608406561196
711260606021
914997988749
508428773478
607442074377
921457271113
177754188703
834543165007
981105548531
751871352196
406176015889
901447362360
109051767699
709469251646
732242928443
285794080407
693368973858
212948231573
905483448759
573729877353
560621531624
541882727679
252271310678
739830777460
833806991364
328933734856
937519631875
670978269072
399368256202
549708396116
240580867395
141035950081
977424920043
874945919452
612454674491
270179605748
883524680435
732578958590
219169220501
899517870335
411997146202
412821775774
930351638166
955991919649
844740688180
827928676137
280426803524
164388243806
331314120899
708673245957
927185692854
106113506621
285019382511
931480665317
829562980516
298854822004
572886508397
191709007352
615934948155
769673606309
579894759641
137599257922
113395466823
438438698941
391991994395
294963783111
389424005522
570285960118
933093627303
896630396634
999029801528
917400192420
376152525144
175895956290
553183268435
290085024269
629110099001
360947557012
686847582893
861118396750
147751325676
356120405828
435298227180
970403739968
336365837484
613581083835
739224352951
135048036733
308415014077
896658586691
591233172457
180442207112
620515081695
800483322671
847330039990
580768372093
587596202258
173147513257
316916430134
790294792112
540174040353
905355240474
334315289813
404265730226
424991558760
421361442763
214118633263
605715367862
289331251399
873685391140
375882807312
888218367734
310931894712
603301538849
935548624242
362378229175
756332490056
597128348198
828648641533
912573291418
222278525181
541509361466
535712031350
456942637203
998260272920
478481004144
456372898163
777903707457
954777512126
397705336183
632778489691
296893832912
991642201802
793417307918
473187583465
621420221578
136994209874
218333928811
222596229991
139032253574
940384616223
874782577038
523288805634
706537520673
442627333129
690214938079
355945419040
761980561210
699100854989
494822873203
847627527558
409331118907
942143235988
210929378226
242827685452
782708869683
254389711638
318515124499
497564846959
494112759676
167397133833
866249642552
667230990575
357247128202
860107044712
562534561089
165730916707
605731145074
557776489587
465885143583
349171483322
438043093507
103051541869
102141526262
562381177398
888612243937
405986035569
435926905271
431178583470
542460914146
116540966036
120973421934
496017986800
488797494610
286875200681
620294851306
924843450813
626651391681
781354196776
828264531733
429634332617
842779599367
131534333403
487254800949
718104466943
124721747942
655705334409
225457847979
741723311442
784591233325
684162902432
273791725672
682674395621
111820696879
927611464778
201957581172
524095758404
719531327603
369892527290
560598387391
638315646086
779081253964
528273545100
636213790670
369594411856
324035525121
182241394191
386149898899
568952046560
773333676866
598865586924
767175566410
319452938433
628023747538
959887385135
747031812866
901077635201
457507266616
649928672469
631344469901
765986978191
769142099025
421174658591
999455860934
940495560051
366102165025
867600288310
774611494483
239072318636
756984134714
790861291607
894103957071
717155655963
848424421955
999558108808
999022445417
801148270264
724992440383
823156459848
658528059733
576660043937
429648069298
456941864082
238545801068
625870663495
435342101837
281425069581
649799400628
887112238661
283058496760
889055276907
638480617346
534888806593
345048332447
669543225326
447781860589
275723041867
650896374966
446849844978
732016132614
342532093362
440434197973
262455056912
523527933130
278623321552
247103102562
730150209286
140644521659
977023345757
827430449276
910802179134
668454058149
897300710431
375148659426
614105601744
222350807071
589270058214
603438694690
429905098180
555082298941
917630535150
468100966472
733641632370
799801689595
177245213883
360245065360
486548557319
555335077103
530991944939
649807193398
656660925560
444630920042
699366151687
529731531120
261008390823
516278927733
236611683865
515601539030
249176996481
976630953412
508812374308
941828098766
971896309920
413377773895
307632755801
784920293323
983943869258
436776408717
797220589500
181712883615
340180014288
612978744264
302969034301
683402022905
156663206175
492935397588
174582411718
562824011582
610825028896
652314745125
133668685213
861406070667
374651356635
853416970234
839420494968
134357601535
896858045640
431357207924
717692626972
143911913373
606214509418
722436685792
263006236593
638703669286
990871294868
238009314453
432933843088
487742354165
802035902770
512742618837
363633995282
286284303465
280531771735
384162727391
782960045076
609990765577
798111947660
375572757091
975362755300
149632150663
883110747144
276019432864
678610879439
933613080937
473926999183
718933742425
451588076820
509371521985
909464534558
248498457861
290161339126
622328580381
541637347815
662447218205
866736847345
837183289134
546650785867
156602522829
665589843865
444990259558
744012346675
352575094165
128476045218
278563606547
489408487780
582752641396
112786066793
656583671932
731933370828
599983874868
693216888032
685561092981
155564902075
520828164010
652738151603
650610384298
697044946987
385863836531
194316074102
905758620228
528805079531
535462853313
746950178045
708280828138
406895877742
416019894994
387560749966
741854531496
433655535568
981218901946
953644014764
604339224349
601364459802
606705527711
990627863992
945587370594
618339884433
720386108210
302098934537
434839409743
451185781168
827530941381
911876493399
957771447654
194518350088
314024411950
929433703734
547715512200
804707995320
837181102376
873707783154
345700169805
522512979503
973105573631
677545206600
844728628190
936276192989
211907217238
192461961645
454266026507
126220003965
275089293676
420860541477
932630428344
134837372228
551183254130
867216737623
500935800611
657219810181
269176352572
290188706413
613620496864
735652130893
388241992953
447602277991
587690224209
321113588043
745763841828
769877482071
288019938248
421951472892
607203144144
838380127584
423502108275
214961391600
938126418929
710409155220
295529148287
445582862780
993968378876
811277882474
501033086411
459464130019
541278441003
615600297106
626458192618
125671747705
635455151633
469982776061
734873863655
461820671596
994875104381
680188218581
554172213285
248649098522
737644545881
315928017956
612846116384
307149468013
879506315227
435863146602
373208634872
333734857458
519939172868
791046608257
882196602681
364478887678
684140162972
725100945993
673318593588
259364664017
160986599054
983105701208
453438259949
626609458464
980503783040
830021447218
122454934123
597376856745
509236833848
298627572529
623055172637
395480690219
763577101896
971944375393
544306462104
115120264107
723754859076
254381747983
611692975446
699148837728
835912101853
108673562668
330994223143
503214580430
778199994192
491727690726
737165190471
895990232107
388964926135
522822623781
499027819222
624056639337
369462987442
223946850776
475329759807
290421370608
717709172313
956923679140
860657513575
703650528108
698710606650
120652261395
425362001857
600572211958
154489876615
612170027942
702017007980
204710749830
299493898083
956823847842
837402060053
874531252988
449453047698
799310633994
152891365197
384390636604
250411684155
803360414310
594844356157
555753032388
489467197015
965705100763
458423716164
585278685679
146677506427
187055588322
246135146097
310461555427
795638911824
525356682184
336551385352
337178786496
961742361850
377997078971
608637823158
581039726765
499140750420
356764955757
174728574805
182190684579
192189949336
322636948459
558776302779
949338271524
796687634677
625529794280
746653782119
874095375569
565662031793
233260298388
826358643409
457274945332
966806820484
991503065017
539937666380
384981453582
257133521645
816792386969
142167457062
291403938450
325213935447
470455735319
196162103065
148325299117
778464423086
372037447665
988931048252
729176355492
213998091923
954373735178
196250670973
261302238314
642329141614
345676042686
727270217699
217958857274
348536097873
211192684664
112435336806
947555746374
160101811535
175120560455
559288132522
210406205119
354695782499
146856486381
105327245072
327851336124
620343387351
320997274949
274707077855
449091703676
900439616040
826286121672
457039135450
375372288070
251251847227
943636798192
708135728860
241130524230
458438056514
198092998197
213917301856
682315081780
816310806065
127204793937
642926448427
692715434671
746251111717
718221627591
790799920139
185710027808
514051746094
779326395489
815887173610
606168936916
151464602762
690714022389
165427850065
518330354355
505717299265
944675538390
599334879827
609368122963
290299572214
518853520226
732595888966
476429143943
452145952921
219955933643
660413366664
668652852240
859064868268
793289786322
376728832372
768764508298
369782713200
147520647641
155895819513
260474206381
793169763070
388486766387
147507497165
255517314882
398589334027
657518238893
561542029092
677452043623
356527951358
180963546320
123053012540
639903549918
625918485033
737445173686
477638346646
790444621607
769464128309
829922004910
763658444262
100860418706
870968381658
432848323483
679512211450
142837468883
994505479782
309458090220
972477674846
509043233395
211562239143
546096417039
139652702694
689606591894
169848714208
476825990413
803411975736
421445936521
627661087072
940393844285
412404182425
724714626403
821100492423
690409447751
752511286684
606190995061
714670687907
978045783485
624209339038
618690340156
970061958564
851685912990
775017712908
921954243510
320756636232
389305415317
867453189759
285714475707
670076276668
858906451425
538779855793
853969461285
504345278697
174474115251
739848830282
736209843029
128463337144
218329910898
907300119405
368699799932
503101736987
301975967525
647252204580
559080632555
881174195314
704843975909
387710080689
181154979346
354180242547
514746869189
595617118496
720256170265
502829589154
115811563447
817456483141
560959914650
560147052123
501277872261
484313238009
254971894922
877731869958
913474736415
343625548594
826135537632
572377544522
882184967370
174670637520
323423992257
419928817559
195405660772
110863518594
786091554530
685998165067
134772574607
635238606113
196638667969
524675874579
710685497420
309731317115
350384059835
781010633915
220427439485
839624266300
660080420345
818472413423
158342800479
777836898853
976497460518
386526925758
896104442955
556320585220
403547831650
791671987435
711185508659
248350626730
736829090909
444125140773
112695101573
265067059383
985818919620
206709595422
905331475967
108522086610
872521525623
492896578754
194300404015
854604358536
214965050308
561443083802
629230207950
742129908006
291704638843
300010892251
319991214847
896621111047
251053282630
950877834434
886776275658
948472868402
924896105441
125250150752
483014619339
897197518878
280089867245
349413790448
960042969411
571206170285
453022387751
901788050076
251237372130
917980247304
667725370043
896678304469
185272034640
796389298980
867942275704
396864274983
742521088699
275159386480
705703148188
481261407517
629348340082
915778412016
701121228594
277569661283
478190596618
417652223150
554729582041
724969423908
553146142703
742081607272
450812291115
409017174784
438962873979
140092978944
803321149957
567207220218
132776862988
251167430906
195106962023
729553545487
815282137025
935391596159
999573606871
286852300802
903654628694
275658324948
187614362326
179465021719
188891182054
371196348764
919314478436
912008784422
836663473080
709855874107
969585956991
119121342423
319320321414
996128761232
827873768064
973402831196
229202951188
983548416203
387089529838
572522398265
689377628218
553426359029
277700459362
897479210011
874602307490
913411900161
494425750394
799152284231
918340014421
541732236341
201352841164
984749568710
831947310839
613901420810
644945004977
199258330672
815134723678
355032283021
849616626673
130090635855
695056386235
364577851797
169186056127
164056702225
158913326564
574757429371
337667076945
263370875828
669505629153
663203541310
911282790705
595339234713
717939725153
946922924924
847864372546
136704730264
895092538290
465021244689
265659309840
867116548635
399971395495
840970017225
903433727463
896902020470
401799504490
648109140269
701496882092
426924663059
702891909367
813468433051
184887464897
633765142906
537193692258
361719242794
539913819753
865958141869
407765108555
871283724037
906151626172
758758844152
149223445405
400418188732
619201822715
100599050132
298798898501
675648412539
183335792374
371660574473
532262542201
488376617066
848195744583
444664930420
401778269514
487448383816
112273037100
706996412678
834600898773
892663841721
634897952608
931671253867
260818827528
804777951751
910969473909
814398417810
518943935918
758737459366
811625926488
591958634516
177928167700
629938254625
126744851768
949003147815
695946513728
227618695601
256896650480
491470155426
135673436840
254842265017
619222527582
454459339345
762060038543
705355550563
618620839848
319427217763
923898805344
708187211129
842677827961
515503679818
674717412933
302189573361
544605262521
271549869591
741310755871
929391142337
335363735041
261622182324
423128268135
413269522063
172078403656
637440716412
380966389394
570004783925
925466469103
797892236113
872795670126
675389747079
804632331439
771091566847
830482660417
912962802774
331762396096
982498440586
538106634866
847423345580
216617432041
419220887680
335225680942
196684063041
526716874833
743399575524
671489075344
709310434661
664753870866
729450649071
466293961700
977926847572
810277634425
886871984623
857120647229
792346629268
354868655677
727912166181
534157159201
426349762549
743933527455
974915592598
616997429771
348265368889
702306089214
992480423607
561841244910
699935022702
667300534109
584543319455
978166091240
727681676480
741577851928
853531763524
286509571137
578659174310
780376909076
684736585320
277359641984
241449796169
429118943164
341803215689
696468619679
239674209906
786984307190
883202584771
438966704939
991907877490
183090062510
524125592569
929493771804
370369318574
558251552935
820370429801
111126222686
299085532718
587091943178
534873389601
467463679274
217267107178
483603256283
981073628839
179135017551
143159996243
509926767725
645198846103
357849381226
336014574031
761035910307
157866654802
252370676570
139806407962
830927670844
435500660839
982407368643
462356267411
775410730019
586709990570
601624897808
535842584539
754060553282
359599156442
188039338635
984427485572
476493129997
301752381273
142401300915
486502521097
280650862809
334079251198
347946251608
584800288186
631409673577
620968129862
752850613381
125884784664
998299768210
143077439469
713234449123
906475928798
347362157268
577842998320
652547168994
383031047214
515381807177
436163180948
188731638547
265274640171
503712172124
350122012418
148980538635
666151763435
418361418110
893878287181
578841037279
934914477714
326708571451
459965415097
747317746844
516485827674
692633599685
214988165313
142072662784
431854936795
169528602417
949348022775
490670791188
914380638119
411557546666
451358907771
545707397210
481918477582
707336686159
587799442319
366107048562
179560048975
168800737732
223769528152
313622097259
496256046406
741658664495
222863399252
570776285931
963628092962
176428701018
803415557222
210558809558
268378614325
200824013869
184860917140
678661033719
472553836127
931484014479
432233270976
523555656204
919597921859
500862039120
522172941070
610084068224
476888588707
113774209022
392095600130
413978389745
410778359573
475197758951
666017418098
372175879022
545900574171
805817188542
640784110071
601948229025
626679314030
346149333683
206486230933
105449298054
869804902356
498030465485
413547051238
412166803166
508928401800
318868056279
305025215982
732794677210
403364402242
581083972712
123752043211
369049723548
554654265793
762878800320
715639001271
514758177108
200752162494
547657022526
522981109773
311326070845
738641777347
238239539300
567199874228
365185290903
170508627446
999642930968
166483573190
189776940002
804325502764
979178219991
531075471835
422429503954
639455059480
570303238104
167602917449
939858043247
906192227724
788137223222
376841626769
273770769189
827906588777
839232831325
212019777222
141845670528
106700646637
636297540474
317283149675
197556258909
367794052594
456063976537
623891595552
785447461129
910539251513
731139566559
884101379766
195571231736
807194206815
929196009487
939873500170
555525834283
386471582646
940762794032
770989426163
401468304634
976099501702
935262259955
894943180583
348656524651
343999785219
378884405032
685115354261
144206217093
884616051073
792189929117
201067330599
667852115934
922427474083
562402803189
998046067783
861455564828
871299918610
943728922543
532025279847
606991128271
597282509500
931574762386
215589709527
817668222314
781313716198
568901988701
157619243549
116050913101
292787235692
291466359527
632946058226
212301490507
943357002872
579244380570
782297984873
764038904091
144975682329
218340679929
372782893104
122171457960
845150101117
628289707199
415426204969
232428556777
615032687500
869264288355
188548573072
554415674802
169841748903
974774409190
568092837338
207061640250
220772456530
984549801949
579878951750
925301197726
836928679764
940245712761
843315775302
912351442760
100242148331
121535925408
954725038433
634572886894
524113373803
912904701550
405864432229
649218103884
633666373076
192842241793
544143097444
353434909413
350582279796
678120214623
756673493497
746508172633
474872745874
553715203137
993139837207
764833762845
491488023056
230796559058
825285894471
655818045702
315471116725
726198475171
152201547343
181778685676
514005712814
536606039902
460308630826
227944006224
368462605104
185080027975
887022419400
872415602384
655672290034
220001598927
695510982595
759814272446
216302710544
519985939988
429847717693
863575364218
943392656551
581880203846
971270294523
297480048497
631519436757
144662062566
367958703796
756608556331
770568699989
963546876270
529464956623
130291959661
652831464773
843611316035
863073746222
630338764893
300927842030
769204748995
845782908058
292353917415
420580747926
740655818908
752569958344
314126308296
902320012491
916356661056
825539241852
214705846514
580675716475
944936908252
789805649831
584250253791
564968708998
606728225068
911207999758
172714317117
337544410614
110919073289
467830483766
227984469272
670243036259
235077065920
192012043412
273625679627
391200280850
596714388127
612273984524
166589418952
352366875099
990967303052
663138804111
517729997821
570550076937
709790682006
366302389361
167470291597
727463035071
528005817999
238986829403
154024540322
609818014300
935483789861
821141602194
602168105793
886624600939
505207505326
488108606487
195465726983
391402981736
542781442237
223714137238
565755306034
165558857497
808839297297
274077975297
377651641558
239661056789
285871440960
631727864626
306933886326
259163086750
729504439137
754209835579
679499447994
993095333846
839649619589
292498657351
838730157272
907095938440
268509204189
813104241339
268028481343
270647398717
883811983375
700997848125
787195110620
223769838867
378186265266
218691894578
468203986023
606922673447
516308866780
833532654142
243530329650
250823474393
719344892262
322623979708
848554241323
626152836441
512409711105
941770223659
457311080053
460081544305
721081213109
111760947688
660498948769
810140241570
535902908059
474050743251
257318108499
354664635828
210576292956
380627938581
553284715998
420355041781
352654425714
914321585191
901538916956
172996102569
697267116241
687724806966
387502118071
762557000021
385507386130
295359951920
263665023310
550733228383
485448582153
521648329353
103090271159
816453743722
502938644153
348747545310
504479207263
598666799568
170090271513
291058324861
701920952692
531920633834
827635463259
593015204785
718704662777
399076892256
340736815661
655433252290
368764350431
452249776314
279229504223
313211118094
711970237471
355323491398
906589645979
688352265374
791325717733
245286327644
365208338914
770238357123
911338122631
623098351559
211681340681
713353757828
293243510494
172595730445
132750278917
685533517951
891006601611
431205271131
953085067792
523018914340
509263316144
649151957816
910556533355
741315137461
205931923127
559298242854
562820658249
590685902609
785696165193
416324300554
626999913714
664140161028
287329268190
928212834377
320866740316
328317100769
983233464674
249198012816
198045829705
408977520110
112181832807
709247527704
383886911890
422717674731
832927966183
373516677942
777626099891
137717087751
832234436378
763993676766
988091549917
663796122165
125321319016
990385296536
316957203123
664778789709
411672656405
367842447268
207401231925
123007683932
304046365509
303220397878
541312187988
149396301326
112006435113
624579223076
145002526032
377150216209
937964261456
588237925265
667332741076
604762764405
638345209330
151986605225
309298317411
838237123017
492584216309
819805586619
149164544690
396310025554
468949828224
177647173674
937488863148
428419584322
942974999373
408198031464
817831352633
176775551965
397278829070
599752377172
525428327324
603002042657
200731874006
999605816969
469838457607
324556834988
634948583048
413884549225
262745699637
231796911158
333459136048
162462877961
914210295195
228210566396
990998485997
104355021197
986387899437
396458833885
125069442353
462863131055
259511369400
406357461689
293313885604
693144438325
607321720109
149234703925
841307923424
510319431940
426933292899
715020187369
737024669856
709402844101
964188974905
220168052791
411941712478
872321142291
497459571436
603336718606
688536552171
145882094926
948564203429
902633413666
188861545856
907645035540
782725128768
269076411655
227966680616
647702454239
377678768243
112033974124
859129720322
242324536540
729746603572
241436997015
540545306677
439381912002
840748466299
685349105587
660192754950
514231375583
293658277280
190420958697
157173173296
535292272426
712804503948
896936738758
125108140451
836247673003
828214367053
337686310272
319025750808
430926523938
718754543020
219926663634
277051603692
385871060088
605274605675
512306391174
552567564999
616663782953
591139736007
553772196294
619560793015
247060082218
477314465484
798666298210
209084145364
245055644379
139995157268
790113320655
622668958256
900231158919
393465875955
105649420403
210884879422
300842583464
889948216105
344964476428
181135263934
572823313361
367306147302
619014780676
417554563371
318163137612
949124946070
626889087800
154724139078
841061083163
333269721407
326811285002
302671825680
409252406348
528212881863
344471204080
174494887697
432918383789
516022204207
366002156372
633075677680
508570611472
842885642164
555202843611
851809880076
446636913495
686217404433
512181911576
112936194634
712815701055
412414881170
125299712641
129394564432
488908419148
435658956024
671360562083
561363006304
392257249185
619271890069
682126095396
243958498099
966481123706
971045963063
953239897795
262448176668
166575013643
838316730703
607886791234
228992313310
322275783953
570618309217
337788920520
885157699269
767761824179
603688745889
566812794975
692538800881
155063978950
705557789707
227322674140
422924682425
132699497813
680745865936
265661895487
308640152013
422055385158
477748963795
798956679700
966823758257
933213313761
305819324201
711219593712
935152039812
769984239630
131317602383
569538915502
779245343103
397765791144
976604964537
970438565402
696732135391
533854430377
654330775428
363900272143
444718333516
162963040415
562193779129
908516035643
771076173381
332606267790
785854702001
789076909321
460954210700
405274720949
366993695341
888494486769
537473783377
636032254327
897091250500
658620414265
457503793352
290033551798
483229288868
471009483938
765173752479
108943892515
212763121179
174203352082
877199713013
182931030736
964949364104
944389699443
513617244940
458499368020
861757117603
356684509476
724278449803
898188312678
261549681050
581561474463
190522180546
879910609532
522169418552
171766881134
745989664827
659341738020
479645885310
266355873967
337279255320
348982589922
676787994452
219107996135
604121765602
910224832951
541739518189
593939764834
152203608957
212799382248
806587216653
424786913839
642552791348
363397843262
954223841315
370969405981
108265432245
808793430680
453039352421
537315935773
424708733625
894968517086
511551963288
551228618436
186396060425
682054664290
170603200422
545370110373
830123644861
839713874401
521466600835
880542107454
218697871006
927651663657
684003882105
985025369826
634819563602
239562599317
867796429449
468378347345
756606322820
479313186254
795791177554
978030483995
875749043305
392809619307
663708790573
738370026860
645600713114
140508361261
760385827020
862452953865
839273088896
587643117127
878289659199
371699689441
996344354019
620739544740
287196362159
590764776544
504135315500
404845414127
427082852252
588467567926
438752695168
801747618601
640993966224
475030876121
576811346691
479043869964
204427529095
415698102978
208535029638
975888041268
649292423081
900756450132
494061708118
571710251373
693747681976
993289172325
966443345807
436342105116
687800658650
519087100886
299822732496
517642384643
320900936686
563643143181
908543634536
753608172581
446667495716
970752551425
174925781210
443002845188
921094836114
380200744178
888505090211
369112858627
500371778482
427406481798
503849004919
820766574122
186516851308
809843992700
646864285599
923191830958
878397471594
565588658160
917343766451
249244802276
307115151455
877364731530
986959618514
671576724276
927609781061
574424857080
651597619653
613063105383
994234068627
715910005770
842520072211
121150964117
280196612018
901745934601
877577014601
813253631715
132307850561
698951923893
665057753292
788658964468
688660469464
211528061093
927927109539
433627887673
111099226903
310824942317
558064112237
360476131792
832477647703
257580805873
944406869873
607217965768
998291349944
622482998531
861829427245
340063744077
387753044946
743732285472
420273503627
904734275341
113791319798
790884848229
878018920367
940916847032
672464061171
648886848978
329100012926
353584478937
621622416145
435854325865
679421210166
816637736659
747292413516
601137614906
703798270837
607049089197
947150011118
382166212184
747852061300
427847287041
831056491572
447274077569
237671241386
696722800066
375049763964
104278051651
131992960165
117874708944
431731063954
605894747027
545899717550
388197308314
223641293208
969284085795
468185860705
249414115086
472009542540
957824262595
969988679224
808772107198
575000544092
976084101814
242601784772
966907797598
281056912395
288388895621
912934343127
876658551026
373230294137
660645197124
950904833148
328725254970
607397559387
345485670985
124917193799
602818953589
868608279560
738186216003
533512403808
130911194043
513370563059
640870418072
441055780862
433331548379
130072227299
896389191017
328787824418
579976864953
326477418162
629576085558
185501954054
680478023538
130490149622
433157286519
859381805162
676624133147
839241832069
689847539663
943516708226
378111131109
178590500268
251432486429
233354494485
319056841248
831373568297
511684941511
837598798565
455380420920
482329359523
654506298075
498797737163
535065870276
306684715677
204603382598
520354838637
730780025707
897152731178
736601207393
920345565922
666864981510
105212631438
887568479189
461549067103
783595730308
275708921863
902844048448
353107821878
263173149011
249014873973
348369696276
358885136582
619392541654
908675147428
614703060644
292044090893
788018938644
315762297644
386565041856
898165099453
493448142898
266870126151
250428849187
270228661760
817503754980
242940408268
443585804174
999607751475
996058604178
559753191834
666911570848
213525081923
848472996871
960129147375
405603778185
891910892527
228525764325
111950329015
797687798058
267041431264
448301351470
393728444968
881058681201
176975215273
547318704415
815365425991
903390629209
730942743229
487580559199
243534293098
389574448320
878295010369
223441017801
585896449113
513465488516
978397248579
552411452488
950088788184
769925098842
689726055267
895367158686
916505787840
280020325930
739604386952
563839845156
928712873562
973596735526
708484046287
434610978905
603589818462
213023545791
873677606172
442488240195
155472675772
234394721104
135949076000
853706839867
369895821798
882398516566
133082838460
377026170496
989799547062
456933664497
395662556548
540518531647
723437142005
370716827920
911004331334
908977851468
354534133933
849944196284
101158397243
458163554666
461713819853
560056129522
552484518719
454079898160
909764444214
806610082328
409739294463
178685828259
417851907799
686663564039
424422032493
811299816096
590705278388
442769892430
869728567089
682590777348
855985473255
699502293563
924578656131
887979105257
952600404388
990829300369
371740747576
388883045326
290550865414
729590294103
744805869130
444930502136
901610578489
722631195137
554782467069
172298499910
299680018742
516991335456
337049120932
104330468352
645781568140
875249442182
661458776515
423726956367
655422992250
873371081881
709314662085
459873919200
806629035490
566860044286
745801217723
828290504917
277504992179
531035255623
649853225986
855233521524
770996036197
491969011976
691486330887
545640088341
817810961739
908834514981
817867147467
898832962293
840934753600
971097767404
548533227653
905393949712
469568172092
578259347374
532152841272
522277500207
457217791033
902476691491
592141153946
159494873908
476301977665
132417618795
879499978611
682513665367
611837528780
572771833538
873286516065
828662867979
651560964051
839410949100
892568168212
850152302668
153381134340
262517043750
212084489819
810540436222
791451871036
533195474033
955261610165
618371576432
807381588986
275986109331
300628091321
792305153283
706543153684
195590760180
595363474197
129842201787
151276698331
524463425083
964253747610
372417377395
439325290550
751131205686
382286768745
669724238120
465458701073
499010479843
705832045192
685223422731
192518448807
230274620206
842929435113
408328546579
722798109311
496050464872
291233967364
318490308587
363106306934
419306755249
718838778079
414810976719
802510562314
541955271781
225190807539
537019534002
472402024496
908057826671
910799938530
862497704889
333665164874
940904806365
435928613446
723559416653
974038375657
780516895420
242912681302
257130848200
923007305554
125027500057
802267747329
319189286508
376713987288
186456097967
379816453416
919358855701
111717579124
285069682120
628370266813
346822944514
152345370037
806346142440
930841796419
544309499990
993147431679
793341996332
537819434944
234938217188
194560288388
610579310022
992843376746
904804901717
816270534491
832014631522
679970718521
877724378524
437115131244
383014726867
752936432872
848740585230
179285023570
820690323605
137933514543
262417220006
579984662955
402809041149
910664613189
571201407365
933143497612
261991388025
288082190178
226771642167
138261571411
873216189795
342196744460
763936189666
630011995907
826263725469
934294580646
691156539752
458379131534
637072712776
520926636442
195894885410
949774542420
363346103798
695967439104
253329579909
810614653072
352384888391
818134264338
907941502376
387488852816
227783500511
592277841074
642700094502
202414370929
970445558988
482288027257
583268368929
871064206947
634246468738
716669085120
566656296189
605301009213
820340020135
721811498310
870589235832
151577420593
518895495727
110487553759
461434420568
306277705036
259861512692
874374960646
979795873322
458666550053
275703782774
562252519374
704600479099
797097771351
983109477553
582304657632
663421819754
549520256627
427718033701
803280170074
861703999519
197604330546
283541458796
310646649243
590406005793
225502819917
323546384530
521396311115
524929842573
860569114376
448286140806
223836768826
251401951553
739090683997
127575545254
158209509594
820571544385
738988315463
535391668573
298580955694
770263392529
408348722814
125268850789
730519522314
462367273550
367466661196
590529592008
183950930876
470751073480
435319812795
214022620067
717301758078
936162243547
973528095634
596260174324
458235635154
518011075076
165450693844
780406870297
128156975647
803751921485
302497925010
718540966700
348666899506
364790325113
705880700027
215779516249
183744709645
566212622856
300950101256
482274382883
295090858485
856838905865
881494725006
854814254693
128471899942
559010913975
852598028773
835620992064
714999979696
836006558553
622607084786
848247478040
764906319784
238370561302
546525986851
980691500029
143856657721
674164675430
208269895823
628546893929
651477054735
122737833670
300243507695
701301882720
999455540430
713425560834
892171475843
982683050812
780315293044
416293655853
803815081059
558635406697
848842832805
343978846424
646025820713
456207653284
820359392763
734371838507
540712730088
129283568292
958501736687
664266464331
474185022840
750751851967
143903514139
756310670088
516637449733
209672870421
844082609909
323351462890
477706175050
877257048255
861541563250
991867662315
967219826889
684310630904
197162698682
255931645624
311450272392
110536687780
930140370754
165079018360
885612126970
169195081905
547856948815
282111553786
879396707365
321707854282
174020453838
373316912033
624177601043
167044150292
134204542319
721720622722
684958209826
345671151979
285879847883
244569564616
468892192696
732378529396
244472379135
394625159813
529787389578
663831858697
615382792067
481439512596
296316480103
307828519267
409051688681
946380498409
639388166442
881763629601
114420620352
936363861484
892835094905
422490021607
538117162434
283377355731
251207493429
551362777540
645921600347
165710742862
608118529533
520474073687
116563262686
510119677253
138548123742
291278966155
859341170657
194854892482
773181286515
894491031211
660028451539
583345493558
659087484894
557024414120
157057904652
351149024815
605525661127
310232200029
386938493396
479714958621
572095032889
647060715851
481342474589
308622849666
324948845806
363507267012
966430385185
896078929577
763706034694
100646101090
813390441935
414328740149
937355216669
251702966479
353979044813
868711944570
249674028769
218518113689
560727788730
813741195998
684878526268
888674455230
370805376438
417268480617
500449303684
190920400634
740418780645
684166044049
541926441539
753381583009
438571748257
725754254466
895615794348
572799423292
722816463414
139908297841
878205706369
687266842082
629714625394
234956800105
245749868935
226097974232
419407128630
855258794489
584826878966
305553375653
787657694500
707823935065
585654560333
519394744698
680965528358
797178583968
763725642342
895926694231
461933846225
277905375357
466954646261
202691621971
157133597852
973643190363
449163721149
917731978545
163346172693
541839379653
434258490399
848267624903
647783446772
753659300093
307554303049
256301626343
213867113139
855332761019
462834519246
294550511763
599148934749
862636161935
447971567576
274631794005
610156680685
690320374638
769183241640
956609707733
920014478836
637506981328
232380244836
204467143112
690795574542
950543892774
430846271748
751590173970
103566831949
806451468175
536921456675
963303677355
773245135656
983658259238
782331520825
616699891764
606152070150
102732730583
563644778402
525215992792
410237827640
847221209869
262793355352
174958161868
990940003220
423832201659
219926676033
105793184153
793668998555
985817198703
745989050678
286581938694
737063592720
880972714381
310656603937
786974157143
970261689341
454531536986
242130076501
943354012530
351840597261
732718911490
468649063399
597268813369
718944504307
288957796942
886457548661
175811524816
761109618696
896568118589
973322591926
728560204577
722371717044
213451915200
504389291722
233532532051
741239293814
391402135094
305626913027
409635579952
259657466579
486582220346
717484134521
900103842271
154849996220
824241626720
952784963383
805646856616
399461690237
390307479240
563424816444
169621187946
557984670545
815526596684
531880431940
177185449001
164275156058
669706483024
139223565258
909879877346
720774781567
776495110698
230066742082
172310579336
737073185721
415309007151
813686365473
363245201454
995407535618
619257591841
887702667327
416273117496
872795928009
263232732416
633922301301
204951950596
273666100624
816920973321
617998379868
308836129313
702543202023
213158888222
135801803181
800854483960
576721346933
514765139132
286912810875
123173258128
962255824091
681230218436
787696427836
636003867518
198680672684
681523425890
214561019802
855684108623
160654921642
781141346708
790154821063
113767123871
141952878576
831519028503
225642854532
217216133335
178864238492
804706954299
726279039294
575635991392
956142084878
662850592159
666607228203
763921570752
361796825125
881140049825
230666363858
310114254359
389490290408
873377929810
865692779551
267329969401
417752245630
841587072740
170538473493
285797272502
205095591605
661857712643
822278929692
638004846898
122585542340
235969767572
655788738225
979449475283
355027991568
539928123515
528607116933
471017417899
676252953706
861898103101
243917159754
824116096739
905272250121
985461179012
712862045384
892175317991
167643820396
952676848581
730444712293
764891886468
610210128251
500279312553
626317619727
586752684984
975434532008
733244066374
249117137466
525779501390
132366441462
772133559969
312496059173
304434117887
749568825367
777754210841
532017422760
988222556162
796263989226
598301488658
554618715874
580021500404
471265758966
218268518246
120271119628
279409366959
548301095119
993828149748
384595687355
502553449689
422320623856
716957790040
116976417897
739513805404
384465946801
818636559046
378357110163
545116145560
616063198047
136963152040
782142590338
247104512211
605408830846
165008243915
616043727593
633406130107
140654264344
168027557419
395361090119
648939818255
122580125614
787577667529
390060266823
511667108474
390350956016
842103749627
585415855366
908431605889
924928414304
124855257840
316475094318
111968450590
943006091054
322994623446
124256006255
283660922085
714680866418
192133713440
125670379298
220241712716
548016050264
338062509015
450015092937
402426351768
252302747936
850370558734
418319342431
965967475357
465964090253
592935008234
675173258689
395762368519
125771450585
533071790936
169088121838
115274156990
941718852704
369128604930
257196364116
818678225123
318965129134
676702380639
216898290765
867608441010
211161718226
502337068193
938400773846
445537418764
989174263967
278198833575
341857765522
429258793544
598825887094
445544586227
182419278388
341204587920
129488357776
834394075058
428432258808
743706446152
920984399455
976322088795
340951824180
235226328236
603183906190
908789065272
607425097017
289517990216
940077283486
144642992089
173297418971
679850748346
472555156601
382977592124
102313925122
358911297436
425686196008
912010853966
107267520067
819898968790
143030330309
772943759960
122548136634
821054499375
183326255212
245426781654
342238419524
706037220194
717912745227
434241491733
252651998529
996902310667
418657112273
944053858967
307665996363
230685660971
410580843373
244920701627
646113422493
164189924516
369868920905
911650939526
343317816767
887204891303
969762079862
914338685313
527188455589
213102903271
864731341007
615944661767
557190551089
968554453158
630245537049
793778164519
549803646792
652202257341
831583009686
497385733802
936282018992
363133445702
255080825587
307439738804
387300158716
146687873425
635123066228
746312478827
200847510612
144317323320
556693874798
940982115062
292494639586
349492749381
127451709465
457780100502
897321926580
224509870447
311697257511
796464572037
710178788843
220305858458
939638503589
675242874573
464966772480
701895729779
983329092615
339587814026
499358710588
741213178555
636315726007
139544411560
701503698741
560681408620
529774025266
242508761262
864060873840
147343494907
788573917167
598191102542
643474996541
220590550004
613045163261
456197622277
508482368596
804027231727
838949238629
360357962268
600363722077
936458935416
194111823031
118375662921
249130154934
875471310358
496251119268
378254589341
475879878154
191668669300
923256685711
993791957383
190410008349
145623626740
767561310041
280480463257
794650542312
184363647447
793083573879
948534963927
456896578152
297985084340
215294485592
413944880742
365120074402
269176045283
131637791199
130060357420
221769107976
496096033992
415064757785
865906839856
876040762529
943187819787
466289844748
885826851609
280211309137
308213736438
490047386630
996652138944
225486475296
205490652344
453953713179
175421576919
258422598180
381209178577
392714504679
970810590420
683593021020
180347467292
924472486826
713385793032
840049333973
506869060299
500649254943
766320529722
876218284515
756559425830
677509474707
451259056844
326766038511
482010513458
555772139906
840494398423
648015720585
510171226032
835102479282
688687606685
440455306911
845988852005
728201640455
468927221698
523692839402
139151364332
253651442255
356267385940
783307403279
313761327153
136259545829
217293051289
821327812880
758133571572
426598429187
760760465595
734155675098
351145262921
566292100472
869300819035
541877939253
423379659493
168281549811
146497428678
671479765594
780695437477
269446630382
506993063953
462459506849
256231210319
761947360497
379823389430
395101170157
802257699936
511702446835
902296900593
928392834072
546565083075
864417799946
297300088371
257013222552
160312672414
468366862867
250055280973
422904166322
837516674534
747634384258
280422803949
479945816013
284129206157
773549465541
330393254278
421476598620
741055182843
231319540286
559828499264
681516660988
687033425729
828072626612
589270604503
809308196876
731221728762
936807394900
242484137605
831170552520
439920375536
685050527798
976779045625
979445170681
404392912212
681094645356
587307094666
602846637241
994461606290
769141157273
870832116796
901388291871
982480406583
347382148598
718471067501
376750520476
184256007450
651633764655
505483616379
395202262107
246107713292
590042466459
234767492132
390173716465
239574144241
423751458491
839475594197
857288309541
725236232501
232485302598
373634329768
910231711994
577032301307
869419175407
327314329604
719738665241
905526743249
964314917477
793228727760
535922605003
785152228145
816295844767
489304862410
727475498971
412212087866
940523929970
843172008195
177544822235
211489554384
192768767281
117946884340
435904389588
245214296124
452862397238
438312279367
130436165371
176636651627
344297709167
510237543816
382396947247
187664393202
375118741843
826938700567
942165241506
857589644054
918518741355
456502291709
600652514978
461574003277
141239151914
490682518263
702676294436
449992353129
785516233063
683438224013
871076514471
202607185644
340987714296
635195365586
842429903106
525182791328
285024451916
428670300649
105672463849
809175016042
348025575035
253645797683
866308604025
427795230745
878782742104
842177014972
408362345031
680532636193
488829174614
759825305266
843178865284
123590607597
448780506104
949201957384
124739178080
545615053234
701033808880
906141063317
480670020283
492188662514
446990259645
971359633983
758255920497
654658481270
952688602720
234083608046
182941641497
640610933823
473574436300
603151458015
186751594305
867068231520
965253039699
932798440006
843302617327
550088510966
787423272042
839295003266
986743321220
557880878926
109288050168
297681550151
330263097173
456708005711
147902576022
791077836734
546702761384
900627137595
256165310219
886206712537
741179944225
563621313808
323048847157
913836800142
442020110156
771362079826
100813553286
715462663345
601319064641
372464540729
299813033187
833771225899
251950529509
906022009878
228965011903
738577507767
566929645744
220783440540
632819574400
957819503617
333710406943
495462120928
946590419700
230602549614
819800914376
841466933497
294727619805
824833417366
129853666410
116249519744
622045478600
984794231237
754087037050
128235851214
137329743496
200275688090
219134381158
779504924632
872150248923
924178634432
811809832412
115212880661
436046774500
313273561319
389190638488
752823911904
843413041702
881043355200
443928155227
490021350044
562092839270
639950909044
739567052091
206545424762
618163645571
177159792368
424769909420
532287611205
744179922942
954713601247
439761446078
584401372503
633075680350
875034612062
287063734799
876811636442
274453818671
964760029288
181151941837
437213540278
426230081817
819591067586
522938492881
455663493566
419535418421
502927241805
627869425031
279097221010
215110538770
110430485916
434967582859
443224547666
319982941886
635611406359
790548485772
718704845015
471696605682
545006640799
561334650175
918533689563
841359186996
419961186668
859612937287
278271465120
168900279764
597958530260
212201657023
934860210773
669175178367
995443151651
312449136894
656493239634
136474946387
763287385895
999868785242
295937779199
616304465324
655992308656
828500746887
488434546019
776834579700
985848419383
276160520373
152819466799
950080214648
518481537332
864810488883
663794890078
108514931603
962014172459
978391716838
193166548388
422139218621
434242209743
526145842434
357213157008
884732346520
906036421496
225253372334
101086092824
191747660980
721349022260
921962945219
390134102880
676150768726
953600822590
773164250133
863009012747
758294504281
953136848572
374563485817
492691369192
872650755025
460189527991
314217586429
646798180306
478914143017
867893919909
963642944106
200522616272
696379330575
927594146358
413593490052
501566822709
982640052609
932618690142
115377856294
811885786038
468929827143
422920676372
740862477406
569221424249
728757355843
292139074955
660575578104
370731189788
301449410281
150057005475
408926097145
196221255809
365032500935
351921754431
238851183090
461562206707
413893138516
864714967499
632020120661
707664613049
758169268977
781519352382
957755785861
318643681665
561781065478
443654510408
805055039055
571855502438
185975196647
254441298416
806496257016
275048036288
610137214461
729591464317
633347221652
717349468338
794031063627
612809817058
743022479043
521341307975
785425586706
926040990722
402562860388
338477443536
992030115026
324327686111
936117949388
215326877908
113286493034
245529958998
672723196778
682988672024
990026198190
629946316747
258688419836
494072420340
736137440737
935370781541
391820668113
683565713470
621172670811
432573055352
161944493467
619543153935
334055468508
397493074407
326988846127
957023528394
369961038969
136103367636
145353456428
565525056317
306915281589
573140119443
375554704537
789009100910
142603383101
500173658802
238841034191
223347519789
103787566770
220924647051
399375102478
638591401530
141524250200
204760626687
704351095881
928527367210
374370866225
139315552004
436359291320
637446639514
290573597631
924960739869
233395185357
590257371812
748350592495
176236530760
176180855310
415656788071
329111122935
835306074029
947990017398
155618790995
601616880243
680976345099
819862319275
374342438758
426656491210
820178671113
306428606690
952671214934
225778704337
649519278029
878752473437
899241866033
414570162302
424774331673
596245408434
335961249603
817873901440
259335183879
339998567078
617195786066
533219641760
605406655126
196810489534
131380999794
787620915670
198379331969
212336927600
318427852595
708140036170
753945002157
712161571591
983817899857
219475663833
168060835847
158894971948
727872715241
832080752998
809112263431
804394961961
205044577734
417190451968
775153315664
244497822696
148282969244
109751606377
322193555434
653349169655
741665045360
174929584538
359309691918
161439746283
454154069843
117443706660
399726425683
385529213345
380767907498
238206045450
167106660944
660191212418
759944731099
915755111181
335214800826
458715911107
236189302302
454315380542
836523131629
878201628876
670972733908
307352785332
592591526676
377173904703
851697284256
511942272813
995036357561
521865647709
956226226329
428263349640
378441257789
522215186489
495286572287
419833995490
835529986362
868774428921
609098327775
679462354111
335457715524
307653645240
692208057371
801267901211
699736554323
248227856530
113164051105
883195896699
209090681931
760412954386
649569499563
819414023661
709657595873
602555536703
992210935227
171484565104
735919168651
464086070847
723982254447
135811606771
693983292695
704756711951
196358730351
753033053452
289415523792
159612230374
565577494010
951420258748
936482803198
323666429113
919106307436
910227928890
616063664637
758059567437
120777638544
535190727384
287553968520
892356851933
934983837906
980270700387
183446656527
230308436233
568855215821
923843558712
992342163044
788481573771
767281648731
802180037313
874441636145
264714409667
845978427655
833945551523
908145115460
784018317183
481280569310
863214268094
471269642529
171676076674
856188295558
294968556721
930484839537
492721135192
247586066095
607032575305
486534409107
424832233690
604939936818
822353298595
189096350428
542286624373
964816249056
487111379301
389608379673
856584161241
538380868037
201665537908
185639462406
940777026707
952691212514
851813735510
686546000077
357713090476
587122293562
917705023394
607521137548
746332273612
996263359345
215614919905
977264602304
479169841073
809169290364
553230713545
456004900788
127756536933
639659893479
347032399855
362741121159
889834276352
991272893845
134697354224
395110148855
550756484718
714830729547
197920242331
558950389957
963073198510
900491340802
402518663852
673700280177
322816967082
443683842361
990169085029
757219652755
493981933351
625406472334
121408573782
698167162868
993957248342
103933211163
272034346445
134808224363
575140430596
585355784280
405868439684
958878350034
737688298622
946679885274
246838918961
148979712910
396344126205
426354612382
548614842637
972054318212
236895320807
839106640096
602746314092
750732572487
515476635477
913765269368
607530874405
171631801440
274134598322
411498187423
972549245606
450202278775
255950581474
243622618887
960414353718
334107633328
622217877790
676461543732
703883111787
620430299680
718400162963
716659975880
917723318755
544054590329
400797161490
181668763476
714618256517
488076412392
828057301269
906795785352
296957273562
734967873721
379477509117
144183915308
658209853213
335823644047
516679280770
106954706420
720272038243
342848079532
380390138120
213427420847
418066606848
985786702384
653895953735
114376807660
511815973252
847450163785
337636044577
695218519990
998031975223
756246511190
364447015818
621362977627
588903616749
860990707939
670582752422
563841105578
993864291207
943591206089
719197378951
962161279865
470027304893
333973319762
235072942103
854478165556
734122798609
652843481869
141933607005
674777574449
929222843645
185902786959
983056786843
140879233629
453546918052
565820097882
225942953375
444243864725
711407008671
469525370378
146381208215
340829864928
543065865863
882971570515
279777053903
553722824072
798126215630
517728061013
537691135336
273628455959
487955889195
915247231449
855712612933
707781165713
851294565035
293313337288
944719565065
687690684074
640900879410
863438885405
534292950634
390414133638
291996413257
116103893456
565880725924
829359344604
818662510479
837149433096
860405712921
269590011570
457402172132
886203645568
784904692287
750036539807
505660243513
992555565171
279268726224
736883806363
923420039559
792049781840
574946802377
514806309079
109086706567
466499158840
596750104022
850723139999
724302038549
806243359076
598359373555
907662153907
379779030022
804039245821
872124161384
772598793183
242266947706
927674312114
648818802722
459935178043
622479485270
522748703028
897612049529
469276053947
999053890176
687030712501
620271658437
768889750585
121854879869
396831905084
832881082452
525895589441
275817802737
936414387588
493614878380
227567509738
987588897277
251732819387
197846534545
748661826694
256279949858
323112652749
631161109292
115874549186
728628788142
497842334429
351102879356
359295240152
322462137616
450760118560
504606926258
539874680815
550436098491
919761031719
669880809862
690015723212
434478421316
727521645623
268613090683
730620753053
903395290413
463099379213
198876733258
651820571149
531052164600
129225244390
828167820989
792443897611
617102967449
797112682818
186728040706
998503993479
251779109956
823181603516
953536394142
778382524004
940551026053
294845546157
402619638261
512183157165
569223744050
278186338691
852912000466
620801244512
351535124460
178243669630
593118292760
929185977531
530732711612
962694782361
372124801050
587484387749
947490778031
960256243998
224508059907
682371754787
433974374825
877052759721
987652091471
318092136808
929630498056
379011050732
561265045597
748475388052
864638047503
245621501379
903629706680
516803725914
578977353448
904283404013
311885429940
284190333423
491542297649
906556948096
902745281519
305073674161
738262179040
873325974090
428132988894
843102137469
589655472598
233841420521
347820786271
257991650138
720287419358
752316831760
901335158961
881849770067
785219289242
798195702804
259908504685
974594676292
185256965655
791809314347
143696910767
827737223095
163394056209
225454172902
367111192365
938775122995
270716630120
201301726447
819438720875
592695500823
853751110331
543894676152
859754308893
555269425679
483025887643
678444152002
228052600813
492361086641
317718603413
381718512451
175673217987
992811165691
903833671895
769252438758
110797811151
234551284872
450673094071
222931281249
683950170271
242076194049
438031042856
564079362235
512037284013
655334716444
988460692490
559423672922
813349937021
396322395076
367493542074
169212141882
789653804317
928818546338
701212115198
659478581477
682197445281
499114426899
493896862475
688188945883
286233598135
506750744435
715455464109
909921645588
587794781110
351419616340
359946586968
712098584057
779277588479
173804052905
475694393547
696086588954
143428661051
875784439235
695630003754
329611383076
830436621302
679126087135
187557041886
764718598955
577659706083
377609580076
325444031609
997978376027
412885504526
845103920882
912014818463
363688217755
222968926366
410126213016
349256298290
106220983309
538163647446
685210422272
340358349760
791734332300
383060271364
285779293864
751256465026
559296347072
205513469484
697585413142
987617357438
590866704892
825641477163
370496470003
338134916177
483276597050
258912680110
302743661879
229238696647
838498853224
184276661065
883075584187
849231456024
773507939307
336102710987
884562445583
913615768398
405847506526
136032742717
146164364908
124001084421
484241153412
131996306172
637127691616
374940917957
379523702667
886782819962
144851390694
851134769364
336202738005
478555816250
416003341635
405840517042
426467481239
587807440322
525423830704
333622296752
974100654364
394746233859
985740857465
447608372543
529018622238
867700502261
367795965557
702800375788
916902426893
220425196412
840273302168
170795335471
357906270074
973812032141
609261775854
190342328313
979124959599
698190163110
933178062315
130524296745
667510180613
399211454962
565463220357
959906886995
212646930571
138425042420
323124253154
942364099789
499299623950
202741348986
570649761365
816499401079
745206291347
791845059712
573842882444
560309088544
410301752383
253588292985
868333045562
779069084160
447420421117
469078927066
927200218178
727576818886
464088378852
778588142954
934063099431
327761147318
128592832261
125809363266
487308113827
235496577544
851468542526
452182518164
218943745035
532988460734
316547323686
541063541442
850650444097
889711202650
911150661936
411435296581
588718978369
492382672594
689713927894
941446299313
826539395033
276407459647
877746611481
913602363638
638356296061
323479256026
963333418602
147175345525
153366086291
423609202917
187789390754
666517971835
499554325900
764689754773
128080611801
964409094173
749457653869
268014236043
992642810986
241952761463
478152542590
293388015051
682176083797
942937804127
717610270844
240575334103
584254893261
370032979720
532261581572
425848569896
985222863691
307017225585
534664172042
280616816290
632929936093
398132106436
792385733022
741575514059
291845996905
657854894066
997026221347
638605431692
106120213812
120279496397
128251779134
995435455763
180340963970
216138138582
799857981016
635007238194
410443742594
844502251814
565915414630
226843308345
593783065827
589761510555
749791273741
680693313021
165868690516
914304804510
171330282392
677252908300
383922900184
418865839620
340312202654
317048393774
560922192504
427938401515
852883126467
388921692479
678021351242
417605888394
736920911531
629340053229
623843616547
320847491016
176067420291
547774566953
933077551158
191175256377
608945339860
522876141489
324409903985
171192968173
908162396347
712884009134
517051435552
138321951280
632029983337
613139756499
716977672433
814552904024
404766896819
449710320708
378002425988
357815585585
825759954370
281787285847
908124111739
458132640947
654984375416
105966455185
320434968980
455963507926
398916441552
425783057888
445190605533
578160086571
658400790661
501781847937
558227185080
109815688218
108921062314
169387462823
825131947991
878245910334
449773409943
151732999627
702219819538
987443748874
681352161877
754814956267
867982754732
222351776829
589752592341
993886504500
124285611314
620873670261
304306233914
461330603464
684471592181
504085035952
802171833462
305868061769
378461272376
333008617966
321984933189
286238387301
105546318294
358401473927
279651584898
528634836119
202227955229
794942818827
650843266320
161114254228
773426795573
665226156192
248823378791
412149985420
321734575277
718131482794
171919876223
620545472542
585992884938
848620969652
930767214295
221309849711
727152788901
536493534629
757739892038
797483954878
895009102288
181579352782
768789034852
707343262907
765610885993
392556276654
461034918432
424087873749
730125140766
182575426526
692895735999
231582648334
792457196655
463230758416
474845306909
381550624428
436560783783
836932597644
662818976746
739870363015
913893732584
154556598977
534860005008
954042103774
873298819111
817131367883
267414198304
276692765191
563155530858
386866055800
546145079854
774359664508
508702377653
488484703314
796257978040
675992420613
230063228886
493448517353
292791987936
932633945938
929305072779
879734344335
714654966251
892088464265
149830799269
244217654242
996935557455
152784282892
402158380299
144573942424
154417564151
456275607086
582757128460
627619797941
371718560171
912553230943
815235115573
621742023945
649804289755
292285409468
444212225335
487467377297
991227111433
660536744210
813861139658
852521493324
892337452898
379181848535
161711256698
716605163493
168537283191
641763770737
434556085412
576565683325
782690627377
724308020545
855598535694
774720429431
701387931879
126513992551
172771785739
340694937279
368762183417
829162260142
799749283072
308861131763
188423124293
858690619048
150080753208
443690601410
582891703845
504143856348
152127408080
907734064443
640351508763
398894481519
444534099997
265801828605
856687225655
492111133632
339207851091
291886932665
691073696797
263083130824
775158368331
222777054335
381611199030
565521338398
816164359934
747040861646
492869736843
723055297626
162745791743
261171302135
853063025415
896535483636
326263614250
962657316785
483762112417
209581923921
732036855508
916843785975
474516267367
242695233369
284085663242
420819149093
496577671979
950027375093
911782687796
376223946985
878844130978
951325378546
941392526341
378411856921
106691580180
612922325541
563584612133
223424874925
660618337226
256160167063
673644121783
624718864970
795364240774
349786788204
245506785063
160255261722
840696164255
836068728905
401378227436
919509668259
669554445514
882619537056
745474779137
370071271515
684100973245
364201528460
558756647457
927044669193
716834850382
472377979890
446498497377
581448121766
848302014777
838925520202
863034572108
372524132080
319151359289
786639932324
623295158125
590818230052
674010034822
426581072856
931233979355
830142476064
888250253176
830468624142
683952332268
773564628713
456188005835
332438403841
273468713630
188230719133
990729992364
239606873402
973945383791
259353725615
111247393662
709843457571
979095360729
610171609908
903233112221
449992281392
398656753866
187154344718
343558077052
203077105164
358890143042
355184148471
433209680197
441882668680
874099268566
667422406961
916098796466
128016557513
781015805794
472584875783
353352707232
168914826950
390059278777
541903612021
450520874853
196629733860
114408841640
199727078811
582898117914
417213264420
804448716339
631642679449
722076224141
375323857021
670418828860
516655532741
994538738821
465954673105
921515521625
965780689163
859629595964
625861904607
208057328644
938668851769
855023128384
921916217706
502244020954
406276486662
602741871030
949924919997
590634988457
361527664560
546269801810
545556481213
215352339417
707777743804
171743497957
797925286636
559380322948
386960299785
689257842867
293011806015
209198372994
217067212688
859168513681
808886248936
161112597445
177098443692
424793284800
408279514763
499994489442
734420486882
689702631004
589830291569
136449508143
108583928277
284136468252
767732996718
242423524313
141017730671
862205971134
879194583830
780259716835
829553685845
550928756346
811443649030
294099599012
470379848234
137202301825
459082816302
502207575802
968871250717
310285285027
232592686211
595096078294
187008850252
627974535384
931206763086
525081246675
281424510724
647497604744
805041419723
368946075725
110070781724
426897168068
249779585967
498382736365
420983556281
413801812013
219523120566
142035560535
224334496366
989451302094
437067839157
389942783865
180627564336
481213636810
725167951083
920183714247
785164043913
359945977255
393507486768
732062711827
169818348550
710708993768
114263491033
331346385388
355447373265
128501502206
755011202101
757550191550
886535461022
885913566586
916299642633
558228538399
150072734514
933649568105
685661101885
567133327122
852595054725
829095789756
360375519575
165949378936
313608127233
164718758684
704542660296
690038978914
156495624837
591952129789
358379954964
892633474024
569118929997
216362402298
877618802041
934265235036
363944685329
626137384929
250402046805
928200179966
830044307135
795018586848
269647202154
498094634784
599919948976
377245888674
560098507528
625342654255
985968857728
271995980925
199840002270
116779900876
786822467306
115761230477
371041397921
927976864510
553401067290
586605010744
669355817677
561473508917
334030156156
533283906250
963418693746
817393431880
326487781479
121922223153
305427921751
320333878549
388296930446
902220899223
222536069172
490728057186
416764308792
640267083552
631514018534
513313518705
785119123979
533699204061
736772298965
367523772408
459181748580
936643699140
614868207945
985488210844
338870738842
397318694385
941391883863
141213520244
716086329296
113115782365
956491325625
729464239666
348177390494
260275482894
807790425034
910267056578
884735688280
819962784797
617081484869
615740837613
468873177897
550986466243
788518857152
466228485389
731587978358
533866671651
598064376130
855359211137
751242350733
434453316820
547114655885
100630340023
889556790843
313462130758
810906608273
833803769283
402255368562
850423742796
699819489326
459204834535
883488015286
962467645658
867007986149
112435879230
730707714185
328957352140
566847101367
933084284728
260964530181
820349694814
667760869341
705078604045
540094956967
772847949618
866291109282
325644241650
621877632243
181672230824
231508961387
398194304232
703498186505
926318347992
975649798411
930219765080
710876625333
334590909278
998822202833
764477186228
607123973834
889128702672
589293375199
950270685874
565629472521
421379714390
362714537471
250071927805
906313281826
705013384478
519914755171
427716968380
324061686152
450424530623
475302343341
585157395326
786051336056
518965668177
942893952654
886224947270
630965246220
250161507613
236039756355
280946646522
792339439935
330324079560
713944998048
979801542721
477174751513
510825807990
954268938053
290933043603
685937625492
156762086189
999985510442
276408733612
733352542657
572728556388
394354210381
441870896011
827257717948
963952818905
492910597567
200167003466
165476512795
223578291466
350356854747
228445045969
632223660384
523857372705
721337600014
297924355210
680181745802
366608709396
285125504542
679216022139
416617186824
533376221773
966382639088
486643715268
326421772370
119789180880
802018277128
433352525171
338854263450
186331683150
933644078241
959247813188
760737170309
748971734716
360678152677
444651210477
875423705826
677086376756
474385490325
402617273858
156331486739
376221114445
170747028810
598597177316
624008027515
673973685153
917043721452
555475497515
473090834840
660540295932
828687315272
996818759300
317230472061
897989205463
226849806446
513020625368
193658885345
223944714237
169008875358
363758298467
596226097739
311985635273
738713158568
612760646761
888455108844
593835365415
906067932219
786204774412
949883468398
206764284365
361804749336
526007861471
883917671378
509429449205
620244919681
181399921780
894734202301
315339468466
835403569102
791735309027
456918847956
510203375623
209765895402
114183802092
313473447672
289012002413
842038072238
633991073661
302102373453
948943940051
466271939650
731975830042
586347792224
762728204765
195952130455
657111795293
910976705292
983863945576
932912483119
888293086238
696530525106
476474555746
652528373649
840995378806
678887951773
997187142903
541737519995
462344142460
874326649423
433027103486
709907519330
369892651792
245495424204
390900859859
971293621688
230007419721
628517245463
234485662022
800205234158
834863250974
945806301012
397354468038
179255404230
863745486122
712024164073
957560226666
777550319635
832518636503
791567548966
676767761478
678529085163
943456093686
439364994596
460015150549
645774191595
451727009785
158065189816
454681332581
152238865362
547716583575
204029360005
272283503691
801273847260
595496094940
385113663564
902793338408
494057168799
596264512447
101190885113
446787384744
191845336627
172237781946
868436117116
163351698161
393881635959
414054439954
375970856456
850459933237
155896379851
686685089373
232322897751
904139773553
298587083773
189066922005
733724815795
330226689855
891796569602
129647808565
997476274575
535939501327
635272521622
465936030750
240588559839
125566898385
200711799035
484580682386
356792176083
913761853053
788566340699
189799601831
433404367387
538700061969
904252023363
307996539796
760328766783
287946847671
860917735777
618922445761
786624983724
967765284951
132032815476
483029732271
124363504569
658985704926
892299874923
368553707875
378888979595
829800149908
210043114079
515611305900
836583352516
869444657547
702645415769
586701900634
833989267567
750983375462
885955352942
896053498538
433111307138
373463961570
429281082891
591416061979
780212560514
337919014610
953709583173
692655293372
328838247981
645664218902
925724412051
847824204596
455694223394
684295784228
703127099788
244587477789
137988500436
250918612931
898952454124
845295072139
154038769135
199408459109
640548462388
648800061313
998309302628
137964745919
309801187648
607612895602
290660117582
655693998925
703117975700
379203772358
547431811135
729983087220
651219467407
316541712116
871580527161
701162004477
182929683317
741147915892
484604136671
415909325392
467758478683
596398813727
935169531752
927187266072
539756048961
715812346061
443342405918
644002131003
172777518154
979250663659
484251983714
662793662883
484492673393
404453489226
749915472086
447208119156
781080550767
705534935083
553733694137
662344211420
797408129263
659636328292
484759608211
554370300171
599346616430
509837049181
835780611632
632890665435
600637056175
984410372863
960711648871
991197336905
455737523843
908801393720
756930921652
205495581150
477980400098
310628227298
231122316442
813507451560
929450143879
360695265147
964754356379
173117939056
979934201444
287535780703
566129005570
961771076356
675542650946
337871848587
127877522698
868519005519
826227778154
974885348820
721609379671
564480252393
912841626920
381050368473
984870075738
848800584007
441801844695
323036322515
158197485580
888743779893
827074330846
429809814341
649952078899
208172805969
433490806354
282471146975
427017338011
307062228094
573912589296
626847916661
978618916480
259215201645
127980877706
597374197333
827112696966
227337653311
417327004091
155686520427
170284817223
785187586487
347401052292
692529586731
730360984108
627187925431
285196473543
392633162397
184117783883
931195790633
472790696173
222581070139
636187726030
768974902429
829194334209
315475291862
963706389876
340791274838
999951938557
400501665964
295578388338
912333141374
484688825834
941806611380
396479006004
927750586644
786328852893
332701243111
440179101623
709509544883
679808032981
978695728175
218078848125
634494121788
302749563622
399616159650
283624851701
248401618514
441472917404
279054009501
554376266802
672185421755
286063210519
744834578961
826077273029
326273784833
622041756190
784187459511
727033531876
621289554879
798042404968
883093591975
604177116304
157801871396
950324575099
107015938465
404816949393
361706502130
426778378214
487483091111
554006095080
199333688529
976794157158
264702677488
720579526597
941789942604
482165533427
334019167514
507769982199
127181925425
112244571178
126611450996
787293256323
825148953922
430332493252
836030452009
472666361163
393421341240
790358577119
468873412492
519819197448
961373587891
921352638640
752989003698
377533891617
995021438726
939797307065
566015179632
493967488668
357947698807
717733584439
743726264302
106122381442
518772246509
903817442435
504820409639
573310576313
274235282256
918362262806
103058365376
422183839106
581011188771
625590866129
571410055299
200411346491
363522341151
802083206301
195853359193
535192387477
422357242033
434968319367
318517976723
468970165439
144167701242
492109905962
522711805416
332909795577
731729569680
448920659332
911118059243
701158587900
451420233558
177603109026
936685663567
138435464681
257447705831
646956853166
129321557449
759251444779
809616579106
580584828330
676221792068
404915787393
316364760543
297074453611
720976249754
851889456690
761655716714
146395714816
500645976510
831500907846
156017650366
571554145676
897267520241
262248289307
254762593346
107700509242
150818357001
944378315961
821264336308
537195090710
956067377582
152382267645
877788836391
516206184873
216033282317
270768208883
832416473019
764879850384
490235294335
700671290475
686909529687
617011709112
981958156651
855920413929
745640084740
147104093407
413166284625
779611447356
139058972043
443837515003
253567729007
955892812086
540287126895
940126054590
663525512895
296461632832
335232028611
799022763103
907253123990
646502728993
604734601165
620864148789
562363085966
703534647694
133439918028
418933882425
475786538208
579480962880
420250646448
450282496700
748374518871
286161797827
213710661112
622131656058
535730893100
864672233121
722817635011
646104436101
600616312047
797235877688
670339230091
474771653673
489437949156
511616961337
901019674545
225553716375
203120162925
291261503047
732245051107
437967385836
413781946741
568391015057
869770299712
890497227391
982302689799
592607766164
648653450899
797255170000
694955210069
896334120885
320247399471
690767649094
904993528666
947874568888
534065731227
396170180129
376671807752
367558171587
376235288235
235076873214
782110859255
343128070241
652858380857
886257604302
201821152204
245403290538
231667941283
912140401387
175873768534
719540334774
779119513552
273015752197
946183406320
235316330712
395403893238
810358806476
565195666200
180919474337
242265479883
430860788697
356592438198
682349228512
658049597301
570122654783
606655891631
976616636333
887440529710
736638442350
771519062878
551447014165
634790925721
482558496276
582302654784
893854926954
760512770953
972990979216
201535180419
488358990801
682472390523
496128296314
974244896119
733421316349
410605351368
163409940197
925914210695
509405662978
575470137550
263608178587
942115831193
298126280048
538132765590
643431151737
198429291676
262966985186
589149538794
968174935525
347857015490
713035718169
683432799986
979492191934
652269230958
500200878970
121704278040
983095821701
681110995441
201310769724
830357899294
483170944411
314939954834
439629357946
802183071244
590190327404
761913966189
919038074434
292286181941
514810514703
846973454076
900360877977
361968641510
439102541874
450997474346
962079452832
886794655946
565857080052
539798684835
118670838645
957056516071
440112294417
911328450052
767083028034
165413870108
932842122653
125834676992
548446925347
621210008322
735377927881
654320346403
924650021005
952319955642
466061143738
971392282500
831095238803
708773828922
156580133139
323720157222
905775905408
413719736237
633881884060
667045780572
769439363381
610021094544
751901230430
630836354966
815884202656
386910099663
633234842653
762846128495
265496741479
593107638632
765237680206
569096856926
738793183107
284758782055
747804046030
458856466081
122672371051
402498237754
169380767587
979068602653
211723965063
838399893887
824476534466
401526794983
318385109471
310065324675
778084337389
208891301149
467497713159
505573665401
310656407966
708610686491
920075344114
802664616437
590143264372
817742453719
848174744607
300729256303
279675694052
267242575935
380866120580
660745992034
625925098131
853269985802
548207730430
391231974369
734692309869
401571087041
652959428524
735874709099
849984668729
825243933523
413933798081
958222191005
138948411338
801842968733
991512668596
508251230637
376137270552
379344234044
136636569329
277506734025
744095601566
370451814901
106981496604
411503636932
639999973884
396985780028
590830126072
365312346535
849970279520
845509346182
512530187751
765069520745
477021572456
257430845295
468852660933
204610106526
790339300611
197727773384
122239713450
829470594911
484891218698
638882789531
486665339406
353690128926
860469804305
633213885767
406124187954
704455478199
863313227152
370478788610
587161665516
580209052002
392115678253
979302302473
503562534074
467945848068
442023152399
288684939196
667820584009
470975231058
718004218987
971760106072
681372623555
276633396082
637357952548
486207039750
943707912868
131933389783
616422325384
191303479856
270223530775
783879210739
874586396773
366386458157
769751397432
707632951704
785655222862
837967312022
878489209903
675172108533
186640401132
463897424042
445468424644
837638148554
426949752169
772637689498
627855075789
917986626085
599493839281
883991007894
234224815060
585744782960
800156763335
977558375328
525727698421
620242087959
936879721529
312469914189
529626195329
770590495199
198071508867
655656236249
977412777831
490777263289
749490375121
837522170341
985016588713
804453091110
675053457312
803135429822
672668140431
536168355738
898135382533
594101004682
859385884478
767292867126
325280935777
606506327222
725487101383
713657754096
880529964343
727403751141
862102666298
806173890366
857724956039
874127496624
911764775903
306886758736
892730410009
926867468453
234661891402
161334279684
514004162328
521964001014
608956924317
208740817649
896324046546
871847634571
922364178633
372556046094
305845600305
344846120425
478118614285
223862165425
172128842219
756867891907
707674316979
765281284541
589920123018
119633468020
182317977637
605235610201
246784543464
757091818922
828590784216
613347939861
309384439458
753069932767
127873414145
708501889345
670965053833
176083299456
724380784476
684379539459
368957101644
212544302526
569648267480
470812283052
135530961141
357164865891
871197569418
665347371638
130928122677
387570532133
150366892243
545239491918
948465958185
269817757892
194124349591
561147992213
290307604667
481364277636
451859344183
308477771801
453501268015
888471182158
455629991449
467593484670
810558549286
174860383614
988008973605
985021710331
817896515234
298898928319
416592289183
924821008097
606831791424
929003484685
677888344204
255105531838
409548982914
911876141193
730772087933
410575318655
911124006749
940177605420
448138157481
477348836137
871307598567
502729374096
491014470718
119085894019
954697593316
828481458023
988024300357
895751900566
935829522734
370307065825
178151009146
236740892982
608127852149
565606847711
144251008318
959735724306
643554044826
202737614472
721915278297
880426317487
880549982878
401637505097
831219757750
684398668032
873018905661
706099234035
623939320832
119381840784
987280642673
583509618821
337548508782
567052914912
576915270125
600298057650
711309130193
416780656667
684385004294
554476988967
705992152987
370968024669
321986482303
277078980870
870276872970
630181759532
989007765561
678979349296
696800402189
367624858353
538346721816
584434646777
515703829791
797703669230
288236448605
336564642313
102972434091
752312246219
714221035540
310026815534
474269421108
225002968177
250180128593
358529892467
529413793609
735177122532
305456721519
647714116723
962101456891
500388727241
966299085089
356880490626
851013492960
166807679809
201553839076
626516096293
686408216062
237859745680
756614672110
745921723913
847673635625
214784576360
443627148490
879402127716
776118191543
148243887037
426625920123
551900842190
365546357736
809382576255
440628063012
860441521681
911214395645
123903995713
838895121970
250528452325
286692341086
180306888115
869588781532
981921692822
403455349772
244756718629
355988828058
370337952303
471067120597
897262011252
461954512088
114059760087
329468387523
194713632317
574412125447
335633698432
809834708726
830696799877
861872159982
220131804099
463804495765
646109165714
225670930601
658950056025
830777294148
826553478393
138052429383
354284531851
225293067832
651382057576
901658794901
732984500200
674732954590
841011101345
597103597457
423588558775
848148651654
556185993117
415494246588
945589506193
743403049460
823519556030
321984911038
777591866950
987122856885
433181814712
306670180115
724341513131
490683557161
414260986184
401785637255
959822498833
887025038316
901837449249
957091152974
632565168281
413648064313
961718281808
165716218137
407798027248
677570359483
671452716880
957436343356
989597341999
108928998615
664228402308
732468772177
611366828503
131754300442
978356192553
889440571575
525930710843
513964149931
562342167585
552142054508
166351756352
532601972408
332753992353
809538753828
201684066957
745341052535
715099148506
938797196434
979253935871
924601935451
422345630051
377748223112
185454054311
634555195825
169055589325
801340878067
998891862590
725681128868
646094138575
540239382315
986694776808
271548624259
371005534888
986100458519
852397759555
529246713461
176368106554
334908483540
457053296763
545803589543
317572086865
665943562887
606385624849
815691642644
849418038787
889730680235
916727147024
774308018257
384401704015
941132277161
115892335545
928620913497
102640447999
618441400309
867197859596
810069032886
639751129849
211976127614
712366031409
625729252121
360974263419
342206707388
462948572357
818346152970
221382179092
840304952939
681159221430
281478271356
231347585201
791289631531
801708968669
360896567291
796156460170
875433881200
200150089727
705173815818
804256657726
535599675165
751491112817
919326590027
190798948703
281114514597
165094556858
462043261342
671318195326
145543509579
696956877843
636363532107
623296057073
852974812182
401170233624
105855054112
933464306762
264200713438
489588217036
706789004168
880071894191
291114991010
464171269232
366438189493
313503902540
741351304442
357359707145
736789588146
449328363682
313493427295
851300192142
406235030289
634859569032
971469745776
949069675128
869306465726
304967445016
412922941477
447799675173
613466744881
104997321394
144004996968
630788180910
686074842757
146546720297
841431529563
144645909883
107781186776
996214144316
767143358157
100576685923
784597861875
259694066560
106705567378
510940446059
165245049485
881241488854
344423425481
886627546700
624071740833
113128431041
727960092768
783543134840
867667993588
683533830210
722715843002
214088515379
991131490848
958380209660
533981200748
723834385871
886395715468
143806709240
403618714922
388466131310
540508453288
932814895154
304794585789
296569200745
624311522143
472987717550
179947318321
816016235899
147102823993
178271503278
351430813098
888378266215
802224888493
206597720160
410389686786
807691967660
929855258303
203338762409
995398522028
139219700387
684112038105
243670107586
172741849287
104704686750
204238087250
630590396008
760903797125
393123878953
451160693893
723073967329
944963675865
967060779402
931960519848
994919411517
788602517076
131137037209
858210543676
556925488131
920207344107
132529148565
266680200045
666508457882
296464222120
601626859140
731718028819
440279100796
156995760321
749640252403
765893748125
427818552500
153910020587
560535616061
142900373937
639324469110
873328299088
292806458709
177431876757
573946579510
338508040146
535777175867
873171154864
617083154388
936573480172
433551555629
768584293962
815387613658
962755758819
119224137170
312583208058
292183579108
983258558733
227972829229
680602814966
882499783115
415328367621
475503265184
447354536121
854439608781
633802726303
591204336315
300360431345
879748453433
986636424245
977024004903
889748647729
819113017777
454556718269
843631053877
774157064830
228648145763
643236300867
991036334616
616652549632
282563782458
172110271643
859307682363
448919776513
941769263297
503889279160
313532573815
656270214316
513262012749
534270482721
582626184675
256740195086
997194788430
116014483090
178340598312
993063094113
160886497638
637756580788
692149724157
943989980885
338979047468
927810637179
810641339130
414763884524
715608946495
758609319036
936049891129
152112651335
551882901079
172400032486
982909018921
742961916821
190769481318
239720552721
401177430798
299045871637
219105629501
732945960226
542457538441
492954820133
350007746892
244851443976
542526062925
953607637860
508417698603
397703817887
572006722673
840728713262
660489586627
507422037724
442767972439
449818014142
600116776507
420253382562
890013208546
428338602227
114136976710
949995054651
342805920852
471731545604
938205556957
347856773730
135173063915
637522603244
688147533471
420933467264
383498701819
398787050661
653637432659
421599846310
627772989782
641871703647
171656228660
254736626682
745109053314
894064541202
621366542546
405075021558
630169622765
608274464927
825355015998
515686792634
340770615997
597323282852
378709959249
364424102591
650126652781
216824788678
860791883223
568645810785
330924231840
307967579905
495885857680
609223442340
642440773905
560696216466
455096759809
700792228825
783759777004
991555123166
140215323404
966805891929
262800334647
633609939943
139116372659
443398394067
817225841279
534656251321
974226211663
747234393451
224927075065
139644506180
993330699288
110864462864
827823613413
527267800762
895295423407
947162567094
785077135582
951693875931
989773541616
633626428330
972114011891
871888456966
553423765533
719165523810
183910013745
657459727560
622469450203
396021169150
573630748710
604335952155
769214830489
450048697430
799732161836
806256113176
231526929439
536986120000
191000960936
468728621948
108676471410
540823057000
239162604942
341461517699
364127878851
209171540391
922843292307
465452782383
399046658146
578745886096
278777337286
696223625113
434442173322
817615248093
815626936179
385025686835
953761622809
377362301883
113813819158
305171191155
618300616356
138287268564
598005408677
494217359722
853188776490
712778965120
320720977246
758351691973
632257935527
118376008336
551947499746
949578859442
831150392028
371668082494
263339575975
504932332753
371703188680
647517641960
691063415144
978742173779
671144028325
156335909936
572374840224
988284680867
372002611129
124813177075
472740068528
442156101179
329806497807
642876987886
282447010161
650403366357
507546227996
194613847629
686913166181
126059599515
523411948756
173966858413
136966407676
901783504522
519671048241
881482606943
771688810698
473030354373
198864247592
951119241206
677857902055
425130025277
777537619322
108627166301
295499911056
185830319194
950269957042
455254831645
805266044563
688800486716
523759072808
663916147191
246604142594
711618495812
986716529886
808491756009
750831934254
651994050389
104108146077
539055596956
140888079600
287744400735
514541519735
787532209788
681487324211
192193695268
523688461529
204067651139
852691414236
589322700379
100986223179
626677041174
312691907355
547580267052
356321441667
504344775119
231638652088
879367832115
865859531863
319637626659
551799461450
306301975800
124692507868
755201609677
680071160084
828913018501
263710887994
685393880861
310715431318
390555135500
718288105707
258357634967
852267089769
473327055728
307955863653
881431505575
615397888948
149682682754
634888799659
921867267188
663283548329
934504331948
158826979348
516015403042
718642198782
860093578260
969660278139
889082325508
720860359245
204462460303
646316976777
592770415670
718041248765
837631720395
472524398577
645323695524
771204546413
189043269888
745421957787
530501546180
266550411688
498037101353
263703675473
708386519967
855504721956
196164132176
751903536703
519687946326
394212093911
157899234625
716571053263
182757238162
199262455604
212467573610
209986530813
957959840351
455364259977
124674924183
265140645698
673240299399
273194644858
691636538964
718548717987
311032245757
555663942737
973696970062
704563365139
918205150190
360627592820
680820923420
273443019437
567721681278
331730592759
149756251097
864440224263
264388920162
167696612432
425198275347
844323093339
628834186937
400052134868
181741697165
586553761432
199241785702
499531355273
183321100354
198868681076
288869563368
322074854627
613178999222
137160129797
961637957238
286717592271
596124303428
184625823182
398718575190
364514865678
487558389358
832202525860
812053543260
454781458683
938602733066
974611110116
526637611040
405066634555
388217456827
157104045901
153394887892
358346911882
374351903827
933738553367
523893061028
945807849048
358362073197
450319071814
553542311553
590326012764
969740953867
440029151372
997379080332
166592073707
101577636773
117816133596
630760310725
317749174396
624689203880
513836112031
576242119217
523272834072
359907995374
338856545199
437109142098
588595723137
559414744303
690013488303
719519403689
805487740959
666686516041
380145442963
517224300158
766072745019
736154155696
546346849906
909919405689
290528150043
751911074645
537112369149
844788648172
568548711613
981478633461
366368089413
734807581643
433546419951
573618066621
445829531339
461430956970
849321170175
671520421742
843088959648
682928023295
235941032858
639474986062
301857955962
218066841301
653062839878
217944994703
168643123900
511217386405
750942370580
955628596609
314528933029
249004903736
759301623564
776756203399
386812455053
177880252356
980036432713
436588813221
169837890735
635732537889
717289047689
157623336602
918882818216
718889089592
217946083529
186089905004
849542173687
252900674570
409073157938
440821075095
813072167253
322315773340
536225701487
155311088299
947393467468
672149181211
845181555382
948976694770
689876344248
517357148602
881367885103
613179308128
603669304348
624428447727
933022161905
415229334450
946122702387
156928370242
581077370454
447232329945
353298602754
213397379850
994208831617
235975849200
269500174208
142240705892
595243072464
215590368014
970108281850
691229631963
535391604125
646504181489
685814744312
476431651917
779412594714
636106965206
244963469995
742311209771
342077467744
564419962387
647379036855
278308820375
714579065140
468389229004
902100528314
637369647297
107659921829
812173876054
255632933379
637785446153
519995341996
115797887791
828718628219
484032691541
324753106866
783551445085
622799309549
528057676601
421411431254
693967816560
142396619505
704986766579
811022620530
624714900876
977910050647
958128084840
322861341443
896026143036
374459246360
114981407682
350880216147
312582982743
739087125988
807390475590
699363244674
830775946919
894545723380
799937203185
148398353105
388116587020
590795525826
870714206968
198455291346
376024314206
925992509012
189533124524
128106019069
609399290370
939524643401
715803098533
121558196908
763276162837
780584975443
112446049772
260480782426
635314337500
953573286255
606109023533
437514633333
468559757337
203368744545
337677621169
429974836910
202951472874
599147252475
460848161678
993174379698
901572390449
176552143187
457211783173
344222772446
943576452568
371620791398
260834672616
910051873406
596560860088
486068591946
598448020068
541250398776
950072880377
399430286622
203749958153
392630007718
516803518660
222887315675
471027759574
541348071545
144909331578
883218276989
455547919401
666608936723
470864547214
216113908011
812242371943
811779659649
818862866336
934773624937
195212723482
785053210840
176757376258
258004391300
118945220593
938274751372
990535691474
310901565730
409667300531
258396858359
958994431868
359545344058
722924246774
727699459529
211146479643
693858319869
588116167845
230419460344
866626307129
894093676444
519160558031
725800297334
171244454294
449387228837
699631731743
857421898370
275508371119
122187726367
222984091535
141871332604
438269190522
929204631592
682643295880
150484572497
412174608101
729195771416
562973048717
683724663148
652219654302
876402367730
920029282167
685855230906
473400267516
794010325192
866467011681
385252409131
537908080950
787172939417
230955091424
375780807373
881673973382
919509875875
448990630869
387921844175
791080941384
186381254366
320642385758
848768446980
798627620380
606089544822
881521846882
206776133623
711081962915
755936290489
706412487420
591471545628
511756078495
873770129736
594108166281
613860850621
696498672429
428563587548
397415439771
159712722190
583077223956
467327360524
421451179025
491565448939
868206935358
566085999932
890688531427
726493391378
825119818369
544182822942
927364582494
894374013437
897888976323
132410045641
951205726838
744224606626
925383566594
229745405987
620495640350
372396387853
771501369108
345071375905
676360957130
829790398281
497357555121
793349261652
570236919639
589365164508
428950463984
186001407595
316618197858
188596728566
128353005669
831427398898
940856166400
705425303395
100910296417
237705892120
389712739549
223905309959
799432158279
630163986450
705575213346
383657340746
736924233220
233308058027
334219138137
347621752571
888502288295
148803845583
815826639187
514960971069
965252847957
582777274300
879405496353
895013355171
167299126466
625235294168
143747984823
433815560792
281608737067
860024209723
336681378144
981686065815
135939692976
379562997889
860604943803
634584019497
363737812955
772070910155
375504481507
103084851332
537567399537
914408709046
928013274739
216149025290
736878114995
700275066285
194115431901
481304605227
278402701675
945006646834
365089325186
870842687230
392493071521
851808566619
871312481202
152901657495
984080430988
224362998993
222789597339
555809117945
826862588397
714429293922
119530234112
340682557591
725246891542
442369865868
650631497269
653961478269
199686649375
874441315362
981353888645
173468493023
750023110048
207130564674
297372135066
762658159883
212272827518
110730574461
375779627599
619838298886
731425032381
496392028519
755734472212
862323818663
468751087296
311836757652
673694601747
179551301532
486492448399
531478869446
583810395682
484961193047
899347017902
427386708180
740963373034
378614151095
342946162467
671479355394
791997378663
349786683627
651219086596
749155827546
786724167250
291647479415
529853070153
942190583831
773864522185
104329305300
516485965653
349353893486
370699483394
891213677688
649218012260
655231348899
525528416575
887075057107
698319925804
586475803614
417207017337
252186742429
904803433155
405372867839
312150236173
287642047043
151039822892
186096987536
874399181283
192622314426
886401339175
318857647364
444158283074
365179170760
250624399704
513026995077
623104329160
866869317936
819725802891
272401251878
737276933535
804824371393
848469751917
657479025967
842423470500
813815583778
425541399632
638142366697
388091282130
925463410755
407495883775
643808361335
387153290463
104603654599
987363269617
751355256281
825418351546
649301994143
623048561076
666919400181
150004638523
899272173439
909534621272
117779569843
221168233985
198269136268
693081406874
528068230925
271091498982
631679911275
333299464276
298006052689
122603879983
933665491072
276162022787
139107020336
803452221694
413226392959
508174246111
875437891948
320922553472
700923574629
702745182581
290404952288
165713924530
798090201240
294211371509
254203899647
295088157562
245413724842
841240812004
731303443458
931146346631
602029187479
739269314248
374567125618
519914045887
629347592748
579894957692
971156714194
427681755645
196888448950
767824442522
850861067984
949213894788
269433653059
437710049582
836031763924
230836116851
691415000855
989449603809
934645450914
435406120069
718124751052
584595414840
630070119542
775925425250
802391848393
268762648127
533862824348
430939447279
636970333659
147729147381
186617102235
679224433613
827226788099
353836424904
777860548956
102244482782
672836380891
259989931030
363941321622
253297994045
605825120409
261113625594
808272998136
652167583517
736566374410
512794798817
796426164650
265044328143
122216745962
448377615537
684578785918
820757224851
242724254243
443865320123
778788106415
831337775357
640054261047
673415079151
494530977591
707287957647
888916002176
649309400420
733078171197
818530635351
664202247274
202946140067
689263596849
472456293438
512112302205
978449568462
359333484827
155024023262
227381090550
664782572510
883437507312
757756807273
298936033364
959800540991
271786190721
468300657526
544879610784
863532502132
243753821225
431214499983
334537847429
446771000009
746864724963
616202512428
414587549367
468882432565
893998953685
177315770935
465612838278
307252514040
460402887215
570665454271
944049635988
603990358886
808711571502
890404589385
114716083558
861602075303
637097162283
788009978185
741849481391
636699672553
295014294739
183990192945
463450756717
940740786762
568562454314
415846120232
195211747100
161436199391
451652807877
323153923698
586979995300
123191720581
235566831469
182893507420
803348733627
158500870434
998377763947
389058958446
785681761388
961828196614
624553442053
950408577926
686101384907
975160448885
318281099654
647177864588
242363631742
364839034256
781699649030
464307480735
438881275904
145258563122
693469506122
497371147787
122185636056
470062991803
951934852262
916608227299
398850920226
872258093535
815963077683
917863127413
349645017305
626448347667
939584003277
923944938740
615508350026
914003280958
198144910411
379170358929
295281697335
277900835602
729120496171
268707994738
620074737774
954652178186
389615223550
992141236962
945079664026
687097808665
544712212919
127154969169
826722001070
302138003619
313511994458
608918931478
390150193116
165009131429
479980781430
142425152527
541027202086
985258179493
446311963597
305384740158
944193351870
997899502076
538707345390
858377519801
633059415893
952603788133
358121294888
442151641861
933571918535
159247875187
825029593407
167664519132
994261906939
827416976879
888265015350
342807506363
293969207890
480975879504
401164801118
785087352127
643666059923
452942150909
841867401113
619597954336
527437623393
807847257133
355707746141
383327587871
359266656380
419797583982
710127470906
507030340603
363490463461
731753479101
127016425140
999161292861
475712980898
565965854264
288906665012
821928893157
240588855807
628913272131
581970497454
374359130695
866972968335
541730005527
710070305672
662316547083
356090739289
925654146623
185860282213
418329249124
669887956885
262472490248
203119430877
805011786283
131425981130
869892985783
892845756298
629179930650
855745814477
834377350435
821531813000
206307103261
743066343718
184082733997
615204404801
164657423681
472581107983
255027600554
127808180004
690263200780
854315735095
244239069965
385572390300
617641915253
995379248341
638806943738
521225091911
911304285379
182625471565
155485828880
410969773637
267215830224
794689787679
651779069210
117936661879
560933682908
959373572917
482160986225
324869409568
961461253662
830366771722
725179653887
263171883191
664794897891
229408760694
105214690946
494071866617
422926829867
938081365600
730113793918
545859365655
429775953480
182361505748
381325073242
619056485629
264278403616
627381509050
994557388551
844014711245
681972477474
979626044967
657142367058
131071615946
635249163490
473774729586
326931850619
654305691260
590665863988
101268192396
155934294379
989573974533
166345666420
393987035226
890318385504
151713535735
535899600518
433731907947
567645007660
668406388058
512582090819
766268800081
708270066492
357844165261
724340455858
381146634771
857246880738
452136256006
788835508399
499623206301
867975187400
295924965044
795607286750
698222015919
868242196979
425612094214
114666965984
813019022991
576733275680
452160022727
843409013634
957717834431
527820104745
534184712058
852092649298
508941289583
129770487392
132895612921
693281583694
915371280742
860140250940
367323697171
221186662684
325090636768
479311444433
150447828257
621833701748
487381617703
543070325371
827154946366
503388315798
112523561944
945134180352
115824032178
970534125258
400044238301
184623156608
465838610871
771004665209
549967915460
542082944403
910014748600
212785122636
344832671779
344378964235
476328953433
430902018702
957471089222
444025828372
471746783191
506366656622
315686488499
866804816200
447223498737
427807858126
223263157892
191385289133
210194781560
486143845286
455722002973
777088379431
455495396005
709527745452
889212809778
769804093551
594763329189
572109520652
705008699142
527584909440
999105785172
947320778253
292956096928
512032087821
333648319223
283523955848
304900021932
869689781279
624807061315
237988310973
933155580489
937402588603
218727129275
599628214813
617635257080
481630904754
299018084408
773522413312
843649500458
858934095815
431493006483
362230859102
869940624579
436455232292
809171817654
815590615224
418240471480
102935035759
966270227402
966331040693
157792005048
700075857116
521203509348
316211178212
901446156379
550055411894
296445906641
413726231131
665588276179
717883002347
265314994717
183947789105
984487464711
871986497771
757197327741
449209107683
222749492211
449533696129
242751691909
416379452512
864425963169
449421197703
845689539647
434427119441
794714080492
462931689654
276704670262
435515656384
620046554519
474992961042
854500201092
976019257806
835460187410
702016915106
328126007372
245918406141
244797343464
684876513384
393225450965
280756685213
495295307519
839859248440
306592971645
461054838169
826012869521
940980590737
264026477449
333330879347
313196608716
391200367610
485590149003
522281604448
971473617379
846747684286
555372623218
478636420875
655282843018
392991237006
868741393440
340205807373
789318780790
690848831827
737411175014
222804752531
553554795040
401011239047
729080445320
539254723529
119782324442
910363239053
190249097086
649152683890
981154416753
676375695518
537502137148
982753087896
775837900255
781754675219
760702369957
331803718337
749302898414
368099451374
665353897197
498762260135
525431269747
108075456171
893365791302
914236115204
435419318687
487659605576
598285792992
909557537192
352051632604
808052183964
208490551292
102477462612
706137921596
304726680149
419746409750
498985896316
181621609607
499392319020
797468820782
720158309562
312069618136
653876879107
152109231387
410678585218
331973461340
167708532845
328764110491
119674898931
612920373589
320844049395
678312889383
287739042605
661029516152
577013795581
836864856227
802808455213
253909657390
553002107422
399093076101
317543693112
559393424403
315403495568
484254639800
845869883490
650955819122
474103859687
620384301487
810145439786
631010026794
410560447925
114781464965
568588217910
501449351605
796499172515
321959819249
165474734859
604754370379
670030931193
317725274473
913121289068
613980032763
854953803187
138862279673
329959782044
653552955759
517093765897
962330122817
971068996421
340295755018
331668212036
615980122137
459864767510
187144820375
343572214141
870445438689
715322032116
395099918829
211466240309
404978566517
973412637205
474100804998
154333905014
107784284980
956137678509
350453759462
423687132627
845304614421
590138004580
673966430521
431243891949
254384403413
839861123837
439528976446
683809998352
266699843627
358989302722
123000676050
690954204652
328919954430
285484950475
676603901545
944488933874
420922076706
251379691120
336400035770
241965064363
959821202037
987333565491
832271102127
648252308777
630501748143
787904482788
708014761325
543238716817
501995835348
887149643232
192425950179
218702162564
871296637752
119106478590
849463980982
857801447677
836544980630
796459793040
512012190993
120806530352
341830319636
214302736271
886904269226
121031559606
830531168470
792346120967
691568441044
906813711885
932723052550
442077079235
383631848537
885307999209
691973325931
753119026944
595116085335
534423743427
687423003193
766351190921
559067886116
576267240090
139902484215
571945142299
406285406338
160742049162
864796179520
474282840621
831661834046
932068251764
984123247319
743980999320
618784178539
488543233000
236767072700
198769181809
174719574442
461610817044
688728249238
589143162842
337294021077
579709992043
263854867997
143803762139
395553037883
134171280893
230785807612
803835605287
997747449038
728180541260
862933896096
472456128516
990147672962
899333677490
936930850464
412013491164
125959722258
698353875141
998091730795
116232158845
557274665374
947822442036
888298667426
184840360443
530733312163
969253061692
979749487175
536917016663
271803419706
393139952486
698072834612
628578322568
272423693127
415330516957
404599086072
208307823872
833403793665
733896451703
763511165610
764104746109
233614818944
837662773198
104791319181
215235153043
810392761470
385298533855
836849863171
796085556741
517067393710
807150962647
754696079405
166937744552
720357949105
408160488806
434003017128
807283601829
446655333816
592610614719
229353321425
853890152972
177923584438
714205810760
249025664218
663559019474
458698729798
140370241640
119420886180
765670348730
705821767209
927163698501
849873270910
269063548605
987192073688
143976106843
492100136970
152630685985
704632468821
377357661324
811632071067
255107073209
547428089006
884313001960
262596744647
458454438909
455402054305
362072089546
101836328185
425901649743
962363077075
769030218372
335814251882
684705794455
953604457122
285958037923
230129348743
808919691111
676649403261
121539340258
396070766091
233135372114
181071345289
397978277823
447325851999
433813794882
529734265977
691652623331
450653030630
690245391696
532782477543
182835256866
675370277288
411042604377
347168611369
352355378281
205763441413
519144198594
698134209131
554001147528
874874066937
789189048343
138707435286
644650454642
656860454628
318602673871
868780722061
135898397951
888819206833
266849521765
724371255303
604788984432
272428807031
958176706857
145695150245
958456774284
146874285786
352321888392
694081875251
415637864878
502584478695
275893426918
122787068296
182269078936
885188817456
391430443536
217003392949
957319066683
293718084820
576999282204
953353567402
652441979228
869715449631
873776258006
341021915675
550793441234
914880643539
371193091604
565882680767
571118729696
158189058875
827264279794
557106714007
625239548022
190549390565
921152580389
142267377882
351978540333
259294296585
506877504948
631353557531
752820593293
333381461441
329915239451
928411198028
970409837988
795856721247
392464059136
508118791815
185243653545
606802163617
436647121738
902018672697
884309047521
432662207842
873043190243
400867952301
851099787703
136648566887
350508626301
480120092764
523458117428
981974449051
813498990076
942428248906
153939947808
733301529485
396266762414
277275686654
446927996851
263175156890
956215467611
430939712332
396253880497
838912411688
320100836853
862631856530
125837292860
402025323998
223537555453
953326599223
938317577477
688091267511
640001061536
220978685883
107819816400
603077933322
686079522700
379661439026
844240102241
820006277006
581607461631
784575477164
818833512426
299904128667
530181464129
649756654181
380450336803
124025329318
502074053655
771870139650
622619396268
209669123946
901141327291
748896827433
445097237709
454225515912
951465978810
457144048023
711508276773
166819301182
190745838288
861050866618
508968505261
962331634607
656884368604
488879466461
699659186695
603388243508
905568823490
307437260685
507150835219
940057649078
415521352714
155582150306
750522531778
491292411677
394050705762
280749188523
973810363561
537562043532
178174502115
827469375109
224290620091
437616278492
364481467989
260284368376
482881628408
781494988151
593851061850
375344883919
296248733759
939611472561
625831016633
182056856938
177905885491
209797991147
661221874586
559371646662
647393209788
894716948394
951989278317
773029404199
432162855641
346549219826
918370448159
363673792659
625297748747
951407084961
643746438255
213050984801
320400539243
861310272267
909424257255
254971956373
450024127624
548357800805
641032001997
856904468210
501834366378
264307275358
530203263666
553875420265
928076265769
586304461044
546543657904
813195789597
784435528640
719267532573
110716750439
855881156680
105656478754
445786669332
482630655143
248651171664
438429642468
799324528813
655358826632
912708332384
129986282173
745894509800
691499650750
829992284204
748618143995
884552290328
601202843719
234097240474
169358283118
261875694091
621491737668
645659928898
338173648631
989808477790
478329167856
416954107499
595887034583
193723822325
707133439861
965706723298
877437405070
979724280742
622833500658
678775768412
261640766204
545105278018
506730281794
390081194298
264444799995
425823411349
636606003415
336038566383
802288219279
118014070976
207907273909
542706878068
290838922789
990299929675
154534648353
825409750658
840311455954
300751196035
532553505101
849424668164
701839272212
273930740201
961949441316
832884019159
213859188001
650710418367
338697293052
434332438036
199653545972
572678605131
409678130726
147477981310
714508676527
287092973275
259970269332
712907326938
587883674933
332651277876
846653118937
254566099223
947860892121
779370053136
515259688492
768073262146
505639721394
518894367136
325006672555
360334249468
696640534006
310632487404
522592567418
527961594957
941260165594
392173924658
700816038788
753684855635
324909492762
977052289813
637006703891
171914544800
291079924765
920630639605
318065794289
666789938263
868731571715
329951532698
681261092996
902294250199
869734799790
737275272755
162812365672
144035490212
777015047289
911322483369
749116968532
314229561228
627455901125
210984252627
357691514605
955184446282
689891028785
486001830736
357336628770
773764423139
986278372373
599762952262
814780576832
162185197949
212330637458
365704157127
604371751372
218971997008
409079027230
354012141292
744042077946
708635506744
438670753498
331512635705
236989623197
483591946121
837916795952
868991778797
255949375874
686783481512
581744899073
127371276337
320858840674
778955425665
974203939343
322137668699
968109312631
760573878726
384368076675
496535042542
492214830151
100396104619
732632347654
516043484596
316914492779
760540486392
108032583695
132744543689
597519260802
187964011032
539265138894
736768445796
115528882069
864153542642
528147240820
503082025205
820095716225
134993169437
245146270327
296007954198
121757718519
783815960689
652287941937
622882792690
691243462149
103352928296
173911297146
376709207438
653296781159
549140299679
309076168806
539646624857
325591224583
237423384157
830515541249
922039724770
100701397498
190069294092
435182757802
384269140746
712113005111
168568970029
945187520270
945043996116
127874403800
769679160880
906105209860
495428894055
816492842079
183597031418
572684333370
669183710963
230528806793
568225877649
926888393707
784627533101
610999525574
764434854459
592828911296
453221500020
597155806324
490816687438
579092754777
996398421587
558248612687
668494247266
752786534942
358907452503
967136863877
756957552261
872131868900
310394020729
785094469386
195236932300
683918982304
576304195792
536170340163
217569160221
199190127396
727065954305
829881241806
162501525235
739807134910
410616176252
291056475527
596466375267
627308604982
887734144104
101287053043
778784799011
451951122974
209507284473
461508600923
311975368127
386205124408
212048254797
921192619294
150302880509
470109372758
944862227126
171980132542
109875609593
484944773305
948771389012
578635391680
920161592622
803780629179
871164326149
605995145702
480526713073
463971565812
561726099227
236624355903
459228359676
179677267304
878705721780
478187332280
975864035157
646620427622
833107224764
270545073786
742690214350
329103335295
259992875704
245682949257
346160357501
485312335459
651044311277
249324125905
916683540743
991374194666
929228454908
319684662102
636609444529
685888555391
871046135793
745894706888
696370578077
934237094994
493026734993
931361027632
345954673900
967509385771
119355320690
382350318290
733752217010
657418926752
652248593168
658003392322
198111572816
502378729224
396863818219
177981940560
957037463106
517496674674
283096018561
169510552487
547230461902
511236953624
855626714638
147162948058
239236483234
324759339243
219135980660
543175244647
708613635778
576115009351
818121876362
519833980455
271437134500
683651479154
488709433662
728853655115
327431287273
412638710098
739065473634
335940460444
237455126607
630175552555
520453962016
315362429035
533929225814
762902121869
660476057115
896527191638
773771088547
851962700312
241154059846
879211487008
567357121046
301094545379
206308872689
460504130368
566342029117
934520933873
569084779780
503775824058
807701058222
587077531144
820805939066
533792482976
165396138452
327519831234
205494861984
848816789541
908124225390
718520563064
469570150551
826285500011
432082148727
445642944646
630777655989
763952885199
856990778498
185441106627
964018404505
650135431173
850685165412
842171896205
188316775557
982419042665
993147423350
390134638846
815365546026
813795360324
226770157680
634523130344
936399707468
125626585375
350432699052
282250860229
170619145680
335576893143
769783799701
742304755882
132304781905
268829131620
408873636809
847756212636
410816601380
238527967915
660672989616
346133516597
115645413616
582276862740
941379334910
941421019152
831305996834
717547199358
912494586460
247857316379
943971478037
688841132547
832793296081
401405996295
913885663125
857960024075
786337968789
499366498685
368104309393
863605636879
199218911241
614105861953
202970612437
616470150167
739047830668
575721587624
242143456375
622714191327
456168527251
144576613419
290094945465
222881019148
997047592528
441159499313
695632827702
487250803048
976225955000
454511165279
229762168045
861609509199
354221294048
800313502027
526023732634
591908704313
328913014320
287251000521
587832595025
377862606095
547481067305
733099501094
707381511902
523812386251
798402137190
468236379768
848745322683
853132529509
451520958983
814825710518
208470188670
411148315727
121542515870
832176034309
557201421639
944647693771
582396847840
822259112995
696706088860
147420098465
790529083095
111817175314
892181261710
753366417306
561662119700
528913628192
332725972701
906899552709
249247823874
107754192946
983790493671
451764696021
485299835437
501838189491
668220503305
618412299528
936095415530
456501020886
604665150592
838033434083
379379348295
602720986854
170456606218
242616544635
806050692541
927030863720
637429366726
683157844386
289028059397
948403508799
407393294111
495507556031
642505456401
347049854279
827081827954
111614432803
842325412642
473299447690
507679456197
877224525600
214333403783
374183107725
582849397312
386715669309
350019129540
455081590612
889027185857
575284653395
699466707032
834201888520
728676342644
777664556190
550552541308
285317899945
137225560087
163162486827
916505466831
127147790540
170963954441
342862004516
110702375943
208974527177
465427674973
739251575949
537207655583
842553237524
748500717515
773751748951
289360461617
854287434726
348930008173
977204530573
873105573168
522104557015
365443237178
187704882478
219000477763
537011731473
524428147277
767193883488
764232113935
140305691334
248558609300
557475904460
909507786431
923374441324
806211088209
245124736625
472996605241
373979632188
321740920242
603436812929
727685996472
370557895924
232679942863
951948133073
304828710620
504223906349
835259938602
558368565008
341998865285
773390703581
993352594293
126408798329
255319293802
141277437048
968809574456
171330321446
435486931483
669474834841
101203936516
318711054996
391177936378
404696132018
477771148671
306647815013
886750634641
230461239838
823793318407
956107654534
739584646517
409222261707
778871574397
815265678745
362827028691
669412052361
923869681632
504462481019
391172372004
434863509143
779822712984
788259278637
772220351368
569016297752
746523782385
429650359967
504762507265
928196038783
674654965639
233252823602
740416980732
645465990491
111574961014
295919605615
864757060269
600311235943
728971474580
813470706556
975088770020
138171261777
573249490192
201592951599
790532256022
481699232979
155244716462
953016756654
492734091733
584201139110
660244265889
113846974249
578434464731
347175264144
549120513497
954838184316
959434398728
906878194196
335312188296
825308942948
859603322511
435775545073
486994140807
581550687748
716344006270
878093237533
104747450566
300525096333
684975684159
116858898909
184562662148
216849546231
918027779497
183749158230
371195799066
696034190900
668613208007
670159677004
731254468083
329077718160
860353326979
868938401453
201559682856
277851245476
447504058270
604900235633
386490169265
668577293084
690382061205
656349995408
673978733712
773112318137
927720906141
981846614343
988542560823
248375708544
619321110008
555125347547
253569281900
232739588183
762097004829
727527215814
951410890092
523897515378
892763691608
186971847575
451425981593
941611163505
668277179766
827674413964
528632279046
937834874639
726733812410
202824312934
170083287723
533415081054
767899528927
534384625256
805315649159
350506755444
339049263879
321587243240
404124975818
658559613519
552188679162
829091160442
776722214802
629725883761
758826154210
751049457469
715050921072
427025325131
822979833061
377749996924
761271704948
557468373178
613346548109
673598964663
953992906272
532408353777
851951711546
289778648725
122475151305
538415121832
972475633584
586211295986
323295896834
741663532624
218316799203
847456072704
361447152040
383415216944
886485351454
566934788921
598238286141
192929471092
509379734936
382596555138
982029100721
829786348988
798086882070
497771688616
167136954882
227395384631
294710996799
557097534272
993772828785
965938674020
319588843728
200163248445
232385027113
215987910430
303734737534
629402668928
923149380462
284969011912
704143084438
798717413861
553943072578
782890181924
323234503913
589762111022
478321056775
290452851001
820116889189
686306267449
821037913022
661447642352
607084724586
897005631393
464716266257
854539971155
424686867828
824213080305
846434397532
888691340127
906628282901
808587138562
425770908874
884491645511
783947094501
219477069632
937364186702
114433009737
901665724885
919399734458
113774317413
118978672160
693379033276
869980275354
283896523597
379200993659
372345900376
780815931819
223338465397
999085237804
945538390916
400923767248
396182915483
191080351344
675100153758
986247682870
372777508076
684849719776
727309578085
354493846187
144842562578
535371478826
698591142335
851965365468
594820658666
434707280046
138510318636
127062955439
377249672740
828107429349
971068453064
371968027729
370808412637
532621047884
164883513887
358356973863
442878001355
714717864681
744172306053
674551811224
822439195252
228654030567
924108973447
538015510680
207397126271
939113994800
258237857699
500207774488
228245490508
143544310607
650799707413
225388678037
888689679136
268640590955
485741515637
291480792095
965399270967
716790630099
784055757146
387292448191
560801808172
462091461433
544703888194
602938455707
307461740823
844470852474
671929040177
149081617056
698217286586
171429080988
548039685880
479798517980
514208485885
818151296877
750660845497
827683208361
390726705806
904648919019
395855825402
497593282256
403953023063
272690276109
848286340384
671043531424
784732116636
568760299590
343933717529
402898417078
482028650054
109493046298
944266137304
986068971247
165899488298
110365053004
269453233815
276799166253
115141130688
968940623010
767833617373
660208878823
387490397917
919463849216
343371234300
744103475153
799186653383
335609295160
202234093307
270168938259
590649718377
393812659920
953798778430
748354998800
685433702626
201332433441
168914955586
993740214922
756195448868
846309355511
392419860175
364992153871
714194711766
752361220427
881856456427
256069235662
937003556817
411443838450
111209383779
399679029373
400316271641
338292832830
440430479878
683117546365
387274233116
835181410564
535822794568
695773891503
220174476796
724523444196
338733209720
586643889678
497162962874
458657340933
503741171174
733757959791
826082855781
951491012839
770627108875
846608886554
181151686550
170099871259
119795640926
195529801556
828884729500
712724289207
559043941539
602453590634
610227318550
195496714178
225606924151
582550254340
335847283400
889467407577
960393209700
249030439858
853940647743
969713690160
986426526788
225147228066
287542109794
157698403294
857772440493
157915005292
327962822287
381212839684
332308148359
264266941086
231973692822
463212708413
728324735144
644743882806
433762181381
746372222644
816958831447
547984016865
625930595977
234367556556
650737069589
196141636014
532231077590
197718203267
544510139445
136983764109
183653842689
209790843870
387580462262
136684716107
442285487668
356834548947
901706375690
733001983989
955753474204
138145786793
201585743379
411664169179
774780418944
222756943099
139633190894
697647494992
964123861996
528151845471
779234654375
722121159686
972247203552
715517924217
100117405979
785329337306
935038525091
660134758262
821814639157
750501882402
207265487362
529509920894
655415831175
231739103237
198498703700
742710250682
934737610766
395217727760
696107999564
515008868732
675498797101
287311764144
790907569509
599772968362
854264577686
622971775690
227890829238
402832968649
385802209821
161436664750
955791740617
104466952523
440971604470
314518296482
256246343508
437532063780
241806317508
758795979041
570052182872
889801668957
733384045991
809151399804
856677884154
864395094736
152661017225
891284927710
399639484748
695720131449
289076621524
694759662969
579593244182
567436403551
460860879477
383265604639
236791599151
488053354102
776414919796
133161444037
249625563480
228013597754
995815797480
341976378542
109671142976
188396027348
202305086866
538239837112
931519347899
930556500291
537121026260
945410951678
229167912447
539856765298
298097328775
262744029488
136445957545
987071844783
171354374674
593473952785
734651078324
264738632319
178784590246
622892386961
721589198156
551776870026
280965832871
921217300433
473492686925
414292395495
454617230655
822990077072
462039218520
786460912870
789869271608
938424595982
873590440159
367532313007
573388433708
741963140250
454957463295
248606686222
700707469147
661224988371
455526614065
546158725418
196792659361
188818310398
523423572571
321035143095
364471955781
170248679305
659865307193
859134594298
592984446296
534589395894
668418114687
639026961350
753460310906
551409842340
595019368612
578045304754
986828609750
683625538036
424381834385
572299724955
816721427920
898700836885
163678010798
232545897299
427783617399
317771353186
164482538193
828135188797
729672990139
634324008555
475050043393
490095315300
912761778169
864882495076
796892739557
985232544945
809842362878
937906033378
785823645648
499411558096
821409851452
311865008148
256611444532
230400899637
444330796739
957102589405
274601769750
794235403016
508590524093
976307786462
666066468011
630675247539
700564358248
411787776551
185425730526
174193133812
476014633010
455294731347
433775092818
719381054499
760294336562
243474444332
326245267074
149999870137
320930021932
924926798522
576888125438
762598159664
433365428039
227816737450
564072620786
107720489807
789635054141
707804681859
602459025519
252578050290
442456275204
125174091213
693773839730
912972919378
818272892437
783568571211
803196555873
795984428370
890261037061
110738881220
136382711875
491860868414
277709309500
413809984649
595825516591
982370091683
761071116299
871127876211
765084778731
993472509699
616046185124
447598928651
644573218101
190588353346
734115891592
169412294894
984621497725
849636389478
581571838410
162021896835
330670662490
871768508441
528853378916
661295362281
916750457010
596270722920
440903372998
789166217840
154539104890
323082868686
312828029261
330538287095
856476664710
246081982017
469172379207
932753740487
989632519649
630174750164
981113341503
595911983193
327714312219
345709817613
940401070581
179127699687
268195822456
461736575459
369948159253
889904187089
640285945113
342303155114
764063049930
143073819113
916915928151
402105010380
331388842709
684414196007
404429433027
582683719367
997934445078
198435273944
951499773650
851799320981
842328890477
304837844131
229625660430
444199567188
666878028899
296959896100
207690208326
362227410944
749082589678
546190436190
669902087376
986871281940
168262442016
902749530993
694948227501
536804032333
243879082714
830078029364
622129996511
189944358069
344171843635
338569352078
989146505285
113604191390
700927888880
796318015897
517319745793
937314356367
707849364050
440727511056
844574073942
239096944038
674267939681
418938197513
277397022215
405344235953
303393042595
520784956266
365921808859
814917408011
634716424781
754573632785
630708579067
429896854032
315024916055
881281297301
935427438943
179644059889
759136375693
119418843885
710358582627
402746574036
191687199495
452912960734
680077455848
711229235872
546590881319
809780141413
996477741340
889414841458
671224781577
552789309545
405526516409
888842427288
168634251737
276161028331
189114165089
838760792493
322246108611
169353475279
611237100229
737255159225
995466604601
962069192949
306835449985
800626006974
490146345719
512965161663
627728541612
974722136397
975266023877
754630118808
679637009684
830665911770
157180322495
104864877674
252327916820
690854865850
500845373010
642812128206
934187299662
477606868231
537845319223
286939187010
656112089133
657183534905
269335353205
929824987445
737956455777
790184128230
654849595839
306983988165
182223673335
144612966993
328712220516
987742873114
815325613560
424803776453
418230309477
726576050214
496184250933
256152956409
367692186315
429530648174
825392402018
881992624203
101315883374
253412275491
893578877353
521736295560
456786050153
835902662695
778692200270
675237109905
351862253063
161736868629
343337003940
761703595663
432819640519
602096181491
620571257583
156278969524
794041931936
181150069086
851881733990
965037447228
754957620622
478552207739
442138911521
376356086801
468627305999
440692136277
813015297445
602667584764
701122900151
906789677557
626957424628
395291452226
828586582147
527138564632
943210464846
509444102010
403818880932
412633211708
427502685424
284792611477
815660559183
163499190316
863264610273
416346713248
894626442635
572745809667
746413193238
517594813104
389620294152
436915407068
316982077544
559835637864
600825731960
478824924306
197775327330
116421615721
360475447856
397328225486
493428372199
780014611773
186799248003
248927537382
383337990735
329538189492
276737478637
144526544840
465809121547
560157356535
528785134052
727554243289
422542245274
391890992753
537768799393
439116189413
670992205016
718043521952
292148667357
930072218231
771112469968
491833834049
329020338550
553535706892
474872542281
360867310251
584465289880
947672765470
206120171046
250003448111
419415109112
100841187467
586058996506
356389780685
561752371981
615615987784
152305516228
741180618766
693764273199
539813253548
516584926534
685527799169
577146511614
210942783345
500586188629
522219167389
401189912997
213178236392
727644923113
766020674455
975595019947
502779351689
615650976336
500400399213
429524545646
933920801824
446873037889
991900789888
353230162100
955194687139
180570034060
139041526349
910995944312
592243517250
430953571944
142185375912
167848482183
859929345937
948380607891
569200310617
893712568738
384776649056
940496871141
301296659936
845005146466
961237204609
866392783593
344299344358
561949382630
221829872881
489687357248
786429334211
957792224504
719418298407
422120883370
196727578545
475004127369
160764435232
112437262289
907626192118
757626253813
294968324769
702817530152
194091783801
759097038733
378379708788
300284458589
711073550097
793825445793
948865860319
261220603797
437961778920
451647596889
695190858438
467523591845
715230823880
949798393468
562209211468
269497154841
457440794984
356071531408
593351377529
305198363809
212841104809
110630583967
352884546406
857433798645
561490320992
666073038966
495449302880
127714977033
276814731733
821912976191
765725754318
237955609002
980908508543
290489976083
932003137607
263900109448
207886492951
689467203319
632537653144
388093403640
107355232292
598937671613
109355003987
410313887471
811629090243
386766122820
416248859412
804786265348
787701489881
447256051059
280283757953
132474144207
203656806414
658643830667
330976625472
929901548932
409483132628
107830329733
766233495641
328153715208
359977472540
267926077423
642319398219
274079801509
156293631446
101221034941
687389080532
697076670860
508809281200
664857868328
949675819382
312008751858
638486497783
969513380723
834504679760
991879520901
820648622266
315183947333
129290211214
434011324136
649136264686
436210257939
131177488987
221398219821
619990461599
438195923434
185439489362
284364934441
575667088095
327804981509
384652301896
664243874366
448438246956
897118315686
845877817597
692609090219
610705191581
930304847927
308017346579
528843040553
245125771042
412662101499
232553628912
976871840345
313695008159
516050382902
809911040018
267281131250
804414853970
244038418243
528166825475
455156009022
302800602744
589110569736
604440488261
670749528144
304720429701
587018620555
535885514895
891035763758
349658428980
176103930713
253437325111
131118030643
606511650483
729374924007
629713461695
838760126443
931673278580
806028082635
768545343640
708462463351
437013626047
217357776173
270807512248
372840589869
745570781476
784648457992
379439551109
622827980952
525307348400
879950015663
321037102135
730992466612
736157853728
320357977677
926933035643
371711747991
390829019772
467127270573
198091661708
789055868624
189832109076
482571655919
402731884106
802257657151
117013168992
104868300536
488010559556
544173742504
251098805242
330702491032
976136653403
604779542488
470106245186
611441669197
873091754867
513567530346
500180890967
531760866812
710822494884
410533196264
987866110075
103764236328
120689848388
595988896820
582876003552
288497539877
346356096689
371857545234
669844564669
362855157397
314758552490
784339756330
382891254971
736136857692
729065228425
221166182981
961639712051
334099327114
275622569043
414135772860
395170494571
286642333420
840248442302
769448318911
868766229336
480377580127
338816600202
728210905076
318139983985
690406046345
449256490640
772793779407
445530070112
377255063271
251193502475
573255464352
349988690144
332897455884
298521532332
510195846408
338680922683
699942890912
296116638703
159666279863
164142490924
853296555831
921151987669
477879849943
806814833324
110500386182
659096300475
558850092222
994229897594
775408763417
737261743986
548569690411
116098887997
519063298286
132613859944
274153130377
304421320603
748695108983
877631508850
999244192532
896236271263
617804576260
984907951385
883953696874
837979819300
959314078914
153427659420
553263918392
157838000679
198511408198
538990981930
217656851625
819050344624
221816920557
139173354583
577121506048
598199177192
626652176062
291459521068
218674214797
403402227251
107611876271
492040038969
325335104770
630222704846
875239015670
717138375028
185509808421
149677404430
893909403650
800884866433
399012331716
834422325751
589810190065
533465309208
146698243815
827192621021
359190544537
544410078037
434319220566
236663473252
492909274491
343303356355
288314593472
495580678070
721390796507
113841271049
635626848762
169782251485
227378174362
300648857164
745579091937
407941050524
618008687424
113960400346
765421455986
225387227204
743927715917
268901560708
339272147124
827145096028
961591303558
330459612143
586278174976
710539793538
903402840289
580296356355
776542495992
711084251864
602257732098
615576277346
340004006502
223416824514
345189264003
353628904242
913064262521
583320462566
262343735019
577395732459
361101539581
415352394016
454941094765
210284319934
321369090276
286326024920
453369843863
796139486435
473285247579
333386030736
601265591446
433529350199
315891967645
733780023238
949105882531
588663647670
519755604408
823648319205
708349339782
608358450294
655368788734
111939908283
488356479311
102941974492
890241407766
186802467461
342280976291
425645116802
991811338827
176761189969
862801696565
909405093574
846218195286
862890479262
180586030836
134913321716
174160535322
272172772823
539609766298
831167661417
467250272869
607488352438
738287312763
651052221292
643570106646
121553135205
992914469777
367372203640
675706755646
402005766169
827940086920
110980791872
783449754212
514259203067
904234756525
494091946180
956992867298
739224222873
433596564783
175454519893
355970984212
832890359836
652456606115
440623473047
906397074072
297608072525
637605745248
991879863075
837524458712
610765989034
754338128761
669358851734
203435080715
744387995558
773221262677
332960995626
293611605010
185299469814
623465458908
712875191350
521726014099
269946971210
237898579880
374415782429
626642573859
605984534329
214524979256
998880286730
404976982997
165613198084
325204318718
715184608930
310939240294
362616240033
141844423311
753895805553
465530731627
677710213319
981680169039
535634557482
384552183679
629360674840
819849959581
439160264327
937335844340
116931073211
843397542137
308946893649
913402401280
331198921746
709220306503
278678599062
573223251825
852860631160
633227786756
778717200570
745805536248
617262929960
702461025444
262300018268
134783628505
664375663533
744775048357
921133193885
459179889013
927196974183
814082546395
637400894533
156071559564
704701101556
198965885888
201160522336
704604580378
896568454388
638054735096
252582151271
312830902042
558450644007
153077735306
299761584985
321405651619
169338060496
320782136195
712483273423
530983205665
598005214365
394708634051
372793990435
767926675617
918540898683
850493684872
102651202931
319376734025
635149991336
333356556367
803247020734
342188546387
542471730613
530907275204
615247963095
321039001634
343553669629
314825506180
765834133484
257932465819
566978791347
859955804414
877878086512
957915958668
691763077886
265641867193
263794934651
747270222731
203452957399
721284130168
293768967588
252632550329
447212225403
474991497126
744773589006
512881587055
988734872105
606851179757
643889798827
670667587764
119338433446
990939654380
722309267783
537679848924
439758665968
714416577985
193759589843
911658923983
665312781841
266151534292
104901077199
490572485756
773249652797
524388336768
732962079972
291390440053
619421415136
223512020049
171729357103
436947392005
932919919894
378661539556
863100543472
683445223519
939245762180
456139873920
558283368233
970446296533
344864232810
886608608282
491595447118
637861175133
951521129022
205601314312
372315119655
548929201104
279930352560
444944059010
928598168613
609032770867
869008981001
630333219488
658888949316
770945002702
138222244710
276788076902
249109072572
152174646295
282694373634
831231564582
330650516510
377279907430
541156340150
766757600533
721144056488
354258151622
665630779080
229004372221
356830073231
220401293572
496156380048
997799947354
174132085624
777363934001
911579141639
773063597383
735376168735
804785744211
765267089841
564087848805
541857645779
962461840226
296220390339
872090521306
841059109265
724596005694
535608560391
387380237318
366830669421
707388799526
825282290046
603370634136
962185593275
463734526266
409196724317
637330026283
442080767575
533392369110
219637523311
844538511000
735743070046
167491280804
790010051593
522482849411
537064337922
290595593867
694734545889
412283270480
884564638027
776273358170
610231309595
171298170226
763752454919
427356346159
379657262284
227806572604
902349697695
998206113456
386348935763
743112796612
156209056173
140472696342
653024423921
626118062171
626083591011
941622491391
478272393264
622243645750
739470167072
991137263341
400355958154
673291292778
154318167790
985748269918
917425570730
182860646269
829598699208
542068801859
875808428018
191387674249
709822561599
663759324626
802214997729
279557254672
583507161329
767958753853
649070156714
465625780796
160224015496
792522654059
486253343944
920826237438
104018611744
614650538241
804378053342
189174532178
806292094209
932061883311
895265826585
973101874721
300199530633
796650554498
441282365708
299843382965
624958967470
138920796278
203472362298
684442757575
579784420111
375037473932
262153498810
119007763559
606992762419
673373923196
250528304881
701007284675
267500371736
780333704295
883164240960
662471564452
239824638886
453301454262
633043601244
419847389745
646708568451
183283378304
171446063824
164177468696
533742655846
406622393766
781999523253
582182045952
568871078328
408855574489
788081237926
310739206837
200945940312
163550901960
289009439288
583415994729
428370654610
204958294386
809369534426
950680754865
517929603662
789518600882
368363567883
885720483646
958654562132
198777714766
221795355758
649239983369
232092273952
815345013557
610772609571
280414437246
901993415706
188224729233
365255482253
283295295369
162564620598
430165496540
235920593603
295653583211
857226359994
184371585382
564363974637
138384839669
465939277217
268714664595
806878857748
793505576286
575989087856
416428092717
975282614686
147894064872
995621550841
411839487675
358587706201
524426628666
128013554868
806045395526
280229603150
701469061629
224820058954
356643811165
899697667018
103302082991
650428113820
792749180864
113313783457
635327612386
492492635954
388555383656
955170114107
751402654046
627335827843
592744463428
466421234590
381671648786
165216648533
751219237030
614757361811
564590476027
890246294323
368276425981
246601071171
910098352449
909222015482
483179990783
965192280590
520067826531
822264720022
682623087829
424190783758
125427547230
830723323079
947908136254
650643590016
859184791424
554518350192
700894676245
101860937914
429478313743
158056808702
958163610596
919955476696
389997318644
797065865363
879170862868
107672960316
706333895844
720889360854
313372327050
500392657120
448589997605
688187936594
462881672755
744559756376
853723290223
784692598489
568759579408
288572626087
296702149550
576576463437
545999669901
178825118175
512782609768
691363970347
263830790525
865056054638
133449195684
737259531113
999300589779
326808202189
964743542359
222196570210
795535053856
814150233598
257636823320
295996730095
433004732566
199112111765
398886561895
921512285445
988182990267
471147095567
917127959303
513891265139
953245829167
386109846377
829367557044
187091841492
197932656608
910137928799
708061688443
784892890776
677003316321
377688758096
811726035541
466552322288
250291624150
532322043858
410900741510
416320159260
675352085836
552606308675
833961592216
753943963957
989574996837
505879196702
461677698313
257962672030
407558991504
445878942646
354559278812
336524385401
753365820198
440912162359
703081994094
959008014139
158297665198
262857648745
853842395707
663016366894
112764988165
499681301687
927327497804
247468316885
306358438227
973156696773
728693135590
803779534187
693792920962
783706247728
749497714801
668548963297
511240066926
555137117321
500001807922
438248987897
539120354962
569429209395
458905330571
427595464042
129794366927
845363969688
186760017396
365299280349
849315283556
509057906747
855999173249
951682859916
912337606745
739203919984
143903253690
937685726099
303653690332
314946803199
198920467338
480821330300
199034546090
192699330700
692815895037
409083062766
466355496899
462833465610
348741070142
291965477150
274266222007
296052155763
734519022373
742732437583
688826468699
143541318151
577011107442
366584165878
704217550008
827197586768
604589980932
176720638987
546098311380
451613317448
933768548536
354078400597
618496165598
218266606966
467698296688
599377503496
784122532701
170668828464
930388809261
423681431435
189181519297
961288435557
847889890637
214997069880
378901412532
700324451615
381648918102
547682876768
995674984528
731960713541
929251015750
987068783167
224753187307
624323442395
970801709397
976141860505
839636012920
326134314015
100597060802
917352457854
571475499267
600633161984
367793405012
128556933351
417316693755
900720328554
158895683278
501121768548
239241541283
850560299929
218399275438
736182491072
909529816032
564072037098
758554042480
469949632761
442941455829
649651003480
162676197015
320474245243
614740452209
185320587327
369395320375
775702111342
934360378307
930708897315
869574367382
167057454364
196036134367
691079450359
152283601641
792742167232
915952447153
676028988051
631032756893
914980486347
581448239616
979432907075
877507141286
293006213320
398588047244
508843080275
207451227771
437142327708
994376230390
677354509454
151373163873
590314419456
236183239551
277595265602
778984747262
879078007295
665414796261
969085078395
916996328641
497923769252
566674229846
231055630574
979438523748
220121638689
989879277626
426468853317
984364656430
715424509085
779892561922
925296312368
780969266246
233318731158
215565239893
232816521394
692001610740
148263990683
406437939823
748576661203
490219461716
786654095832
184264352490
453409129023
435070579453
307739745840
588975058080
215353791949
133990567731
734388769760
299580291980
600570905437
628823852844
636111115951
349824549570
763367842587
357170372281
405192105231
354583685346
447799326950
250160651580
367024620398
530568881059
819035508398
314921420950
502791499692
403603594334
548844076160
334883878228
202635857938
498654758065
366718258421
502633179092
127092243736
477514445110
507409865299
798392546405
196026659672
442044196692
536371579128
365027209444
534601933789
463832302871
889685088804
516033058289
415386909345
132150465830
402031640102
732905810110
485683523510
972396997909
295946231164
142813614828
455342150018
993309870710
572440750725
685492914166
540678223078
290106060338
546646237592
547337478417
884192190849
891810314408
941505019356
908321111422
741440949156
678994244720
435865704327
746619021622
518279486725
931149705950
562333841581
290032664302
985103339750
236842306362
914847511626
965303351662
204270799683
336606100228
673421554997
399829559779
469284297820
999950085680
344428426815
244666961762
518760427514
290557859722
394447996476
120250980885
989362250847
135869686774
262288230148
283825213043
375977227193
439036511952
227710411530
513874122923
473018521561
545255451373
721669730647
736341066506
435999680034
617113564853
595333730518
793148337866
203919617659
811508649891
952840190760
610311963566
160910800499
294491609947
881276283542
359649512885
758636220028
834451023522
804683925951
201816355400
574578274654
461796868719
378691425184
813310311671
503188109118
205007943100
865890478025
280546997216
256701466643
350462267074
774881723436
509826037181
951286663822
607521946573
795700988094
901129666928
353275162902
319897561075
797652981647
127037949696
386657358324
800615945094
105600857492
553344871145
236622657867
783874502396
912685230034
250938556794
792655738957
854652825833
364274962619
636957179336
450743345067
832098050633
367350596736
219616587552
261125817376
915324255945
245990382750
700125353664
555830391929
568371528734
350291560303
299791469869
797827562877
687573626945
388648595156
743793821511
689662292967
863679188810
423963436779
800867877761
219709129630
369145425982
541604323341
312970337980
425470140072
640206678389
747511752573
330954463437
970974443769
120261990180
868864018905
623592409992
735309353599
817624132145
310721264313
147232238929
772561728742
729345154007
569255401171
258860834684
741063297981
115838400202
827719477057
879603895910
321224734887
304166768065
500365942333
552825839955
313482390799
375637042401
941514797599
915417062240
648378970180
513144600174
317877897570
787847677336
883262482333
325456669094
572885645141
778141203653
253328852081
836267068654
775472542885
660852455902
674084489023
846656918892
265262091954
815500186957
218234966955
113369282023
644905563189
961012045653
844536944540
814375445094
101351656694
739479441248
291698499483
779808242597
191234250726
442766323632
754181254130
603035824425
801614061010
382215061584
884976083135
484502191005
995402335464
744898860061
634973614931
735564208050
211398600951
335096051041
611975178920
231951455545
635497867970
104475010870
415167886234
357744069794
894910432550
941986810448
510777065078
194399820592
377527093299
526906372381
796842196669
427826318826
741664560884
831376242626
189237989570
571619301555
991480300348
804464011957
756997963164
515137419759
834261694766
309126409247
845395639191
413460391025
524891310236
557551342395
483708835982
709016753952
852215458396
159948524044
575267042980
818702832207
868433851300
878335017293
770713673035
520890900948
184981719576
575506218481
837903537571
657360395202
660968832997
399143926625
504621623052
318160741227
246625949096
931655858103
700926834135
175609383754
474178714579
409563294157
546479650147
468263124522
726436439205
983169837072
836206657614
156883868485
292364264908
651993431324
126422679539
143281791828
144548533723
355769804528
305447240596
899312731925
483574002072
331352674335
368354179116
944980789303
602608411120
479006679108
768830661832
733452216998
174384208086
639828204676
906797954348
639816505548
862310303249
268476627665
400577838507
280828213284
446673531053
110673881799
143822705818
298815080514
266268566819
605422626607
848897164124
154912584585
367115344150
579677668748
155795845957
836995998425
364937173972
177478734862
174779878954
713285414889
391020662778
317917962795
253469190769
993754246315
968731500853
870763139754
174879634805
928911775960
929163105390
362207462209
604968710322
719882785267
214281468840
679603534564
647625246643
549859856923
522253882939
856926732225
291333262883
228806424633
582968416519
891242046728
242763314657
251210303681
385733070283
903927625918
566633067660
886820019542
114100784677
210605551279
670059167622
230801227074
551751644280
461583330529
134671681402
336831928649
260696215029
786020707801
712378128493
183228875347
191822585704
105597399007
589146010898
721241119626
670808132011
416611851136
481145761183
312629822588
249553801314
389915051811
117451152392
985890385119
597234846118
261558650022
317714384580
755039059936
641884264136
300233898073
865434933999
898627690676
178810888108
714908154313
701347117733
221705650528
706940360573
368944935600
687051663352
771357328421
213344664662
289818057319
612918130744
229231834364
231191609944
180762465007
276454085306
719846146286
924435744397
140518945846
475015476328
723941026407
412067664195
362243441816
713348634049
821631546574
580414440051
659989813802
415717381553
417905666920
484311775527
733484821071
854892741195
308625962068
931813386663
959993566298
713885704735
611158253680
258948540721
742063745730
901062025528
324674036580
902618265950
441438324178
998495454812
388427077159
787965564555
186096282645
143799354481
381426047233
996869337000
840799292934
216567019423
286911129697
402725054252
472309972203
172256421025
358930270460
247339129611
533192652284
258808094162
348900218160
350322285345
111775134337
305999106160
555490999749
124746043210
110857671400
359093134036
675581349262
665413754491
337918218291
882965487544
889924996298
453057914255
490279516799
570899433026
472160053310
897525787841
417477624281
223812406767
740372062798
457911659913
332010628600
624798086981
235929649115
726054024332
759537958914
262180246478
197824245454
220102315741
866293519287
853287782861
690704188375
984523954160
609274762386
259520658183
358067360286
195209360810
784183084436
618418553749
612094508285
269886777126
693591668246
137892731615
580991890768
290637607517
461322908450
128433452087
868473928320
159511598963
294975222158
534323070830
655880104046
403868930445
770264310876
436318727632
346524818469
341200437888
773198350848
132910378153
979161858873
131794885368
770240713773
813192986116
682441158384
836910247101
678773485820
516690193791
986207970018
521991270385
243275697600
453601869035
136329932511
559259523098
988363506181
486672675237
904424472323
234702571922
811590058724
536054069531
124909825389
736347876080
696044622215
792577355336
408144400957
445281847737
348925633230
402760014312
217844109936
155149626529
393105765184
919267420037
390379701439
754087752080
651309143848
586908985042
343444346236
709219502275
296453538216
221974316248
526358647046
858374815565
817661372297
248386823221
326465959019
959207079457
724026348125
572661952759
967954994817
794199068256
375577919103
687064005821
167131662959
406626713195
791648587035
403191817287
872006148560
716793912511
345960955698
553473611457
508197472686
692895138741
974641977760
689627682449
923133696292
945965524227
265585254772
175934907618
120087037588
352997685732
406226763016
699755033001
111118745308
458916669074
209571758614
924823769682
993846422650
733091293622
479801759448
543296686971
256524932836
142382194917
198525112966
440591703371
444949786421
361293230597
521780559645
362450559794
369765494112
579220858963
124101343536
175745240660
785872086194
928739567993
253591373971
285855209558
269488984351
715240688903
886403560805
339832636156
301878122931
246676891599
272396569825
633055390155
819339826237
937714708330
236201404903
236982220843
275754822202
243136622997
157003448491
170501042142
669191518318
640243054578
325583277256
678870061616
801740753422
815432495020
440480186875
986073448499
499476310242
141487839375
175495257367
173835177390
600332510673
622419900763
662119041902
415198584436
961255160621
178236042414
328091632442
882670927651
562177781562
766777743880
896014121114
962182160530
373038499825
208083623606
718095582179
262859551178
154290628292
291747211584
286894255050
357021571141
670406033663
522633216416
138662739712
437306043223
900521759693
566557878869
189029476247
109159274281
640969165278
852849886307
880957219897
710208145483
623603418112
960634346061
346684818754
750677333908
252941511247
119522297661
990564409556
485724286830
909410609498
768621315078
474428199716
625347530752
481487778538
956831366712
876070697170
414224659207
293228339123
506633561864
586172546054
899146485371
619871015987
493569982308
897869543107
630259833878
913163497773
125627278105
572546502858
437693778953
310351009224
884293408851
900463723391
781529559191
363282492603
505004770455
800038045039
494571490623
164852817995
151743178747
882691633790
492651647911
915213532635
622048732623
816993430410
194217873702
352773798001
787159811996
342378947182
509780364188
696699340804
687131539013
464454471796
729290501537
912322383241
166049859711
118141456216
327340402530
148975918808
797779520877
258459536412
756730147696
131691570508
414998674546
448980535956
885921960149
337429545273
995182784662
984686555758
604684499289
829195440133
208014373118
176797720886
920824431955
216545650537
259904655912
388205891153
558193542469
446474998093
392393190315
877653376486
195571452403
235633111239
557429177499
770818067598
530911252282
259614292151
374005201083
613996613500
643928397062
787464293736
164247673886
210692212252
560971223288
472925132103
277363896768
106100868637
425182485518
739224987461
433243142029
669759338617
495844272109
280503686920
540761786138
845284821813
454633868500
907772816460
915908918896
779491608469
977003890456
989972191023
325426616596
713526855187
816817512577
559327020571
372410850601
397382555944
900499129360
865942488232
353887197560
316476044623
795564918409
188692458194
621869512224
907402371169
774788021042
124079511413
822478469710
348170152824
656531021486
292885635007
433360097481
255120258334
468051994310
233137580913
460674017173
874286386681
247195150906
956675744683
426629174784
926040170667
526230159255
471860964086
562582250811
169758304221
494609454501
804593056140
973533074803
487328111955
835780856187
487497347178
740531742922
452061470614
389463682145
376059514087
254969830055
839530166749
868939883897
740701884744
831067067197
335330369445
399317793092
900422542569
745381640418
778804860057
959692085738
811682531980
905676174264
517180460486
984342707495
993055397188
929621009995
343793619673
541899998288
141766253361
981702760658
805292082678
736075168810
538706370944
837497327889
574333603989
872193159049
673966324475
659740593949
857147251522
683470275725
169089126907
508258532119
417191724834
377079345673
921531893198
513970750417
989832645685
782508951551
138520309006
547951744128
880912166674
878031059804
698249618217
169393596686
907426127766
716768658112
731301617233
189581390353
152105643114
135913628383
124459561926
908781758824
664227881324
313306871175
544936293194
601496023186
119251436505
380264655569
369605919298
230467241991
206896451465
223425820539
746916327257
850188786567
923234739844
316971930811
352990574660
752807448644
939758722373
774163986432
766433938111
209280304639
854043353685
428367487300
512966831239
736279467027
260271047905
945436792903
825017174684
599213266607
277927843178
494542631262
834526340755
517273331256
607008065512
481650391695
387067045303
670927051290
442725735279
588409296282
746738168446
120383098376
604020974815
849093456200
785962918353
983596400976
898881212875
969093781360
485677126549
190051603861
720142121161
120174749905
593365131379
193916365864
459747629479
893058223259
423949192464
325399790136
961814066294
300181301285
798696149907
669285933006
654982390486
505844049734
784201781215
215655598524
696513842295
401883484881
706814183200
353340275026
639226325060
236442110171
616081217982
583646655156
102456130757
277812924063
956210876638
245630333722
440634817670
943502235684
352000529469
516910408631
192273038212
609238148924
352725525311
876957749949
461538297025
304909265377
713096178545
881563761701
548280203150
992167658339
232164923274
665540321214
420854088836
413842499532
616648130423
474555694538
364064725960
291426279978
758601412673
555181441822
726386271365
354634999960
865989240806
360440403905
677733468919
879560983253
346509441666
774489811589
456129033610
405210493414
943329065442
248695347664
207214487728
948865418014
118936447396
436398927171
342055255415
951942241871
884457875769
272746534235
674517937703
244480260784
150367037339
828799626723
402840911091
317253841796
261777914304
887853604026
569407592760
182322366951
530319536705
450422032838
809307093012
244013937396
326140709588
376525044301
549004927335
915052796294
479730597315
285635642840
306145552994
236771162282
640713895578
984004020591
919005885105
855383345675
587527274449
933243858448
954125155392
527542923513
293122367389
581078241460
529900445988
131681124023
859966885264
707749347541
304191004878
894106869021
946587616536
829183193369
803199063949
909544757831
887298396311
784598455825
685128212620
231003350498
133071831826
164174070755
154806430019
810024611339
133304543316
291411235744
504967349823
847080140812
714648658846
178761960928
362672725295
616543565830
486642813514
489336623444
203475587054
957839592557
343048668800
330149789849
195129950781
537924149997
660964822302
293979666436
402941483582
815410634970
219443665829
412468095231
514490212671
460947581969
905472262291
994540969569
667633541109
347167111632
847233029603
433479104065
842869197498
665848777493
675789129071
208242577657
623142068270
258032297956
523316090772
885637584779
211098397650
347762450462
355996984671
462230350622
418718862873
720503073627
968849241063
166147552641
720717147536
871385421488
336158381840
946095423654
737734251748
807153030167
826228427731
472309928802
784480026293
791115292194
653546624257
493468683650
831386576557
334621811526
562796625612
683892961402
477643000986
383105941012
633392414275
257544946175
273995502264
973235788744
293610908423
374970609731
131185755318
659775614650
779613809260
275383395315
453776893009
295409023786
988666926511
324716410759
948971839060
268153137079
780478921330
253906336802
704540093676
314414472249
892976023209
560801128812
814116218902
526698499956
619769801019
742841778433
698901773900
617297944962
441568701578
499066337997
879540541341
896380291969
353937788140
810962600478
181361873660
570460047414
332391033838
951314020892
650176440609
781624716870
784600686992
821824454906
235539098852
445777545339
875363040053
905649130155
725670058065
396289796691
721264442696
887995399878
379475578125
615194978605
884906697574
261060828524
345809386462
347352153268
516727245283
306217956913
921137204359
230434818695
319275571756
475401501167
496364992078
859124380318
755029387281
306648753733
509917758754
781618168781
852945846648
134314208815
252878374236
565395418101
254464304256
740024853716
743012619684
870659477481
408054123577
436583570474
887346617291
155758366055
821958706791
691389083898
322890321820
689016029463
541652541912
156281316880
527097563495
877731079247
923475532860
392846347625
870588302695
671600607353
825984268889
841669325623
730948640788
304867477460
720875259881
104588000123
118789336387
177889855534
969502600479
487302338605
995141094089
406109795505
581325228498
699751835044
328271742468
379630023823
592906712583
202097815324
826204983973
989827569284
261361252057
711874443350
981626756478
122911268709
514347866045
729280469065
422619745759
380151773314
625995452963
590262586080
834622534542
692372725814
525649803011
526198339142
826505634615
253181286632
770154433633
676761558740
649977966881
958585091403
955849075081
107477257445
154820538758
433324294081
496001904963
790072371267
788923267498
733323542703
637091210137
430565038248
264155143098
784627498531
874797132582
351158798786
715859397428
474929779515
589790331750
317337555744
724375498803
329421975220
219859713165
577516284988
470896539919
328830398104
943599538941
362969270481
302792467705
785738098774
903721467018
814626522027
215692951869
363279477412
624215768810
341186286132
399803060385
153993762725
632223969320
731291722555
974548201705
661944543544
502148799834
424699287124
418274955943
267473846998
184218106784
746507292615
550722540691
174685449103
261512989772
386241318771
106562557250
449643924839
869610985770
592942248004
344460813756
430379574067
197753901777
887716276892
903448885737
947025660984
985234561564
752564899050
458066031601
760635376678
172473103594
476288309489
913185575816
706462291159
349599122515
983418984722
175859549222
575200279231
549361879133
582958252283
101415794219
319339926842
259076391176
167346543054
771789295800
450771323744
874451717109
602589581318
919064025345
293936218540
501528854313
475116954755
751492416756
910363239547
829030807978
838376560762
881027518030
532723942718
620549337168
430234308713
641414979865
369410226226
854673365739
755745122370
646507420921
196988229444
696653552952
953582188107
527474478614
971288008512
601937406781
913891187700
440159044643
581441649904
689414269606
600026176456
850733381820
535038323565
376068765863
954304094707
490709829330
348734379323
681356111186
760072972566
156714682759
807834667522
887774780210
332163132827
110152794321
892471382258
589801613368
678000780911
794514289395
413629213762
434844058477
494434324429
285723325515
285817477783
396227230685
812799131406
649560716279
221845282713
100398016926
477226447255
978396628095
350087818761
579541236403
953084283915
742471021771
599509816650
530681268364
263412793284
950177833377
299366647774
806701853189
416481370290
551519325584
944432502942
918962635980
397878106846
262106966265
200564933952
560008918215
299080551879
866586726377
711223899338
560717528575
279903124571
927336523023
519600646730
668215678984
439494888319
624402844222
747299457520
184624496004
750905721339
732282737696
113061280140
568533320597
560722130252
942006761611
638138316740
582836657920
695059641259
552954114174
466708131490
466855842379
680979917907
649588383734
783639722189
899916889100
478994204849
349888606151
160004095985
926383322258
861810845870
191936073589
852912270475
738528778466
720426623952
617987822073
508299425516
312448949628
510758635062
465650901741
600380502308
680157204546
573461505345
329650912081
923607332456
616707814502
461860061908
706628468025
926837626557
724776225488
329332475855
646554336535
128606284232
141899272379
547801021911
782235748366
660126408729
957581021069
143515909594
367560884869
538239112943
473081168572
271263645976
467721479709
295934601466
413719521616
686811633910
781504684005
421142112871
417935135666
369991466381
685463085158
143528526870
236619874992
517112342356
555145543719
467720453161
803048012497
204817564692
160896331519
717986958439
552404414275
312438199279
311666310655
225917006967
708965516867
383278655737
600757841193
809352960078
360214329705
945785560453
655689394149
901206696092
868572944274
670151175718
816521457091
394349623912
287099632942
520538301556
341454879799
828766470132
261886013546
300750340587
647446551226
369163670939
359407945593
317730625500
961941484527
276070647474
739898285401
536057437924
158991632104
478188549919
692235921255
723372551442
458459861215
221151361720
959406829606
764159696386
569870542173
988334776908
412474591124
537805351974
280507400483
162241852147
174220357665
627935087736
842455451050
906135641776
608032110216
351403682342
641150730826
452517597616
585599278243
155459265716
902002815494
117873501747
771298774949
406811563895
328781047681
299659463179
666643409367
251440329891
989170822003
382246258122
998852457135
925001415095
325545770605
206528613617
165652005219
941380078232
252814010095
901425956554
618969466726
453037818811
471372796817
550184110408
707322020081
306449279747
780041003759
647066340868
728739637653
489140163328
148235937505
493444631549
535325158328
176164813749
932629543539
352652227421
402485728320
344329877670
343793094477
452664879802
848393752093
205928280335
418282389964
907627100704
520864861426
965464205808
432211619119
475242825231
776289276404
579886101098
358108599184
742947177314
987392002290
285292248560
885309118727
141939018196
137378531748
768297499181
863306643377
571709787086
682995161561
771452764900
105184539690
804490891097
637432241773
876154921960
841805704736
587889830080
548075596875
840577010416
761542547326
161603150120
953814006731
861901822996
724158825667
958953127252
700636289638
548007343016
187836185736
710790996112
139741570007
122255584344
903366609213
193004167252
307067135469
654021128995
620059334221
735048822735
650946902732
987928648055
642984079447
155257553002
269591804410
729235591443
662107556999
256294579991
550554352955
756004142884
540060203485
650722504853
483520037112
448911740707
595472198517
830845372264
852633915659
957236235168
852492273863
244989651707
959032491761
726228953662
726601888255
323481472286
840554800366
818262505253
622891127199
987268291314
183836563052
563733285258
276500849799
527359914916
723679851467
350088245088
840903870320
969860079480
728735972110
531657652214
185290433577
185880159878
990088407734
170127378683
242634367499
377876208974
689601974773
627584482361
777482250820
599378572218
779654419467
846548012369
684783783180
131789612181
141298584773
354993031351
673263531896
635687063647
764965036959
813260567398
650730018111
708642331783
960107794006
250209982126
893376628838
433605142679
697683319418
954771967303
814308536893
835292669795
686780040669
356467107946
201761116519
561669366721
814442310127
330479724489
953451098155
488202437841
412131944731
442281962364
818444204240
157182913101
895371315785
309848873639
530413622989
487318089977
930419512262
685039227518
307539211335
311332209488
673406337975
681619595264
174357605231
389062637842
167284114562
435889756762
300347880894
100372730627
181281554144
310188127395
880571502504
318356363748
557041253971
413175661139
705871073188
430606225630
655551949370
960203928440
617249000774
853337862412
550762424165
582850581574
628281843168
390586350229
303834954881
413920687129
991668029249
642521044360
813417558669
552497017464
997069604417
836509254139
704372759507
875913573835
782087097768
155625158536
233265463232
610852661261
696347947073
815160654125
844037514637
717057157757
731144022459
416594839486
235927272608
586231411131
399838222255
362184626178
892016295124
405851754656
101404506442
907068707555
221141175005
722199830735
242284994112
423568248007
125468856017
661402781810
758540683883
901108029419
515879858959
894171660659
700288057866
650709707906
339285093594
233470534465
106824645106
335011559006
149475277290
849263223999
184090991798
697899886260
996502965834
895102876020
290729446931
466481351140
242281430648
114315235842
977061191071
844344520519
797971327742
190028500215
597352871798
917645036447
289807292803
557005911638
746593710074
997808892076
732068111608
923837999144
225601715356
867328691467
534642162793
473142243623
662337094503
555467589295
683643636681
539681598328
237378038991
340287256771
956079812201
799224690283
163786097829
617170430763
300438657386
326552112724
636603749769
488858295482
715163633321
182080363958
590941152341
463497690165
913301274995
653992850780
143152825914
760620446622
675441011470
908758118738
895379924854
177850189917
888746978530
735608342678
967386843549
496244186342
124909676363
675036838690
220240371450
347735074556
830457754760
433263811358
336815919007
429840994270
785583047460
550967550314
421061836408
771060657080
657117349125
213133377784
756443296159
101194272685
127905097755
425154888634
721436078593
326054230558
836126090590
785880695270
430720568487
950394460508
481938985557
979565124109
948309090380
442367358483
763307479513
142424795131
346261719558
211808961950
381672814186
183510399861
292644822779
538481433561
729758188163
345803251104
100177477135
434826969811
703856504812
277879223710
223231517986
947845009657
608525568602
703980454608
356979954904
743114595402
839677178487
964993439125
535124273255
138777150170
686095905783
955343955960
597109925464
738191059554
568209668454
851155383134
605030260190
173883811664
323173760794
830272033623
227573346906
308277479207
528196960970
150047701617
111587790005
249623950949
261000119770
706615611155
813011290719
355861961113
548619222396
305757840574
749637291235
147437909010
689451449691
723851668346
290450675450
719024824469
529617945590
458688451212
327063152399
363882812902
530063558197
565935385847
837979940416
984230271995
692547236815
543541901060
913890702480
972983988635
284195937562
202854689206
232455138707
562677268826
769892099386
977078738317
491875473111
473484021330
492195020887
945789569666
245895824514
234486321671
729378279004
339351509263
507104795683
691658333913
660742437477
398900899757
282163263217
876790951518
604341789488
768600319352
943294593870
205444920686
119595923884
372230385754
262646237416
321451410089
230679793631
552625174381
778997176586
448789562768
821771957311
925357012637
513801580917
887737258228
588835563748
115572244247
644355263242
680853181955
794315303964
994519649987
103850915343
955304795837
381984655074
106710459701
776789288116
179437568855
311924842143
448039601654
303348788776
920948195677
523224140487
209404135585
587744369468
463887960533
796240609924
189128909215
132474523643
628834590440
988485272109
979378993924
876177739948
763417183045
339204633896
565784163615
317437526579
502104434337
757073608141
512972893625
445837220798
588199698568
666938436790
748605465088
691665568723
720750503822
372291328046
686286562093
443840558429
657067075512
797817028812
636552416269
809854329848
122758310838
310999470551
520958155491
492025909117
562596811312
272164657510
823298147830
976729713592
514284451564
236992277811
962667564325
818696218085
794975741577
188225742240
104181989365
132102226986
288107226374
818632067614
701606793108
958469109305
917466649975
978198595692
498370193393
118759407972
303046220933
606068902419
897908289261
145508551030
673270514367
950168827115
714267409762
626369738698
898551639699
969746591512
987009889726
976673728233
270152905518
353315301923
978091046462
661720201286
577886699955
472398781394
329776798935
137861006987
642137612117
653189461394
484901091692
129170581908
791270732605
496778665647
323337125724
459928662326
215030213771
196499301717
375266657629
241970179970
922572889578
208539777501
251322766817
705731403126
246731786743
786575925649
834082138139
274978438890
199061379763
269077948938
255043531929
797188778011
448687708971
109802782501
521575415795
710124408052
468270354384
162460256647
992726989907
761416548827
728218911117
101959868815
358427527974
738698614051
627404967528
219285073224
156427299760
197662220800
420887047731
489387473842
724524903749
635740410496
167595801585
748619251865
406989649980
261702956420
386002608094
415867820816
211766712079
394370097826
327626304680
812429142996
187068434052
107999117305
338792181987
713709104621
182921889758
329588859698
686688050071
839733125747
838657268162
420357123271
668425346622
389671419152
935909107168
703313125856
759809071504
669930506412
683295369810
169239126942
488370440511
426112791809
252694307854
392639497816
225780185215
407237970248
477201350667
294958930789
500780192849
551574094590
105568137482
105367044637
108652467677
968847522864
946750849785
463005233406
132635526238
371100732372
574498479069
451842187769
502537711825
455819553334
229242574762
777766787446
888809314594
484037408947
363012733650
326848240912
913417697496
444937324712
986945499176
170262713793
742631432999
910893205688
560608903212
717939053381
951182395231
526831687864
383559875413
391927380379
283319217549
725483324568
382985895032
386367471031
739893992430
191899142475
711852869565
671875281944
451786518131
406779981885
195188705638
503226698983
535205086395
716681175342
912353383145
327372463839
126427449305
204779880148
611119502592
624271581978
220575389228
617071932485
118384361155
658179015077
120417856636
223521693609
824960849270
577271939824
766409592684
417226694644
129157821188
451552140614
998756504283
341470450551
993897089501
338671788195
550632853181
370529296143
231403271812
187750262714
829366984706
696520955401
981456726323
613760834703
806915431242
338265588035
433751890004
975475227344
571472594363
360077538175
403359782050
385033337770
820794987672
963372782656
859900828080
837084129168
907233549048
842200730146
