394329565049
405195610033
514722023760
876597069850
324747032604
271337885681
117875578203
146990115803
737428428008
110184919970
341688859713
118936670686
962293944068
282596461251
233404928605
688409798299
890650569484
548999192222
234976933069
489851664298
130525349211
502545704095
647026370596
261038563450
596219513528
936279592816
821412351121
168352628992
135965556885
905340104162
986394501675
309297459071
148638900272
746104998200
192744536570
638501708829
686352490172
480005030912
345640098433
313657486845
881802275140
439239998262
105272482327
700029533613
625736803910
497841900762
207941606962
346883617341
518771973845
690885073560
165723104755
419344554319
413217130953
204659227405
275288841439
555965906660
194468670997
425323600644
233178299776
965876810533
466320642744
366734541538
488762975492
532472389277
330795077856
636531446991
190588118108
906625063510
159384587822
933110847691
329275878186
726884856699
884942371992
525484712161
359691270752
283267226854
468472955983
409341817190
966745431983
951802962418
153790046757
289283290911
438889789385
208606785794
277403317202
736824167714
469633712424
289768001871
392906212577
511256989943
121463099352
237975894106
420934308048
395044923170
633308375449
434887786215
779207532430
307941766847
890923703163
371807672414
564599297630
902660655849
684273844030
966886142625
353711811599
414809073065
849038899241
717171726929
156488550004
312363174613
230615492321
886879979728
179341757620
150751819718
960938162097
500448663999
604317607301
831874296270
793705356636
730236088810
771015607839
279286964029
428653635688
800131755584
758596828116
376748642316
698943265845
868989394948
117074580462
695193742529
507796429308
963245613068
182840412461
890867653303
125980583347
564143938894
513173273831
581635509884
438724396642
785191883103
327731290114
888301113480
678078133353
611211451047
604443961738
373795036547
618708174997
476775243578
970402136038
857922377040
492729982286
624973331936
351933247193
223184515372
245380495357
325197944723
684545646995
581580681338
548218278589
225789816300
768665668845
773919505140
240088426897
814036724861
320736598196
137799476292
435283405189
713060880160
142671446096
373426439759
588600282960
480983244527
863922346816
782910097104
266851990672
626136272898
528642297370
815613281422
574035565417
544098823731
923772091580
997369897501
580039843477
208476104285
526416211037
278598748958
462260801613
952197533421
944973518859
870082925771
337135517188
245735649258
827574363520
242183752641
214385804397
348463494235
928251752975
600316696686
690270439049
885274410548
661618647669
834033863851
993137027134
390134492066
637877202314
102556571124
941249127557
969721456519
525706966005
634014898669
303950185829
541299123920
118239160871
392149191175
181665406558
881411508095
214203862870
923572411264
644253000609
547677779130
796652458569
541485058789
612035536036
712394762497
862410571099
583582762648
834139200065
741639385928
601170912305
535983520381
732365138995
630750058955
325414892770
978869455843
442858517478
414505275049
136313280741
933301822754
621621936400
818449047837
260960756026
416441580248
470918502454
500535494475
519290985925
607304016659
539893895194
467117733605
596255675621
750464762676
887924652495
171588506980
937449791871
817332769112
328254261593
303110601655
692393637104
228328172740
465766516323
104701514875
225001258885
783778567846
131720748353
469602102001
632416351011
832794189525
570299079990
420351854697
396641581255
823432923631
927897732956
867953306296
580503617304
261554408507
706581649212
127043015294
507800134174
195323691007
201446948022
323855271629
293146931268
724769015586
540709875676
429022301831
492461543607
864489769492
326960374447
792480218531
285288941594
291034001441
981608953537
355710137160
867936624156
952285029550
162466693315
719551622652
367192005308
163584176576
163866862136
174716001876
211657078989
232156042378
534264401142
329693223188
289632584443
889470009925
592071894114
500574513975
265863962424
563358737627
558219050414
951301606311
173810548901
572890635137
424347775880
425555386780
494024142880
833422770642
813971019604
724242547817
924313636856
419344094444
714071579716
623153091911
821887303115
371047113054
819443974038
226216937742
722101460716
337492901016
709327972707
446263084780
207404183542
376864975378
163989275244
534376557751
121661794890
774429695418
649093069851
137357519642
754047503205
648229281821
171105863482
926090548422
384947501014
160135938573
923958946610
898847599886
422279643805
866091205084
487413450394
231486327968
461400610487
116153111749
904515971676
914148479690
445567454342
453986730768
130527111691
738255094940
689841766908
587248326741
669941381121
685502441068
880126687449
337630777727
965118877417
672058724424
878339423770
108499804213
429700869490
599371374525
228517767574
851699462107
664390711791
874908389140
341929897566
791142362649
149877563820
929521067413
658833029459
176228758562
613019620819
221583990543
522579694417
680051729972
949109913366
466615443721
778730572282
345078370513
773014685105
370594743267
373445591025
598004616909
913971256214
748428673571
214962665669
889913956336
230814074026
845790591663
300551821062
826081531687
153362014911
676862041207
918317638197
306774643236
207159903797
629630393833
122691496519
942541559083
797796190287
604830006060
413116992771
789681178867
853924614834
706146224093
560581806507
323309413485
608549219376
933242152185
519600091313
273341200583
611310564094
501357398189
573705785073
763703874323
463218639906
912656580900
166779987154
793450023409
905014433213
976053176166
940674274123
929907044833
905327804151
401367011613
214849230012
613504270111
556378695452
772136320502
786285925317
518094627430
534107151586
847671322971
364415346582
769205459092
246433669517
115863561204
982193925858
317356866253
722685667729
506827582054
369514576653
807755141355
450740167472
110780923864
797625825088
983779140242
171290386899
888800809062
883991803784
262945623055
664447201285
132338103200
670029993624
949839452234
233511231782
376763267404
493867792171
402474969872
712300096345
876351141815
442689254549
129909551078
881623426074
977597101605
699496751663
721433233975
768035374650
165010285960
810368235080
928493278919
106334597918
498544970462
783148020616
564321639781
409258866116
729640980187
845992918775
769023389578
847422157303
279847775178
706304726351
712518290610
359486838124
937065819724
480234132947
722637657989
464682631659
749551484849
668306285374
572805556202
713062498682
711385813423
213673975389
790542239054
612917532821
617231415286
867934737023
364610201242
343152084444
647558311575
859295492304
401618103340
886222846190
270740102022
178208761176
652523010698
300407501738
370925733820
408654158855
521522616053
718273269975
904291868624
583468230470
373865544039
922152221825
434851800393
899611408856
675081682036
756534897809
249400711936
826066073268
988081581977
759572334591
884983866476
115406882990
717107655782
167412369892
971740804478
850641631277
490679454264
267188825919
781315730877
415926921060
134877983637
510723725372
300504978614
684828367390
943884368191
574687231107
152088190498
152465153772
777450574244
965953339093
839158882400
582837068899
520665882148
461889757553
713869687031
198494923349
333321465137
200552462391
137212708072
205731482210
567949250943
947134853756
285066428816
554175454366
283241282259
222653950627
202161842382
590257617023
977327442471
118730602050
583322587842
309792684698
483242004521
354471122660
839068002032
842093325271
388576636584
254110723985
564213307548
162389948855
797535513579
201349366156
874457143808
546078771300
945214282326
889409556643
353686337768
446251452625
737546745750
287621457348
712988651045
234664856688
372214119470
725192698518
137275323055
279891599469
866188086159
563891535364
973840691747
134349928170
578998046604
312404131152
728346058444
239965826958
181850042268
332685222025
425597471642
837966917600
759195272071
247443121672
842048882649
853764568659
768372392583
206273714891
704067798290
157776903295
631350810150
118949261624
588673778881
853104828716
394931365881
556542717395
434391806463
746309659737
704559723751
314472151346
331026853687
172244573177
616881297506
604792103706
125002901634
772037825099
478663931596
707815907629
839494254186
882970626211
243326081613
373537263174
489392879080
235764312827
954100577095
822757873805
539438242353
537205741361
731549750834
769442709868
929396493685
544045342976
633154618149
282797325069
391849401274
609769926988
339465928133
166502280205
695262040161
401674878302
244216945597
894817437354
949236359985
556579948687
278104464795
214872515339
264051215383
513841092479
562162870618
675357459618
668403470579
505652668811
568007994342
165283350841
600023468499
993730580761
278133078214
183546557140
500526627223
724633148246
351375817668
464454009705
732597803554
782306879933
947225383277
905815065985
401164240655
198301267242
888920187669
296887591217
427535498426
529163136470
125809437174
615571097129
702084978058
469240647749
383505777329
315423680785
802974633282
685019271587
881823707917
124443513709
169776464344
190898725571
156112284175
202686648569
387284162426
622561576140
726092333232
813116172522
756079659283
232433259544
262438103403
381983887640
683939240812
676041890597
294659131360
179670842627
762033474629
266439959330
835575113012
576120773582
251316955027
666655755790
901098131893
887964279157
104257517377
432180650885
671613420090
246446563278
776587312098
290441279565
294847297466
872021948033
725215230520
863161336450
352897594009
636746733522
937418567947
600449355133
207872409561
898817192988
344947658651
669129685698
872265271795
513689210973
800487713953
255760104056
846494883063
887536385580
960817160571
379500592809
332788223874
505327379135
959554207023
736334470613
115673937950
356413060633
103866001590
776780096264
644718972627
258366782725
754925708716
761673652998
182307191343
690397296670
506449702516
804455516106
910974895683
392662294775
446748544885
319377758301
705371821716
285713151860
927584317358
921654940717
879583074393
533537610677
430353163805
450607816360
996234549597
356513758348
473682460613
100553501247
764448342133
354021035629
907606299896
466448224484
310995313897
352167354474
225919842974
743865994667
339262596516
531687315844
518874849309
114564113539
993886171398
232951570856
174573721609
872468433024
705908513864
147821649064
965310451221
965289634372
311987662430
134123226104
879815657395
519736928184
110645844094
354113446111
654467545637
374519706382
901573150658
736634440990
370983628180
916129901284
929321828543
137136845589
446407323718
476139564858
283392364869
462188330723
418858687211
558181145838
802787772701
806735706074
463847491931
995989794683
548510357429
945338286763
254305470641
893232658190
210742886994
903570366493
980314703144
428108059556
689054479273
342711508857
655876670712
445300609524
302113594952
111305536100
742247733724
132816047043
920058935463
751788054071
949698164446
994479580290
775822978169
762997337284
921951677298
516362398187
359429060419
430801554267
923779330653
170019212019
783507513205
396503844165
284896419222
728373828831
900026433698
484886008494
452597373052
170559355999
297621641898
659505850235
712719334706
877580227617
986150021798
647157571240
798319261855
547366676473
151612548796
777308220390
824401783624
155675400774
794200461220
793672740381
406266355470
409236631397
373346028844
346975080263
762607416134
450619132436
783686314832
295471284724
204020016028
613402727978
719083126478
617737401178
707506567861
966600654221
127575177642
510696912426
822073441471
141842452725
310990736231
134320064914
769846003136
776754464682
698611096088
918906706897
610827610651
379053614955
345727130081
178191819146
386621500766
417666953705
316683356483
381533961813
810539578371
445747770885
553192232745
906671007366
289364931372
342190916401
198459608529
756842697812
644670218091
894153846197
131976727613
937545151406
934602928407
224809552324
855034238940
989533301902
234222633628
168023818748
763785551527
603688510919
202525944000
763422169818
639275906394
710357739976
649666760657
385518611853
533461721432
195336539849
986873779182
828809664313
452163365834
565380560503
418122604185
458211555934
529887168097
731562023800
778102584920
578428751579
730315340676
518440957752
120643256362
993005383439
306336997747
462790593082
938592905166
369950640233
158919491202
448149799480
477101875053
344197843332
159946258333
218237084629
639687796574
576905494254
572022590130
961239535759
959253712843
819000860745
614405503691
429399585122
350468463089
194203762515
627644993546
696787394059
333485084244
570071758973
748738546773
143732439850
969575224002
926626716581
341179734654
964362795804
182131537076
527464138658
435159280203
958840178723
145092401666
299937436157
134016721822
872972838006
748035933233
124460512379
261999098169
685962321282
981328700365
934908497457
360596333328
695088727384
159135944948
117059363002
594870272481
745285442262
463406750481
913026320107
142750234183
255325445280
787717724951
127704884242
124361611935
456299703731
789752572696
224261890769
741572465710
470682506070
727764619987
158771415547
897371739621
359455370371
732015734971
365451592420
472936915740
272451245118
671954608089
845500892763
470214060958
386141637276
789139987926
851534113398
171131224819
505776537464
154006341075
665354916926
858102882754
719605446956
281760026859
769400851675
615820102097
651523070481
178208959029
501023091620
416907947726
768439957828
239844038132
932587859090
772625587839
992426348184
165061812302
148095147201
439933797723
173314414433
546536380681
702201514734
126621922668
956144013722
331045303356
176522125075
575524719915
801653492157
276347385989
917474179500
180475459396
650075947516
627865941412
388155025355
489132711940
177413834153
943703361694
195493015125
942144436903
878175771001
365490482543
491280086414
405525424121
841637189476
932204136866
199274799436
338250938997
953058642952
482026425857
163654248834
386896825611
290024746344
630880634455
209166869415
979744322269
997608173081
564824707034
398220801173
830910720351
549527812572
691395796951
756602911385
765444002206
693307266679
524562197967
379966601539
311354213426
415178311988
185690662848
456777266015
448425319665
401628324936
801267098269
566145390555
378591037339
957838692245
438779523079
501244848697
514928933463
470573018177
969634692681
638873580870
778213418948
322177752511
902521376679
534973559066
224258848197
540993049029
226987484097
834767471850
406235215740
153820167695
162847747184
225348705790
503732084667
885522960994
387508357676
166637588850
157224814082
318624114787
142051246051
317077261293
126380950574
665219852526
312148937983
914495097410
326555516284
376513062792
546671652010
143380472209
545357721632
335812111939
465772125047
485188040526
880833249066
367181983394
380163183292
273262014022
271086750707
779089412209
876383966214
736373244259
117502278807
549528716458
864351346179
974453742044
715987947943
702150152292
982466065456
953068125390
961072923099
673414118726
459250269546
658640584875
501506924663
332052665507
206249323775
453988412466
611131038804
959632616615
449684450702
261601354080
802748748596
603422945084
452053217110
988416293824
464795284047
652380316738
150029017834
421347936656
277759066210
841033007589
691803363833
900287519868
890281583701
487040859218
101261096529
835818465839
567485186242
289646918527
383787529080
158325560261
917596392195
576484652063
638888060896
633947436288
636289405149
728084381049
900212362181
732352695317
821212547856
600612794084
860923487788
159498908875
327349817953
877700716997
102251675896
729172620753
838824465762
797597005149
686142877355
193208187645
289153678843
297257146980
438028823268
750025218929
635805154006
726609178315
488464698745
565525560881
652880438068
360996839969
921800151557
749470853672
501147870423
969933656947
877069408944
337633682829
386937639201
582171202735
666305236445
385656076421
296472710116
524780222885
112092126051
999425401392
610651063386
597705809905
145523458134
550346498646
960065691649
820058355795
802914120169
412077647140
389234866944
141529016794
552889691927
224578133430
466057841374
253157867757
736197424541
836375169347
532968062276
229981164287
319860216179
669298487282
103600713561
824080738679
683910196234
249699938920
250296711157
907275166995
825283020653
238567886652
824957339463
655722380726
518544612816
920792160440
132755754486
332802278746
913001803083
214677042394
932858054301
435872733604
830065397899
940072093040
123876562311
495775238521
797301875913
669207158560
299392125707
381691649937
662579983405
713139010789
411942576518
463090123697
574503149863
689912600297
136065029015
983443226205
295484603877
476685569611
632682362996
737274889307
888718900786
529301243818
837980051707
216456802734
990702126691
438592184917
353854686509
737243832994
462870652704
460145975521
479380588749
214872335579
965642450400
681084520150
322498392023
408547103263
285667472586
417234957867
566913746457
332524386042
584510203700
125669508335
770602152918
950259336523
331394649512
509288875836
918870888460
586069084542
720050468105
359691964188
550994855738
708632313102
587273159283
663641498876
397206907189
312959267454
576056676623
277971338319
271633947559
727382636021
868972337856
261448614325
925109633136
928705599213
159832546577
238996370713
397852571894
281618691076
889536297300
397585079749
382935854949
450191375386
735297350328
261740531348
664254857587
250317038855
544322203957
189302531438
546891820766
279397595573
121858203915
803440006095
788946384060
964047992934
380443289315
274828394128
186927317045
396960758970
956261277725
352573716538
274674722557
308254864354
112856350941
964029644753
653977732993
878167756975
718821990967
709184692296
521378887941
340099115616
374547192895
414582425323
418747669972
698300950667
435081814547
533040800088
627813472698
582026034404
736581997379
283718839387
158314082717
238841807813
603104099650
124262683005
242710697678
719117908789
970128295831
362618868241
234079821633
288805781157
521715280927
437617914913
320118540719
414611265504
645622085600
567640648263
718510784611
777817962611
483081961781
945739226123
622524480705
971395122711
121804739820
347886668904
746755102295
246112605110
670267433587
248672351650
682105490229
941879843786
558270971546
381898363363
859678308851
232233638221
594861488198
790834788901
143755831609
196352091344
424385994946
378296181923
777750309386
155709869251
394371907145
787929281442
223668546090
162037725341
105660793966
104658037663
865994537916
799370777275
341439131575
789339711875
585539199213
944196931832
225356564401
101736492286
187881577212
692051705171
246183459590
127298521385
867040449892
758171701207
325587952672
577763498175
938707509747
207627321623
834975995742
202435075662
226193281224
116463653717
470934099594
205375257518
935666694768
328994976208
708386895440
211354568849
395590392832
544506754897
629163758099
689514218719
206141389233
840409692488
148831614422
749988013740
394280770463
381604800833
343180778949
469814809013
933173056889
748600908023
455343631814
540303877196
893656441268
255890131299
254288401134
902977115502
374789808424
209483552975
264286951522
222746789063
659774944098
965622337011
603480154455
705191930405
414625473740
726005456340
209375860841
320789499549
719591807482
449002334074
841698600047
954755971354
883892449179
688274570226
876145600384
378698485728
979467681484
145140572983
175703865322
261764203881
972901192009
574855964518
837019885495
720842371787
934151167994
597514733455
272864883652
508811852289
703271756305
725002539514
539139405053
809778480737
471920466953
550627788526
736354419279
920056106102
249505877514
854425648094
258539433475
528375668758
223563897354
797217057844
640571430781
213826239235
589824430770
942564429340
180148242555
630977518613
995173739651
269747463103
403040541801
691627510290
150186005194
777792515756
927781646419
355547996306
889037053928
447839649079
323557917112
382566995973
147157736366
511769794414
514964839606
279248642952
999817778205
410150880026
437314686544
492309185365
839501638015
986035613365
837949303501
885956699369
535438060439
807820520738
355602464713
516906916647
289941428971
412347108360
398474761001
417923667627
427426215020
893563360275
587448352496
872462093481
570147620375
277926372159
388891218428
830947991983
785707877606
141046825721
488566964286
653295925295
207387711134
884583603387
143225680149
859597347804
715663008847
211470722095
488335222117
929929967956
297224893412
464340760860
640937865969
682323378183
888738931616
190612987387
501400052592
524554641398
742997446737
542379022129
896430124479
368571809830
842042133574
243601075207
105339204485
571622447218
235398505228
131890342180
493292009465
193957029421
855110995447
535339355340
887856014146
567257330632
789930916635
182302933376
341442789967
964893455028
613717607583
991757044063
647475357765
785804766656
860549010709
159121308513
938436279448
459963790202
615776983012
831842062259
993795580209
495224263177
929619998840
323912995665
612225603381
819135589666
767921038513
188257327341
966925381616
261593955765
297501513116
341484470395
952460019960
326303932932
435699005660
415028202320
687237243111
271132995793
131549570046
495397896077
587430391917
789162346213
342216776526
296354833625
368918729309
150752959701
734748114205
626201001091
191401818710
630147597026
406224051900
426749434473
962638933740
346176887547
861219695880
230160539260
468654783764
339558677864
863052052619
696005767302
285166844933
476605387461
143507757715
299693445975
481624357898
400409444246
183486738845
782069589250
150160729179
540848857679
279012219757
754086113786
957505523291
268637052301
410020628607
256733541705
779676509817
614765367717
829859830678
783082793892
541909016082
771657751420
524126976670
168378448412
731209724130
254596886181
876114077554
419934530010
797630460777
602512570009
356566574758
175344501876
176005252003
665605053831
965521315660
619414005561
333698609927
607881401136
780152378614
995889267262
575297961761
900963977931
711807991157
787641969535
810871140864
373552391040
400861450303
480523294830
934474349444
324759211970
915173868877
968068450533
326667460011
636702129349
841099679279
478769960020
384112214600
420176941391
565962714333
941111337646
903083603718
911163039983
139259322068
970238714927
412651340002
328576475614
318991247315
960439486680
672845400405
622682804241
423935775745
728561878304
226759183721
653990461503
158365677407
906791659621
933145943891
542634296363
621514803605
333753727356
806425029774
355097788318
544416397041
819488023467
919100670507
452259958034
239469314986
434633833983
168364335025
139298813571
738128086472
227284208289
388028960523
279193031588
594913555854
418633617992
226626014658
131968952020
907126543238
140640107972
604780707907
539720085010
131410308863
850991679437
175704442610
607006775901
652615103465
966567061801
604733928681
563608074939
437785684334
976918035100
963750079958
784215969788
364860311109
831226111983
263812763679
200314164892
910098071971
822757303510
805347943817
875656688155
809441879308
392183451339
338983050475
269383354980
773810143425
386237939749
649149851973
477408823547
522910923340
227982874742
463298680534
644166406135
457214425484
998084765784
807846776276
867211382657
407019484921
524523138363
855532957462
680804963727
402445349467
600135123586
250482851522
510689274784
689300445167
531758852093
923534486721
810373023494
569845803296
131125921169
566450011396
545589387842
857804915180
443001679268
916508600310
925763844138
553251993641
905579524570
827811144184
816205952798
328514147022
567791707447
586650658849
521539327229
101763104219
527845688123
532681660877
207398850222
275553934736
185647910912
696049761277
777860997289
801289255110
882287605789
194344523067
369918440315
236874190178
860864691306
392838880182
329926071464
211859301786
484990250885
878781279822
978546684953
443068929697
620323111880
695268649933
986167713988
173633028501
312582345167
808534851541
985934642816
548966776195
851404703859
596237939658
687156721162
443622421646
173749624750
623839899544
347565583165
513600582335
707503497907
853208231170
978766757729
177536996021
245041252521
815450115504
629551591221
215081905329
598487520156
514154578537
279265891044
804865877087
853288019154
953978265581
602382192828
509348397521
824686358100
972888370746
737553730929
482825295847
439282064776
513448898201
429681505375
943670121060
804727223882
645403263327
767564409597
574817059373
511785245752
378226346281
738271161183
207036911321
153870566851
448563756138
627849648289
289792516653
339484606323
379027833059
298469231658
992511042878
656333171668
236710610315
933797441627
491931444186
682143971442
756091752435
780714992586
124875531912
616874676311
172318944416
995546781181
210640711454
164562537217
527681909918
170708561636
357136498005
498420294719
127235140885
625386650829
141648707452
333250216990
804869224372
859553752905
163008462720
218772683871
925465017110
442775067776
119823828235
144933261711
383814131444
158659244958
244968270802
913444781550
122875292408
318951361671
955577842987
193854410630
817434651302
858716923627
242651207479
190594387968
482312373029
380389161375
623527213631
163969887903
629929867737
887845138200
321793959742
368524731174
586734328781
337290525287
549035814041
599745122756
653800841104
732787029598
706373332918
652420143737
253767888520
216423816302
464205419757
223612288154
229742847153
698944959033
378855506867
995264383105
648798923335
149038858371
196989715685
985519318168
268500658937
536585645105
502183951377
683479525979
919750506895
156716092156
101088083086
262139672177
631070526993
637075442659
653904883923
417473219035
392226842279
160924128112
847562105834
644343878551
802361249002
664230684374
279242591891
161936280860
342406980462
640198851305
147174354165
320009445757
505923066847
187293855115
870104169485
665286339393
458513610958
309921877891
498953457163
576306319306
164304491807
563809065827
873614986608
888493509006
440760979522
663775716986
618300736213
711244542931
676089060344
139393536620
913521600600
301292861296
932172241320
635004799057
730308668604
328038140668
788917779471
181915174062
330983040507
942869590718
826044134653
266515171729
488257574239
512281793071
201971335005
753070044608
517455965454
717646687114
800248834197
411244946708
302535977574
739316359252
373790989544
114713035626
607022454510
275147117758
289380807615
818895575696
376547267271
943217355482
897691008493
837433868921
616385598112
400939090379
759205908268
579431268612
279474381687
257689213937
757552695350
511084952411
658163082857
941765928299
330497532369
200206285336
659870735196
784597023238
563003116323
513660771945
725081935169
915412496134
363649465990
874609033805
888733763637
130866691792
981612832988
386820149430
629561272084
858437774560
826383122695
859704748646
283833979109
809935695772
127808466692
158702379351
985361474272
472702874520
973157339591
659974164975
785649926836
253397143938
424760501744
203336702778
855474654105
469169151514
832651294986
375960794972
648497348550
934276847807
541907622446
828583322279
545320450942
947472083172
205849067706
562076983988
853036747809
787898999046
789537674124
415666281222
184690784228
839375520001
794525421817
598166541953
130113153210
754724353959
959459456920
182397499219
558084184413
686115266740
909424408901
410751775192
159297096534
771588936923
855309653876
105141312292
716884812886
783551823317
850508096579
117308818061
585284806501
586711444963
249431333819
928488670447
121471183516
233723047910
627679334770
983760456243
375432641944
295222694842
996676182706
313137865015
497418305599
702082631823
618832723179
987406047405
675719156668
171341477102
443546856027
405307615936
124450422194
994085869174
217434895890
616393384303
279399483801
991353079052
567994869320
811293525644
916586507642
108616241238
573004194807
766912877373
167027209188
601399379232
927059443956
477042559968
307261951030
402094578676
235790039195
982297816307
112039158318
244036316275
355336797355
150233397062
823536463951
871250940775
484476219508
385486068805
404163039581
532963164886
323384048786
302629325660
811617040525
122019484917
582198894230
138236488935
564307980665
999551706736
407466099655
883534721514
102243641419
315747466259
980654656214
370657658232
281117112829
626872347158
249805971434
377110955722
959342325445
761123317480
113194298849
587562629950
634077325612
614330267774
507718535383
470824284942
407292434124
800040124611
930934322414
814700920486
868104468668
877456378847
283465688442
597144579222
679801218721
318778790913
849594265957
958354980453
525888645126
831927082469
831457720742
123593411123
964398913398
797331708034
252290597272
637068717381
400558297166
748245848761
159361087303
862842016938
740606437422
220394466622
113032836769
267475095979
633022649663
273046539513
398668539314
204967670100
695961094790
951539751966
291540128600
356197703175
626976976459
546916330102
969358651212
400375784213
612254772670
918658875457
180276541784
672697914557
120030030923
477272429118
541800234102
629559609448
263510624379
803136957603
623614983569
688839871749
800974238261
382519580523
127026565451
964449026470
500470418279
984657566887
337103443713
555064134040
941993027122
763037591555
838740853363
107980670468
847508740136
202249738030
615544279554
893431123698
718163408785
849096481767
838879239701
226877577391
455511323903
576119137650
324205612397
224221856796
132342239079
894072644335
174108619153
298102935130
219776738662
289863472215
639304411160
221169922834
784005611337
716850018770
106300650668
424195018684
513391078052
140115510206
812244527531
225239713845
391315921186
215889902412
749020205352
263823794287
691787124354
723960691136
974105077020
555885938688
877577537448
955978171199
913226461462
811769080488
155302327639
921282602422
593435203984
867923389472
239418233645
123074903657
372986192325
960065408606
976476787757
639451223641
474048643717
789533436920
483359525982
722996590382
342650697677
210336962577
480024162532
505565565936
326151954581
754329356291
661095402847
329276833636
502975733537
145926009738
142779195798
159897220168
364467115608
547089056220
990716379675
293057454973
692193580799
453563997073
557003887959
986404387867
588594064408
357918900580
448004160001
817919348650
291436014873
678773984245
422026289346
860925640212
142133948524
740493954225
661201620699
222218646765
926229044180
739391361909
168651262932
382502550937
634285279501
470958801546
457005777600
461682238739
781961906712
936451838002
659594546893
468502831461
572289755977
531285093085
765192072586
102798526064
759203532975
955749608340
347510037111
195483179623
653618528386
178162962853
249504977304
653356722692
683855737782
944980616121
846275694447
429941316126
726366800252
619845650702
797422087673
366080374834
636827310591
612449546005
468213096713
732042822570
703413150255
125431684204
340396314040
915877123322
160990040713
454484174409
568743787271
117712239929
373002634728
811276284825
946781174820
620364035014
857221281645
759617044294
394359808746
112503020476
746355381213
846851651004
384012249797
565249757267
766477409034
827465505352
989697516714
101280206517
782753997372
631695932415
298879422919
577685448997
889735824171
463838250345
333242947677
584167398043
673168970257
973194250046
475554865672
171426431466
888096710075
855426415873
630669930797
407840880301
970143245498
742778812944
874861646950
911106382352
307687723741
946059476161
588764211847
493642572744
486084296828
628013079977
244261078159
677113864876
737191678674
181791906923
475324920507
300886184293
857071002967
826438627933
712125827259
753265943971
182110366537
796817667442
156457106061
632038750985
199631588292
397284173036
288700927480
966703039559
632431909785
627367466928
108445708261
891837246596
925217671841
249965140926
204978898936
580253453117
582786364377
380395065734
150071388054
203005914624
777538598945
667039839331
835870440381
844613738015
180020498141
146768746248
481372329366
357895855859
691110068535
747914001718
713706432319
154710603927
860544016762
536841212381
725427746575
638044879491
935472161267
787919852004
553604690498
322728772873
955699506056
251919795209
759287886142
646354666756
473231373636
959488065940
805189947467
205941141452
558196435806
291168579698
217682092566
693678209435
229932950931
294259848872
530465821076
700506120967
526806896445
452563278874
965229882704
337662007895
926485395838
559533247965
492442486937
827445566521
896778024585
646707456622
387063970770
186453931793
737158177924
835445713007
696149933229
682981371278
550455046225
157367666094
560598963131
122366339990
909994871276
731312346656
802637529706
158127024245
867919670647
326792066875
945620423477
930247924786
217011772693
277021928136
685629811079
840135838082
106504725206
487895299583
707351817971
926793841298
472101883272
462229203576
950197293084
979300397500
680383691153
930190033594
149795041184
300969435493
301715651290
755646774288
502771798658
375138120198
313776591947
217257638769
919500599872
634264622918
850591661576
842477508949
738089858013
856797953282
382749626831
111668470476
607869947690
216185518998
261233195028
890436780557
799895749714
677599161610
682261320202
664119103269
547560720985
406193365852
231165296583
237649100806
801672159173
444183356265
230759590200
770439287168
151044586619
538379988880
754064139464
568307188707
465154475646
573458535295
635784847799
810359706600
466929502927
264456905296
183640644669
144894060256
662334845300
716341561655
572671347833
100669770611
233046016098
598323818108
121218365336
723338256164
840491524677
797651921154
644645808219
793355007971
316798100363
763210219910
969848016371
435369072322
244336283359
273856367404
377098160762
529497476987
513917694051
193797400547
558749949577
437525634829
553790623684
749797623529
747175833242
459089432985
171822906908
542956653025
265075734148
825072207148
389277100317
647799139463
309728858561
410313906107
375111771764
785855757054
248316212673
108689844247
170857553049
962881747473
765053778500
855565417875
125287086838
132938488053
306837607276
842678021117
926933700842
614985660539
723783831555
349641624755
164251422654
177566556733
593898601180
757218967800
753006023270
885144329776
891638886673
309491234349
457387173288
262247534007
323610067034
107812406338
350223902354
265324595119
694513742435
956800784216
192009825026
101079499923
496677532636
276233730246
609645525044
209061992157
514470938184
133319036805
473373743844
654066161812
933744415069
389490462520
172309757017
444327789460
380764063104
236040361231
886804991258
143711010263
225448850726
201759928310
188432628527
705667698318
692729295283
736789759907
382683532259
629571359257
714766159684
900832453686
335613256728
250537445201
277472329288
134729457960
573149033314
507203623291
608675299991
776155321246
586528877787
619773080338
674487326939
659784411278
379314251312
172085722215
154360705200
203376085500
284395656676
767815271176
351627013422
349951701517
220614702101
198896444339
651220877092
329785023895
297434433444
690492729831
763423670476
588425060741
851159587012
620669214648
777248325103
859946514594
513874692777
931726682177
738360794446
417947681278
477084390983
885221489066
662501130395
994686207373
360347296151
968839766475
409232810671
685377722913
753031622693
911328593044
745546424794
178291869070
825249700621
663181931151
106004398047
343993540759
871761996485
697840725904
909958999313
482623916476
803101009012
543632259150
708679606469
406286959076
798932753442
657181470673
626652814015
752177421013
182260075689
907073914344
406136496604
683630772102
663224994906
334018450286
489958741583
287124020074
431869343625
644581871432
600988789122
569721031788
359960780452
286107441690
739867612962
926010979532
328469194446
450950409513
887586680892
350665360833
805040698151
897775322537
741225106384
432258678111
698328770718
187553440536
107841195135
900198915670
291075101569
749951202699
215910278555
246117401307
406728169853
581037327638
976939409507
703180181557
319169315877
548842694473
449341569550
514586794621
814203227736
423261323577
851325551158
969726275693
483571111495
912454832208
336111723177
506780781397
439980564648
420629224537
296522055838
254770845222
307258585344
241445442651
758533592507
822594102215
892132747054
876024915975
260544469626
552059262659
252848908434
384063076647
131706459331
361642247361
114166353548
511961680647
946856625609
156223966100
392451286480
278320186506
904897177881
923406012047
183448395322
968017341586
114840729136
751410770725
348629838672
317132659976
150328954564
365577226361
514838156604
752811715555
207540870163
574642771226
768960360922
821465283997
122417996316
665347181835
612925992766
883014434151
520958232845
931924320223
505050883691
279479723891
989696297409
718561917372
447374450914
913216935586
640221108799
997301604237
650135748937
698764419311
219654544735
289103429643
292435000322
163581270192
315457582876
187837648121
473240961918
584393836676
190277101856
233023757556
885733606839
838245003215
681243162311
285180827042
243198464710
197447592976
768044176335
265587238320
912817004497
639796580722
800723689119
220032601822
892103840315
999257339041
591641624303
975382678462
800245541495
262490152704
561176634272
479923825823
617521313238
492964026750
661741289779
801632975349
348493127833
332994006271
874298425901
687844033553
318686613586
853063086044
762630577555
105802980398
384299240563
830997333031
267596912464
523708450004
396722356229
226161902314
866404452644
766120787291
124275267319
726662019497
269213125300
119756812124
746784013530
323338779172
880576806087
203016439167
931777153134
708382182812
916341210928
909283668540
696225932723
996279816498
346695070935
554416261876
100577268410
581075836224
307974501611
618018018962
494676331651
829539676721
595484833814
771183001824
479891237549
759924152677
638894027659
421824039044
960149746743
480503874891
528436112160
413835009475
204128879354
662027773537
498069013548
150168383552
376694039643
271584128954
409795348524
679442822343
461608828110
940318445109
988601997600
465885584219
810831080515
150948695164
327651024873
139794107192
728756757292
987360148397
351535676834
661872073558
652328197331
918040730592
490200950717
811503281538
665065800814
100269354703
682652359318
344884287933
543779655001
506891237580
575481523282
596981911763
455495041425
324955614163
861131537432
957802825146
276259668796
966672490466
749243179622
172067123792
691190047650
969776952958
365543497031
161504788368
860119330305
831664889381
157725829046
734377884865
347870566431
911285129201
241794574910
931730473489
721986489457
890102788411
854392692781
480417886040
732514503096
600539443693
649201886634
294717778425
835500842712
639547315228
241332073378
821506941267
785844534390
992638250663
151351614666
869249032038
156193461064
945127713299
942353846156
954970956127
447620900733
563237027093
214717204804
182028405787
336367063185
373785999506
163245558972
930888955624
932244940395
220129173497
251484438569
611485032912
261965969834
169072752525
957495311041
706649671510
742450879671
232462094880
649671427917
468865749170
197566767387
597924180092
499038463126
972144477549
281506534009
756978069664
332593598416
159319811727
731922419547
484793747025
364647112130
502022996457
784958647477
270276253386
633337978425
267203217098
847696002552
947647118922
478768039643
587533525851
195000911032
869762334818
920914852571
932445098064
715829190382
525166672695
421107515954
600874662283
425818796858
443543140867
665348364173
566556313958
513306967161
947295184312
475804232027
798358360722
881565112811
962363480467
586403300473
643349352840
576242774008
237369199391
242285645096
824079738752
637263858297
599777134724
878269528264
473691015529
764462261300
413315429458
671706706107
544793706531
767519203078
908662291118
502447627499
372865736140
425513825401
989268151729
401492314342
929611732042
170221455708
948827253005
806198833296
580962643340
158494885184
689800405437
685889542463
888521917122
400483580332
244693910919
955185434747
317055117989
728819460177
554879225402
744136172293
778566443580
565759781497
938566026067
278505444224
881373395608
432540408662
156407231530
737859755358
494287866261
493350023875
700811094889
703426844222
124544158937
378742642557
274790401300
284215781132
898520559448
856778406108
245538450335
694753254159
404226719162
968428096643
352350861309
742855588512
131404487804
596498670688
553992267876
174825855802
237132237846
643167487946
675105971011
688474761725
759420697234
665943985185
166477079491
640709773349
721372946744
415820475497
601030859910
442313310190
536409599998
678020822207
508334027607
958677765622
734915439597
896144869514
707241053792
899356615595
422732868158
616322908079
474103559664
645832665520
543010557927
168565212675
756066371077
932852049571
127875089961
783231698078
462050658094
844400559455
222148067005
365334953493
209797748809
629396225375
887835963211
224199415666
437597071904
832363379486
857586580505
396405021852
342898426188
292827138512
744802836252
254944470531
552812975501
661930601478
820335474874
247594953193
738123381040
172264233829
404977991571
261804876763
450175128165
619991577575
326321051175
586660846383
218342484981
690204152597
243212285497
727386833145
365228883963
709591526935
509645988999
407910251813
689738828518
683370414358
632505270890
203806145205
583450176582
142741213752
339604117966
162460382387
500454230347
817268726449
961665082597
898738009002
337659803802
732642026731
436075233304
183906367848
501677257544
478193118006
252566021844
172185745142
389366286023
501672256849
321779650464
516023385421
556830846961
256796116277
793659578821
610277506341
657484728811
239965580379
583444880732
157112079909
861584594817
223592571186
749671168929
225368849543
841037969043
156126329046
865338620690
331699338814
972029041611
567247554106
842887258904
247789160046
133807209399
555126834836
840394095254
182273865130
935855425237
151066236507
647182672148
691944781405
928503457442
453647914093
289595370723
946467842423
478565204917
548380441504
943387164062
325060577169
621011342916
355557194293
187355546361
905068629866
851942493743
163200344155
309142937936
182113745319
335660604250
321569437534
287806173831
883066823370
804060793665
714255851464
365616495901
942399764224
744740634496
754752456565
250002472797
788034081427
272007405075
860069918396
770306215638
942276045960
160159241189
476701962152
840329269065
902435550727
781879712997
283429297081
404291168267
701841598523
293294813739
828792546879
282008180420
313661855055
256809411710
533538812120
913554148651
102873795565
650091694905
323815696923
278090774887
113068042424
191060163740
314311010996
906297828163
232806515323
617988400144
663903804938
517097430486
785282717981
255986224924
424800013880
306390890683
787382569578
437349946617
860318258680
539270715693
421784485260
843687281036
720827291351
755324978324
987674056195
888883538958
974988604728
577183607158
251611306141
581655730434
595429221597
892597997150
663134202603
506934861209
247517851434
326888114686
771118204038
997278219836
997444552586
319402991719
374100677702
220120312430
401395343685
963721638714
652275250780
493681442359
442754389931
479800814393
117360487264
446350725553
472106309025
474291180580
270320618513
667414138942
424045299971
372403618738
971467524196
184201666447
484586374694
466838076003
311514736568
518112607938
206438255425
551921582070
793445223166
658498247571
236767180404
599764612474
188316996688
389166124127
684926323724
977087401638
935769274829
279991223361
897101745780
916300966902
631780348984
459881539878
112819847916
927064937821
278763218600
460292978387
320699005787
792121944406
403070432981
384374427801
702546315816
834433124768
492678709435
218972676663
624810085666
934308201891
233214591312
972809489687
858058572293
195773997302
632721806570
955918547510
415584147019
199265643564
650694641688
454801064199
222278982802
618025564912
721009011719
895554720673
611935454531
613411738305
854858452379
863418104959
172027617094
315009434752
406891845104
145312236103
554275900777
130519229752
688999124427
554705901820
784428597628
993644573739
499901052099
884062833473
439890185969
491657691975
941490767217
482867907946
241931104607
245452649130
124755474149
594674896295
597524609590
415699267491
126731099317
612625903099
249851887959
558374828026
989322888011
858975464939
435815120624
484539577782
885542853527
216308603533
512227028943
186049985343
560841081282
155806726893
285701451337
777668591816
424830516690
619597817287
491811171994
146103260409
284176159106
149530659933
730280613560
128508847880
558919802755
156421406634
522481123788
924044566235
982750089711
277357171013
675207497680
442786471839
892855216117
605551431546
694890482284
787947070233
263577787074
719565101060
610267212774
449223779498
475711204945
376864834629
557683012114
603428742842
268177599287
302955937136
214462653342
179809372301
714438930790
441961025542
707668714519
565394058498
326904633781
894666658200
557012857115
126471327579
425978646088
668713258879
394529935618
469935378974
822687908652
722606730057
312216790446
612373585417
223815028055
420084758913
894515765641
231336184099
261845272269
894391743651
610528561203
773186443528
548539559810
583258915540
104455880134
170722622321
761850775679
143780356185
912882051710
736173337323
208423793539
147897301383
749867681515
385619506295
475552589922
465844789125
114432733469
530863695778
915227585960
222787666839
362708602089
655713676223
217468511609
908031960797
817263831843
271409980912
631393776199
697061581165
980859754931
381324766959
841301162076
243420509352
651275716023
468394652422
473935409306
387729165366
860742436615
364386766629
295934218151
782620848991
923607995418
868526585052
372724413747
957174633205
997134154508
173634490869
665394798912
272222452522
450884228377
688909634533
773085546697
953544022759
100728149246
224977047776
788038904502
412964870244
464142738142
411623176453
128992431792
735558408690
827404016237
967112869476
565354991202
602036550349
478635878159
438241250387
654341931960
710004639218
668338575764
691075269534
357777548357
963102546886
741044014612
107638686547
912703369721
230397588741
495237059000
231345065071
616806981423
330599540926
342644532479
823878155564
371803780312
750241190199
775574166734
747125391138
225048802701
614183069173
472011141685
735295488785
129042395369
469031409281
817956947248
640000807810
231830290002
247945501459
818840873520
614274392124
860747222147
550535647379
728002582393
477128688641
138044134217
739176565337
274248102022
190467245456
428203158788
355615156513
453659210013
356678859991
966447758297
723392963948
207292622804
247409853428
566711583206
136250827533
912477886314
670428760635
217291979810
821461338537
544534563564
448767070419
988754869009
521100460126
836528358608
501282508679
149681017887
255358889357
753190020736
412857729318
784987513571
603717868894
794810861350
321364348369
815070393023
808137891273
462177739878
976797094159
199360535701
834708244074
251984601043
445726569652
644988560283
517428277993
332139071208
536475317609
977424909471
647425911008
842479359697
213064763597
985492064369
386278587238
833450040500
654286247198
556355520885
585465273954
194213337396
821951926869
272840627560
296583033433
786342480371
394267808977
500369495380
234607293914
256181763526
833059143378
484085751734
547931689363
421368603425
986459939406
311187271791
147709762062
763134039287
568165505642
750578594671
309366166070
498349787003
353615861888
415069082134
904135069623
872874771900
931290242815
888666638669
706813738834
960532922203
433881534143
871293619551
760801958371
375115248030
648290713065
162988223785
889088405327
458350653968
713829914142
752791587795
231853558829
898593038342
419132670399
948658303084
838032302805
710151599032
782578550987
440955405329
483532756649
780981154204
859877469602
900889076114
110158329739
218195894915
395191028220
699075691676
681163778396
900486613941
481081113357
670034449047
677007182937
641965266741
869229681494
192060559375
537510027054
636283197116
500163820001
844412887075
811088166871
967000688402
933044678396
448366181827
297489191870
812367618973
522424878108
893690206645
130386252409
405134069861
433761559038
216863556268
903648382436
829942768529
839080924781
960254018024
298559060563
685715574739
351369573067
763241365990
723208416990
299416352159
570027783165
369108859868
921949453991
466451467340
775582527320
371688570957
762635605166
384258476958
868180848947
786034543614
295363477072
376036709861
600904117410
983421114729
841663277628
733977409327
102484122449
816352114335
594314351298
513515581024
469598976746
770598973246
174854615226
167919417066
719523719114
832282058406
691050140737
861367768255
754357705668
813195595667
732977287595
363676886223
469400893963
997552461740
934527106161
279557886653
900757761859
238135143648
572999738799
212941884824
472567681770
928994135304
280609260547
505918033031
782137335146
596629886075
501049041341
133976836463
271095557617
148804435999
519561684562
995396865669
811218099246
773546977131
846595508278
248653607276
358790969677
370576659649
334708681245
775229717262
340412564787
240655052929
956497866035
814291538826
246263155724
884288344782
913469248094
538738153228
850944829273
401481806395
831542283248
206078725359
837112394897
152638540603
455007831603
446176720249
546248785151
922103099259
124307871198
866238036448
431407537828
853686001815
554838934383
506056700449
626392788098
483048932628
850617509422
840657486262
905467450920
145985755773
391401118025
898610973197
395440620243
425232851731
722548547351
982244500771
893874992725
980515513595
873153978491
603347991284
458915329497
825227643505
220318847231
164407883596
187950727544
862803579470
936970334801
493638520600
760189511763
896632722879
616679618388
683160281295
500315518419
498492701627
688769592552
138739651396
356708227502
325376038324
164205172464
651476290644
580649730058
748402320569
286434285005
406082375707
423932695750
340216755658
779128153455
893298243222
180485711612
362836450533
617430090355
311985166490
955064476281
516704117302
892541301882
802735645448
660267510215
844112881221
559559186078
183780570673
497442362068
337771586933
479527494580
459688428178
345242348176
587564585752
691114127654
756750049362
452124710661
440450727025
932781383231
535838038937
804633815681
108908823523
597277869488
899241367276
943646143143
547223740567
700425319809
234082313059
201671643143
870464223729
635604595713
344633348400
801714868851
977664294725
711355779999
187159489100
784574174213
297280123320
552942223615
256460039142
915525403065
878258095415
756234844626
695304803067
918594340832
810369794233
222371138699
528188092545
963427826559
484416027646
563270465758
903036785795
929680929867
981958685083
549517911227
773589692467
646092729122
902020262447
715016790118
742939363085
988884971947
411711740684
301692346416
256630834320
518296990512
808117068877
180721435805
220917299586
862183076650
458800587103
134703866041
448076182493
969348035614
250735969900
668507958027
455441636906
542286487349
981678558111
818834997485
172573558868
393501091850
382027354082
880629032994
827984095863
932310170220
762212900230
192662972729
824142898952
574032274726
626166888891
706671339731
142223471490
963946100798
666622524997
769339248712
993197787154
619855868863
212361227531
991795677322
240105447703
696265780104
327053106993
281171005008
402312164236
532093524793
154802480822
536310548557
785227187240
678797996911
375568403277
247594042837
282208594757
588533961429
902603441614
319599540018
488583551574
440333312912
982214007593
405602909215
691095057660
408254582343
239859223991
708599533728
276159492367
104759003764
765097174573
113608537103
831442152499
809411887986
514814989586
864719016165
155461354862
113445232932
966765243329
817742586894
524497855427
179630440106
700175575480
703359051019
616332339145
142459490080
475778675936
268045763753
271621882956
693481058833
153636363692
391758460670
438806863413
349824611035
646884545164
215793270807
849118189942
291534762521
612656447339
293848441081
602514532981
552563450566
827213421520
381638010520
317961674860
713795492860
741859710309
537594260383
740744015241
188412228078
409272138916
758234395618
843711806822
359533541911
650884308420
292170808030
332417776776
378664454423
822558502975
937443658795
679486673655
517991965053
552578639898
356120898822
473253628793
577500074394
278921222153
555040889237
999248731701
873836781020
425841079159
628287749518
137231953400
283735502470
305790617498
936796818691
272289647245
996616477840
811268709436
953971974798
183779083847
658176555187
792593948680
267613447159
532184200850
489148720778
811215731644
641722026674
767445637715
532864627396
264744824315
273935864337
507372618749
876124633911
903480250172
520017742726
954017539296
926597533961
736015035853
468390864914
183763449604
812141030063
572862534705
368522786249
217398974993
602070705221
140573128076
647966303682
461678560604
514533876097
613164215271
886836050670
141690229522
577507292743
609351546056
561953420639
667102923326
339893922678
968937946092
219720599247
158369579844
824832103944
163392405528
419344948719
558473143714
488350629810
369357347912
830608152050
127551422444
330549267388
717247712026
968520916569
541540350434
582573793634
746358880091
169803854173
695608332490
441951165434
380523334468
511968101328
647466685658
126978533194
753637612108
199260054465
445607477203
903977526060
404510468249
134132446356
548222662165
860763775816
174671329806
444952863689
552832137871
154797225304
224704797600
899091998349
301694417464
445124400628
947560030546
273989908630
382743043522
585054066893
369953998184
831136253456
116647216461
285786070701
747943161667
929668574493
461652433347
987974416698
394610302170
179481102712
164561389825
321196408688
920825637740
161344995354
629633677220
333612641199
688362804555
913843135101
878899527440
699197938033
892220429506
150930059764
457580691607
208842142553
830519619673
734784390221
806089182807
615362349184
865880911255
875290125481
616834014973
122850024365
284246518997
660134317493
932436504147
367180130957
964320169754
128850838706
858928230482
297482158626
935104979905
381386267643
626904049878
991916208114
527213470122
574916803249
347035559680
332253332106
412474759225
685516642488
905846387453
327162553368
277593616256
191940555491
512152198912
441034431249
778760100185
579103894817
886467760799
230209635834
914188542007
998128536477
147892425537
341238480158
697180493062
352740379654
748323281103
569714400924
533288976806
457078795787
258542663236
706714827159
534676724694
252511956513
630174688210
111360750287
899472230451
465032102646
157586483085
371674568631
282012100892
236498695671
437372719199
402762269352
858015667471
522344014555
137336865729
202252411368
954544018256
591614571860
869043986932
188336063073
151254514712
652776041120
334099391857
582812192293
692937150161
800605470497
750718433947
681027554806
806595588297
114297696089
417305100931
966925313465
521905031403
366186644171
330575107623
477299654608
791785988460
563722686755
230886646471
242447532644
448926045456
394413672782
912201139183
887182511285
289041596380
248046938523
689338486273
447913762472
802102145802
193241164712
359330764596
689946688038
665253654758
489961123942
611128662056
450411576623
160893612012
268811819467
311065175658
145286598611
824633194770
397841593820
674754411125
493405407367
583205988876
275776823666
579288407884
309133834074
880604431414
410231753234
660454864329
532519249435
274272301121
976952077722
864102433537
641687200256
348912868280
222664080549
335183244525
290370473451
884047056840
119111111414
791985719936
226306186670
144907380793
816307304344
830002108146
144583519215
511108217227
641203753473
369906788434
493646998542
216140228126
707229721915
370016717202
425424077088
286665409401
726796621439
312100030008
550267231817
489626029212
554286329068
797192693462
412759544077
981447523941
938642235945
866050607261
540165680760
139399490422
449133023514
905794437902
236610789032
559126964116
828125426320
833772675507
366482358033
809316818317
380249406485
997671831916
988133710772
556259278524
774376661240
271985230444
947729560433
877097545916
127076327634
870279936667
747725655784
699805844879
909062883443
715619684542
856606253013
814259953995
547111010925
180925661077
981252492267
408224962833
815721953578
733856136867
516093589868
920426956459
417403369107
482631346328
242940984109
788776445367
760587569785
847978256252
651472313929
895048230593
641570643142
835303751393
652376371862
365623185216
780383379988
632682565057
692495050825
592905427700
700170088515
871135996101
635330654379
574933894778
805240583050
889330873193
259211149470
748214662613
331731562741
662514417749
364384147954
906613441720
184237539846
164078357779
966649963905
752471593872
577918854931
729504068163
409945005936
284001263300
528147886735
844861811781
556808889473
154781139638
800234000186
104493058477
598340891203
535991736206
521350039316
327387020793
220403204054
454347758408
224947986347
989706018064
154797215095
143281563939
247652534906
537120675875
612289788961
546516509702
923664852696
980782429639
480329451371
204496456846
278842312461
844165549323
277926395706
979344614138
800084447429
172527256822
523075954939
145983828760
278215887171
164449607869
587855799806
539463324408
992423789373
506548974599
629076132950
175968397066
968098452278
887657771168
116686362395
142346991837
754283071410
429629026704
678733194830
961119412807
217630167789
513468452758
694926250614
927272664593
353934966274
328379133574
242432074830
439309649861
179791003222
718797165681
901970502421
700080288129
672302397830
128956853974
579232568613
124276721511
228105634999
966476285273
868999982127
353156939983
355594237042
721466278407
344740545722
786101092463
166953957251
615313582093
328398926828
179748810977
305888911714
107888055273
621892659308
584979989367
275041965698
391423661481
877399191644
285030793893
314210089404
631948469214
612954998309
631048150247
280705379976
738219808313
161549552270
362390365499
149885341933
227607158521
474611775035
816835021646
987196708919
500234092953
206349762702
688052858572
686619401570
388752233574
859159580483
114620468253
987466872888
934907856465
875857289472
893872956986
591056350278
652744856114
249708198665
488184513526
986725188287
200364377613
761036738654
853645284848
574669060205
317740838258
270659783636
684063875395
261942227163
101645627984
682638233951
509659548102
713626412229
101688470282
402369962231
711361835431
184878149213
272043771286
438220473141
762391229573
856870857198
717678784845
989639473584
605278853540
508414748681
262098295099
474933243100
250897865502
314279044249
119508439178
257354652614
482309741815
576136147974
479431074304
582541042162
384688387743
453490120895
339030311521
186102672338
532426363386
968657682275
951932092870
826122232861
443903746573
894340432820
706003166841
882988003770
820418555803
234699468469
102221109024
932821089536
400951895833
755595016596
825403039591
374317822791
610960139715
483098997789
320025330458
474151388371
525018488822
911365536854
204453641018
597089294909
504183024327
873898630219
466168513389
699055417806
181924178600
282740301889
112175187760
251854096751
531924323718
277190472482
438065776768
919541067084
913918984207
584222359241
171080904065
747370150835
863301368183
943633309266
263115119501
400143414970
219842189709
922970951070
910840705533
531461039873
200840184222
646780115636
561461425030
194000794356
157482445116
666839063685
696134848944
668661201561
484364376855
954078444071
111784540261
482610858737
737746463340
666406100456
944995128083
272604189399
132302915985
629936907093
428371227613
760996725183
886573574893
434293687840
969420620707
510062757146
637895629389
527158477774
423862416069
374308485230
365517281861
181340593086
974748028102
843310054732
383791610320
100005272125
256653536386
153637166559
905338478889
258002641300
834706716614
859910457701
601324937172
489176691025
226846706649
243222923871
782877731372
436843867487
197864871480
818006152613
418445621227
781427571796
704538416552
717811620377
483388978367
467408307294
934355095240
905431634631
876513296570
814567745823
587515855555
535114539754
179889607248
732630173805
197156402595
668378826955
234529259250
834990696172
596656647917
541627283259
825235817283
775696101319
839988181469
407354560356
325727801007
629819822732
234858044060
706494852185
594096551477
815369099138
948125759275
613484141833
294060232963
576108046756
340280173933
330647709276
302230367775
217492581920
419868755714
985388685070
184828775381
645347010890
302937784983
549779924429
341232186749
287123074785
559654334078
212467957072
519819499902
975586103938
884387626229
693272735394
738007676896
741177791078
614656820940
554866509714
960080274512
691311170404
719093896715
386444442571
623313323414
432070707032
829150730172
446667380002
804090457807
478095554315
197973958651
924075802323
536235052475
656456087876
598221893342
864507298520
511344401365
564097397062
930576066132
731457899586
785958703121
302331496170
153200489661
609554971406
266560316475
440715232952
983728752657
493225576122
639784066974
491961885785
513105039872
468279970131
133835384128
180484656810
151881733243
977280430450
835326214101
854459049851
537679045909
363659771437
988472472179
958715457486
236127688944
530393251464
176418119886
518160794693
772582894715
944787639617
930144292540
743530455035
308607874056
179798942573
300779947716
557275024137
195516341578
422625799997
176913733293
597320436882
543655154550
469505821713
675890262186
194450454816
871846131438
340289834326
299185105486
379173164602
107302957351
305894687922
649935875152
148061176741
836410794705
283179608881
755769273505
421830779233
750943514643
938408345768
525434154928
964549754589
939417165876
840485167834
548872327624
646877430663
475726307567
641280407943
322442405083
345886543544
890566750637
409244130654
792361761432
568305886954
165100606625
466487195672
257781597867
793291210686
393521388080
892428628458
501492579690
709013362506
626040971089
384733764402
175981306623
792193282094
974641883070
349204862241
188415853624
164335394635
652310290059
251536284411
349380266207
832371852239
966903243386
194966457279
623407288352
948906540940
972446315374
186497168794
342487507087
125822601633
306849275747
540812885776
388116317686
892265836072
668706403733
640568845467
648949127534
468739766757
597560955715
432246426084
103745218648
828043439247
732875539029
751537736652
915991868837
445981207964
186174322340
127969998928
378675072081
521835588498
142905857026
192447169783
757818198505
994678543377
441808892002
711781820718
629114653534
600756660951
882640161675
873234464258
129219281588
686442703252
335305389283
161589298701
887803963203
205167193576
266981883763
180424047391
497753897553
148978417115
445996137074
361586293109
494149025867
299627180974
123139693818
668839547371
445023448781
666429617687
990442790652
687042988768
372001300689
420067213689
293466686909
283823462510
760814426381
804296442033
817247985002
657289549950
345088250235
737572792315
406107207201
826174921581
357742105675
243805737675
653901621169
266139715774
657339636429
962066385208
639049706930
107276924784
241635143977
195063637315
103138144173
581063332958
535413936120
142278511241
558215842515
814747485419
333446629746
974527806667
298351751495
516867323117
446796373968
777510613577
116882371633
505358171722
329568415786
176265056556
434009883416
424757902703
188463921570
966970734069
156192582380
982487694554
958298214601
173571111436
350553085940
443124540656
238431983808
496458593817
173527958739
731789535288
362097600613
653628370401
237047487089
807216864279
534163741933
594879505030
385792940882
388239194051
554966727588
714025577598
334123099197
225801756208
386739991160
131363612334
845068257481
986945439979
304862840744
559090326810
126918159374
954413575754
820080441694
472223394031
137941661554
687529841039
692731807109
863611124061
495665218893
825227910838
381805527404
813338014707
266171903583
683347953306
876196447720
376372538005
481820939259
276335717101
953349140237
119059639786
796543246521
282920453333
941428464173
782838918733
161143316237
749388869374
613669338892
306520041172
115284575969
749084984129
691843336956
505221817273
896874709252
999347180264
463642069776
423539579883
251649853959
108218609943
849722233350
486683410782
740215018989
667247251871
611826215004
988885679200
443627524884
690859063640
956189967420
257828218512
231045794640
594020954958
468700484183
867815450233
885689062267
376594744948
110250756635
754744445326
771064568828
250204505146
256786969868
707437191397
847711710261
649693775415
561803774585
941453410861
177748169235
888622754094
572409748926
579314360695
860350239867
948803365018
394649655979
610006648988
472103064057
430563913164
228740065489
500253880940
375486041487
955763868536
994436382631
820869593242
129832120074
352179707984
133670083212
597214599621
131565482917
536558721056
635983178277
178371081859
427787398395
912540723659
172137038412
350536804905
989169587828
165116032828
660645753454
422940291789
203144266630
928765063262
673537191298
457837335758
426690879657
528772398772
611208178273
467588013844
717649533757
997292170850
232641869197
566419667004
670462590370
594838160076
180721061986
548792002147
412917731180
789617574592
323389149309
531040630254
744718751189
457637599228
352762705309
716389253639
391232421403
373782704507
257873436547
200299445459
695744991196
623717944207
311701829588
226334393548
651446741040
509750535209
277383397121
481182357168
516828071011
469345817717
880702853889
950463085593
609054558068
461413381588
426933641313
602848255575
445767979034
329084101730
556027024934
808572878836
971962232657
491817871107
841317595082
252584984698
407523161947
437762732444
216491489011
640578060721
981335654293
639688066905
882771640903
701906945644
379546800154
829021938631
189728046020
867936989321
886709776086
684829800764
130145178546
534049673210
698681013923
961234562188
433847871442
255998633284
134209657518
694308155430
115323456472
169062469164
899388651405
680982961080
471284364378
534062928188
745761252590
545645933917
510706817691
272489812068
620892820542
303144422002
853955750798
268038000188
212210324453
927573151113
743367201273
305312742679
519017893860
206066761835
208593406012
696060081558
948775239164
793514949630
692401106230
249537945647
316413880769
497959745495
198172499616
241596674266
924391184749
920414061436
505985532093
176899801020
137219017148
382915322639
107281030085
783304975229
944408178882
446630276912
522307777782
409157411159
879959733749
844871076790
511338452933
845961130279
979994167828
612218491475
169594128181
751841201919
757267728736
759050537573
555927151521
758864170412
428925923088
525283824790
694106992527
710898134360
733489953138
429312111682
117374732064
928535982569
153786496430
938364359546
533192901056
756317033631
130535632393
366491620020
509623477746
659635715575
206540528575
565346106696
746847518734
660812946114
989537189065
762922153520
604962429195
689927443165
552729939366
252813913306
313562070870
186489345987
404285182645
775717408307
322983515766
770873759866
152028223993
719007510831
512247871229
214707891406
958879891133
848459306463
395526106783
404698734221
553549474201
956300254665
556171380277
690632908610
942780168208
966834406390
101657222690
168428902177
611317134062
794004496219
253340446992
739585244804
968632598564
466362098037
459982634498
493650409363
886158536037
501655648618
387030084215
518447594708
831191871156
138618732313
744001401596
516987951374
336787836231
244713755158
878248707424
578238520843
964221894943
423187202463
938942892626
872845663052
175580775178
635562056240
682267867195
742273444278
847181204203
846790494797
946663088999
592459329430
738037072000
990121711910
247602507467
483069609726
483058214649
185972852136
545201976923
756418234422
796795754399
165259872986
824122763952
779522684267
217107638539
978904236655
555234500244
988772134459
521746934223
774374212903
311618604713
611646992540
318948330614
991062585346
872062438130
203769070894
279454289709
377507338340
686185815703
434182987087
784996204130
620178937416
259044797060
510934767423
636952939412
728485419950
481553181148
935500049005
811994911473
265323357589
436614028447
631860230358
489289303315
242143128698
184596163779
580590521639
355794214136
968730919001
755419620744
466120819411
207786956936
418542663647
996756605314
462859619766
726517208594
676223125626
136209125247
642969866175
536421515711
666282842631
563424029005
240114747786
321264810749
314849818506
770939629086
110170981351
995906550595
333889880175
662332935008
642021268133
184101405748
287714510165
625968013844
201294633896
649560018760
931610853714
463267465630
352630532876
592667874712
686749705056
643616290078
461265935303
420299454847
685054781653
150485454579
452123537579
596846894256
800890688095
229855255048
356315686595
174896675381
735620565393
633692915654
879560190500
152901850602
107966741091
505327018636
830899545735
339762941580
956822547186
412693278954
124584956329
403370921431
256010406484
199810277013
241151407632
967992940151
645991519621
530290225868
742913878810
592089808042
380621072566
622285667526
737689309709
396689399599
562805366332
510798089873
323257947567
263660754397
606174247383
456017510808
355355729116
516092489256
346802024408
279655848929
434688884658
252295122469
768243871748
693047134987
368521729960
736228390943
990071493799
456529267076
998576953021
401825732218
603528765169
257576598723
958327054138
622039691276
395890854346
953897104536
226744822972
538640450570
769731532552
381728721035
913250268936
777969912134
259977312797
428241967955
523874067302
323366296061
296488744586
721595677026
531509240886
313520772768
143853694624
996088536464
721649938366
545025244459
842688870389
497708129609
960029538233
198134200954
592541322116
229301325186
713798735637
315198712842
959881742816
175619657243
779648428927
357532089642
593637617888
388765878398
383624732319
655899710827
215768876121
338403842639
245946824513
360263926618
500598156995
227369089525
233387188267
111167586285
580669292321
185666179695
509111045123
978292743817
998148754455
178318300798
895070712122
463175837896
860879174137
706150953657
711136230430
175001444255
518590511551
405382322393
616550599361
154947800395
883005556812
669366847757
837441900807
981463534888
828282351664
616587084676
623967426483
767308173220
251835361927
966946637842
809351586207
115947277255
386407479893
503564336247
267372754893
307709817841
855917616156
750455897724
716101478686
378181946885
942947780277
603242703876
831663556663
524716439024
426751926720
975373820852
537669910156
792411762282
342905163244
831966552916
835305220876
104304036642
378919537302
709297059876
273819129497
591041985112
132873268555
558135679818
720402180911
984919543615
113196236547
932669385740
916270115760
102866422661
107644655345
482497484193
900453396169
175190274072
768333048117
590216293516
832308013880
111461463153
239068697582
867750778606
646774624832
113766491894
730580288474
762316764722
705827963664
682499323397
964494919613
648525866480
524380640792
690709611890
284318219551
157185904404
541215451263
906983223351
565044288661
184414667894
408220901871
789749096328
791624817702
924595790566
547831408687
780403079430
132355837404
850826162397
727125996826
252813617836
430426974164
974867554416
330551650472
872806870295
959097423193
414417150861
183095344770
477108304703
271460014912
984603387929
767745245033
577663378462
773140033386
478084988694
282395561951
997080555463
170938815821
380897424420
692756396951
413351946237
111670938537
196960206762
509136994973
728142951660
292346749346
827357602836
755675309587
460419619233
487395009813
131944862726
635452167740
846399206774
455222618761
376666845662
486490566777
890128441772
457722796687
646004904848
743476733318
424048644027
746803239156
952912535482
154425087342
250709662640
250424903136
410396059287
740351301469
570058902830
365616147481
688166861955
658581690016
811272090173
402036018093
334156126912
702356626963
611866398601
134788560421
358425452794
944221928815
408720378163
549966674413
928691358117
952829788835
910396046109
399969469641
124449205185
249880151450
566326867914
561130920548
152579336005
982809844589
229606497600
251264621064
110288609117
778353671285
309751351443
385025979011
660708687310
662169784713
714370988734
122647298437
302313632049
588639468066
241777152943
724394374752
411203693600
339616328620
951636595030
229410525545
190807947738
854654878827
176509516582
471178361065
942046287915
608230179509
469975615724
816746802533
608312961295
237051700303
838247049643
784267168498
871980410388
872384088880
567613482673
393024286235
424020730159
932198338960
237647010461
614604860732
902072215778
157191002428
160788277585
554231262046
146424703647
969652844825
412572488780
442718975747
516607421876
549551115841
738173092075
533687510985
214447833197
787838231479
601348498967
806694032531
655238648260
359967626805
431824933952
694892478961
338102070040
685985767946
125339933408
144865856157
864256375411
429442259098
493903263191
679183081416
368980441385
662019985760
494668242097
968106395967
705405431849
612027646520
531755216545
292851719937
119656342311
187336211075
391246901748
411323363691
507413514423
407457882575
183049187011
593542929103
293159651037
906848015732
361450865309
980122250452
578732350509
428460775920
114839634361
282207291654
463916905781
478356099290
469918169035
459931860639
109592447916
997851553848
853935226629
440700395809
481678711370
580002514559
757388052041
451618248981
499460892225
857863320194
765255152253
189166511782
875450385730
191573145750
880035604824
616811162625
542802482030
319188937935
654069779986
197574160534
458124986117
451068161774
383582002162
486504761002
532330888588
217507650456
172555534768
377254291322
127619891618
744613368094
933022249178
650038733037
262321043704
488929799696
994502900662
392299328258
334417847620
871694437712
479355138537
547620426688
715622890019
964931604108
911139481140
482278635614
343004678848
313708485104
860155879138
880519347280
639047754364
155272158427
860593339506
936574659965
559789038231
624670980841
232978335269
638923252553
680192845478
536324473533
281557209600
635334213800
945456046352
241573267515
380393731326
940843740776
516479653119
559239803950
970613225214
469282218692
849553178865
257344784260
575527535283
530842329228
657210976017
480257355985
812639043485
959992454978
113796553784
200215273541
656356418174
499566051236
365885510007
388332564467
405451864203
890060227566
522810539542
480767493067
332681610861
807843683012
573912514044
288191866870
120133307969
273031817563
195214506939
282778447763
118787871423
844180369959
347040974647
788904843761
399875312288
454692168040
362389514955
451610358095
489536363383
574757455135
966903502784
123451228080
777657434866
185951591515
115860508236
162364342259
829555321682
291765023213
820539193535
128125387800
105652491965
985089056206
715653144755
875770221193
624042810589
190796580582
260196607632
416588414709
616159906518
743445235629
761805673145
599044820472
851787084904
931168153234
523731670285
117992322859
635370981977
125131704443
411169452448
641187938376
936188221358
581574707036
778997638722
385140597206
338916723529
563996073807
631847635095
915402778136
307475066772
224228726902
367776744418
120347307620
350974976334
933725663366
686200088924
939496592820
433775831939
513894859607
869890896089
868691533892
739333682300
618748563488
392145179525
157495070019
116714594705
868335510707
803279833427
958012609770
967936763988
323198160190
195746100920
294768723844
948511090120
648970621444
182828273589
497156452821
509539254582
259270091222
150777522174
818480055269
270364096378
798615611553
407627377765
395380733946
592328921096
732634543359
684748535835
646523549781
274636447798
267018989769
530669622389
940313102646
588897636504
133033679448
380907078093
425334564279
233633488575
620267334616
524188694321
741759153593
270567630903
359512573783
136607057667
201691061822
486556754881
104999796172
571406571579
960518415115
202275574620
311157521379
699763305082
584583161072
717080519890
625709004605
316123845003
743502976505
360579277407
939303661472
492458100324
841313541085
167060738360
270086317091
862496696325
734869957042
820470914240
263914848107
352587766702
809117287434
486693741897
558565627669
541963607815
350091385338
758041495353
514915152128
752060061105
677418963348
987459138811
153908708231
430565264173
202376286566
246634717729
619188518459
494203637312
811031541871
404541532744
447075673930
482695558504
637581279925
454469935166
932299079698
968186928118
246862486439
225283229766
161867915827
820257166641
375373881109
200474646672
805471403845
160218032594
604946706998
673335173013
681072602692
847084535582
590800202236
937777792867
789830398975
149375880773
452920081504
669406980594
426858427002
846927279456
563473719196
239644401952
150558342889
793532628688
542847505569
290793921800
975002378557
311231917501
118012239089
641867371171
180757223533
170922153412
100850626651
174975783487
629697720938
765682145987
696303855998
813215339535
504959612159
554186255191
539032972839
274399434643
326321097131
992785085438
510296299986
246760397714
704175887835
377285607382
366873150412
383512706437
281625878666
538879376294
475003243427
910304633286
416568784189
758116279556
492601065256
797195225238
265995618392
995159547402
991112631841
314464706725
401923137098
243683750800
164159592923
695131493530
496683236297
348239090947
635482715522
533210018979
941726360018
462189935745
934062470264
918453210076
261183033438
266655349623
653876366786
936369774352
281856685140
153306000264
225838732081
449574787685
736753234057
324534638780
170505591093
507514134732
968098682978
791677507566
996594515013
823884805070
909888818081
962927057426
616300338390
983816006329
165207859773
223264826113
943347305565
614658842155
595033557459
238867475987
122599079127
844417955707
994144026212
192712673207
258716376371
619058514728
827935383205
124977834136
474483549225
512916515354
210516201784
191637941711
368136959223
781561353965
421714526003
948061340839
143919619715
911033239777
252086565231
958320500870
687587667232
574398927131
394138612090
498173701559
178137981616
106942285679
981358667280
839582092554
602222496234
217809292130
867251031658
551978518941
614842763708
311123569824
819199962549
407523849715
138226832160
117375846958
954152103232
810929972756
670539804453
369833511026
862127926179
310886512607
784742428839
792578233020
423443080463
513233471637
852348249451
895843575924
676767931718
564973541402
230321125056
679087660636
118935965876
469014041074
263895377262
427663397514
695176910021
511891188545
627397841145
378288090474
971595368960
319851983658
128402718502
716524255738
418099170035
450317217527
601026571949
397868831404
961816177784
384528174633
287235558331
741536757750
231304800769
425137804235
986226176937
871816457524
568485241025
509947953931
898390228303
306569678364
450515867289
180950629019
339543203430
456134777223
420731685419
328212656998
489084080284
662053362232
263872133799
766618712091
521172459646
535185503864
117165306640
292935109357
336843390764
553719412151
574502571748
858018025690
366260614376
640681128143
765502006931
689501497297
784283928276
791282521260
480098294733
534384208649
180641731604
767253817015
548118042111
126996996011
394099232896
667603271273
497914995185
575400119485
438243647243
983011908580
722181041163
584959026998
457706124293
261084579073
838924580679
226165898490
113853925480
966693804268
404076699516
642559322774
906945042213
431922076346
425146686836
246831288429
652448439331
460348006161
585463145981
593161719261
478422205621
330383261815
361550578185
793230569784
499996864724
792558173715
296459341176
944167088144
248723893414
284031353303
420575341427
989890585619
764741757594
816859973331
295399825667
902146602333
958066369304
750001393106
739472659165
757398797420
100948763206
403666658634
785949565861
553477818500
793746794279
360202145499
495704448246
548534707336
779689702759
193342721627
922234489178
790556449670
796942281568
316580981469
948557561215
112004208402
584947949701
325644965533
500344360293
102155989955
292494257460
235663917550
319782960831
636813654411
547583300890
256348471731
466875883943
723232864127
985143951743
551123691492
407885440931
636710312430
821718061515
788629058669
219885362663
920110913381
645523694950
643692531533
506397481722
537639483064
878535699967
866176166064
890210407480
581089092243
228196309126
509210989940
922496681624
495116626894
157057637957
389773260492
526276325304
469922753897
736730506456
126593695922
724240722958
673916666374
579014922282
814488125440
622627226737
415814333028
871574167856
506985066985
824356102195
942723750027
508080270501
198483671701
537537264610
678910473277
567067654411
717430250062
109844489819
654645673362
643039859009
855369447458
522416173207
729685169227
208748609336
279982231124
994101054470
177099938744
429706872012
832435820640
802943788000
441456404777
656391274387
431171431539
162139857190
782483172774
807187477804
894955734406
681524455373
448909787599
252882779098
109718556333
233381629041
119136939596
950576774790
572457806234
384927071324
517517897668
560199194624
649440977679
542753367945
842911310042
132624388701
748391171510
161415020645
240692951194
762191387491
674554787218
315231154858
541276238182
753348302570
692377461547
666273587708
114486402623
206393191564
696900959486
279687584190
910394501896
991338955796
555965825185
389220790773
189401602059
925018958726
939715166126
448183417020
560262372026
429944793642
135923170375
810503070685
377378436154
651754106908
964958797691
809988855640
111828849779
607030776513
832386736241
833511979241
898165771114
568682504073
578698996870
484676745106
531689708364
173516908430
183721284754
505566515443
770356391351
875818563898
245739569011
126004767458
561841306326
224320961489
245676974791
627154361324
475086309063
387524565789
550379622872
668460910211
347328043840
402679432661
307527811012
930991558629
254691051958
446583499888
971322802764
430246526561
245837743203
642043862192
622138601133
539890914213
954276400177
930197986209
720072659459
601372927950
859240421502
642112738651
984350538209
152684689890
944270419771
638304554350
460029617838
201509303835
546712535349
426964287244
421922666693
505008108136
152878235488
866019962083
673914917448
897340344734
884872545543
638812336985
452360805889
104805440608
154121706396
403399534039
520075340549
852967815550
264575218702
646338176683
323956498645
214627213279
201060252671
743369895145
620180354315
522084363930
920019489969
449700497779
475869781566
471816385118
148191966016
285423281159
695145750872
638481601838
424326928821
867557816509
279764512155
848917545138
104999644434
947511559887
806303404685
202841645191
636982313830
981340258945
106114260540
792750395459
267589508232
547850636849
213832182653
634978511234
726078339766
797755337697
351043420706
539764201029
740544867016
361332106975
660027202867
614811107340
513881222912
342505278874
877816245544
996283767624
113522633245
561021150050
519432501380
921969785145
701821400688
834338512600
185374185595
889623736787
396057248408
330237527884
424172721730
694114263426
396287581746
481867913546
276879691203
220597542574
197923530954
598096297151
182476445717
799738657407
767343912171
465615720784
931020383862
837489688465
547851511883
874089280729
920978556693
185435235132
182299347981
936182623984
876436522035
459050644607
659175232057
159998026015
815958955381
793322948067
148438788938
924917965286
764841501374
944529202015
434956531595
624661543064
535515073022
123427970566
760149111904
415065689983
503971901002
337553054187
735657908573
699824813404
670102951127
877920363421
710055737254
116290613481
168792467201
817389487845
827564827297
997959443904
468551872020
554857013605
399948636826
666465913264
517517494363
934543075676
411989094654
735240987148
885412166759
428967569743
435349445896
583869382085
366976448734
349847540204
967431218294
116149598243
453452043638
960495854804
869895354644
505152368848
602849339961
375581236302
587893421099
321112626881
747688318624
309581336786
558779188134
632714674212
570323058090
831223365024
649314253805
542516332302
160293364098
693391211367
951592916022
356223880668
781287103400
682773588610
217397224950
397946668513
657425897963
562900556765
982527236644
872270003638
318510550396
953733110805
567567463888
930573390256
853851677917
877021406066
599626509746
620516290421
802934781640
165980094044
826379772894
790198258509
911610899868
193311186525
956790928709
275575069132
455137600629
608719762302
721526123285
671885091180
329785549916
762445927193
710854382048
544082794682
821972991363
634473222101
882804645679
844215539320
803336556278
232790459378
719855354116
607092838253
859147223483
475037791191
581444538130
973573198841
440118423883
684852550485
520972256430
542135483501
529995697026
656919421592
218105469489
948375544817
871028677860
943947252492
995213881498
437523212398
348339775704
586788488414
228263077703
155565131608
259341941616
476866864621
310098541537
103408017670
716399142098
539842502457
795560667659
351390392110
265840218067
127763733197
264826961766
790843802151
203483796111
850416718219
526153790657
870634871253
191662104407
633050251389
519873175354
373018016057
784549396162
208714092496
902035823029
392211295739
106210632348
426695965266
876435480434
720244443775
395527289622
708154890657
485856727216
375501353677
316958525485
157831336652
906100032128
819771493936
122840128888
306360579193
112771680602
517749459342
976348582632
225184938192
724687760647
887635134249
996768929755
980505640437
222351465345
925641854608
855252418591
708928530477
375012707433
375096784181
954704658666
863275033822
429920044262
920656259685
930269583990
558409151395
936800645207
358632542408
685574090690
703095131197
553896507758
373738605258
450946584261
539135016146
558266004756
378452355827
780154344764
907509396410
492724014268
551001043256
185353358021
524136276443
345875890975
992315911343
934498949937
154295164903
979820831340
687536184129
224021909668
515738530649
978267153938
618647079325
733297200827
114195395587
402801731061
773964872325
937289859235
693391853790
785579808220
469048137969
354588584962
528615593791
191465587214
144918941308
343814455327
917412571699
306589054465
761007656693
133710291552
617338970272
731578260747
162749999659
493703255621
423534662918
853605740698
263734689104
466010762487
798272373800
322490783613
856505074928
552074266325
426891475524
349655985917
214291856409
789040135685
782827885309
170958349047
453977421477
421444801569
437266909879
119681364142
670269455544
332526041540
269051170491
132856812524
983421881091
256248373617
681576092838
775995613016
858148802059
549943892676
839601236343
136748988546
581055246762
940748902358
599498902911
683623296219
381620164022
124250089026
242429024861
699201001228
683644096884
496993494827
610417171177
454353610114
177894737365
100153458929
741893977032
904914852447
190867923562
127055301855
606350421029
973205275770
885216540650
617833860105
843822700870
280393216589
654681767035
585046629441
281959576813
545853295083
381623704316
714203691248
931110139628
738583475346
555850111079
693827061797
247142559935
125570798972
636896353316
521911273227
324835455778
696019197687
296314528342
110538650439
892352442879
139586308863
631160376296
587507483658
290904629792
722012828588
750716268915
738183307015
168111911365
594889424013
587586054899
770312099118
140533317314
728705730276
835008218672
385905202135
942516589936
385218341681
848432347216
442216657830
443359253481
768121533119
169257185364
160279822437
294979601913
913151366363
400915688614
352829215852
745035447162
123613918972
294895818173
833771034632
964040153024
423892225596
101183440577
202361779705
199583648999
884489106882
413056937068
342751224022
469577184430
586264711813
440058412006
618806580250
599769144358
183724644198
656997845156
265578360079
213472610812
618511181885
957219693705
677583403041
474370978919
932843870677
842315495142
233358971585
642613862437
837584571141
786342865959
665307383446
250657550246
577470528532
661384045236
506268668172
468319566149
742804310314
429338361682
918592866775
608376533537
587013689364
895340506112
739977961419
621716651913
873278611669
310847040163
476978296226
622776845415
133726688762
257982103447
990299839054
907388946740
509509224584
531725842394
316177406727
339907624693
419274311130
602110589412
372039105163
434730694358
717198256430
514726449370
729450562972
432666491037
363983163746
334132435061
364530950329
627819769028
688115105360
487143284076
818878003784
110199720144
137074825549
633085787730
661807939317
745669901279
559051713206
334985857596
440341489375
614305801094
383905075694
476861005035
171145523617
209684554291
320178628834
750959708233
969234723217
913429124193
988383846573
236196749105
895569154611
696822545938
522035300593
498760619928
340119963897
862191666471
494664127406
650940839758
829919103645
357486280389
424099401004
329792638456
408151962481
408139924461
746049931786
977257774937
562323888703
135893490512
592843141064
417743681870
697857386427
383994271554
524332747784
317376784967
579388728628
971999947539
237234120299
133985414452
444895866582
799460953624
147676103235
615347048558
457297712487
834248620405
719815005007
313069580368
393613322025
895753063884
859009088245
725862393388
199639186439
782168193058
768385268621
298173986255
969082313296
752178803075
664160825413
192111832829
873080809033
869097667706
820131269310
993449413316
498236416972
439011110293
894023849589
820122763497
153565326545
602070119486
143612186019
797066821269
483842598771
214545547119
355644240818
281692185238
780839530679
820539782072
328636620138
603850493879
584115697624
909511579811
683882682124
100994929182
289574611294
126767617597
545885953421
849295384833
272330782559
440994005757
228321688593
822160677728
138591144361
604184190048
827393181647
180818104751
823093956980
978618628527
447210366528
613170267760
757390150641
375832106406
938345540095
762804532845
137993429555
233865329762
627797164773
323234152996
953429847201
476971426302
483947181883
497313460886
958288868002
163127805229
564635327480
777102870609
119140936882
826956240816
210513077860
599428840586
490601174214
302600718782
753639853648
143896874989
597312698666
514856674662
289607418566
163579485101
738118979434
615306244036
897875082143
956064247505
521558416997
280777409588
196839677896
119604362924
453259427630
597635466167
428039856093
925213688031
523739414968
781175264345
952850688675
825493709489
653837069170
256797843266
685378712324
640538970719
900465899404
441222339661
916885944577
110356426474
707113921114
459891429746
169515117865
262402357323
541887414891
686455513884
980247051520
182614541712
797884302111
729638444407
845938808086
935327235480
913464293397
810467161603
970276204429
310614654036
402966214758
128099236825
470587003409
387722548247
489380807470
202767465620
551505312762
462288622390
163328978543
568082958243
490314585148
634601188456
686714345159
612904951553
249219897040
191787823811
139014104260
978023696069
158569789792
771255313988
197586366161
659877668079
774731945754
158212083876
180724724346
904657970570
277696896408
282644646256
411616282342
320340363980
430724073498
283846526520
911584074803
834366610552
841755578663
417755050364
765470616903
439472111769
209102466411
436563669369
621658992503
836800661845
528494012698
249473077330
432131204539
676307901510
290798440843
695369444382
472986994161
544651940465
172276185220
475729734932
750784665394
501958316637
251406432544
564343319845
234212009107
410002679693
528941269906
977064437998
351574894751
303699245613
506455111672
899666646981
984957111230
171366417033
287209277660
547929636645
188608254214
561090318730
334093932561
991040805635
929907904096
905737928565
838013119084
990585773744
862047371782
618708507706
920697137538
957033605490
916658646359
693002725018
126847110007
616699374519
738083528553
464247924636
435180409036
167420575805
214952647056
445927625710
600155463851
477419066053
810433634120
847735927872
687512892015
483284807131
250424222186
147219604110
483273400331
320475938903
866062260979
453043440001
220887360465
930639251981
470007780809
786289518168
655358227102
398264488646
210900778751
393851107429
607345057065
896413965857
523649629128
628081840551
843886545759
988239904100
150803467591
178045243354
787699976212
540290542315
301401971744
268796560576
525179967774
515066976789
104726515383
911224888810
506968948582
227920723861
683493110331
177648459174
704557517262
462839040732
411476377210
922473730722
860171851588
618899854316
737526361830
823292888956
480215473220
932419607671
575118433406
163130778415
491025885945
188127937961
753331291982
238319555365
154444913203
958657563786
279255990005
838391109186
418899593337
143228398572
786804164982
285051100853
466069968398
593569478674
182407399159
581938290786
945647434879
628211743568
803218938054
411126010711
747810656843
432540563818
516546051378
152986978177
840129547096
479828624113
841143297748
525980187900
160492088825
728438545402
450130334315
430601432806
426924833877
591380311463
439244933213
223611967552
957190580670
530569002028
335075594891
578564769385
604537816874
982098413254
428501418768
631238668321
281353898007
869815695520
296979189386
194338677232
484519411885
222203865088
336447493544
355527262292
682459129575
948640779803
730898423001
523614143309
322075790899
942304373915
656603123929
356793605618
760714073575
113806327846
426769490310
774229769949
608051613853
312703067182
180728384536
201629361398
926206130531
325183779675
136968000539
357305751810
776932216620
310718849764
829316075946
210783264871
407920722123
903530503607
428814882844
998765796845
108805034264
574351356087
318581114313
726674139126
481628652420
581936103766
410999919761
730844854142
986117966133
155110382242
190426305655
117478432196
930221563355
338952188557
766584496161
887324456927
400182848610
719642346960
233368538041
271477571899
217311535271
782372893619
809395442270
301090327586
348959053999
981487136200
817074607337
874579037936
305894150392
538299854688
277507054753
412964778156
492848572519
513037911502
284931455138
541365774960
315966447413
517870227413
917924926323
870393108763
499831664568
977868844748
805170059836
863849974813
342820083183
869495743780
696861490410
251704492030
575745186976
131335098089
947033356343
933767107766
397744428398
702131340854
557270184670
560051685039
806288505182
551365725318
314063422580
830592135599
840117009870
811826891821
792078314690
260301871110
717478079033
353910069200
314177953721
134302582653
991336421053
230628912118
477444632988
374175006707
224220627194
730280491383
280512993035
361127510636
295300037796
260548949255
845412752697
428668448968
173229282816
576982646882
384051445562
987642682188
865427892906
948740430258
242501035824
277052736780
105885673949
249538729271
660139103990
734312634436
625433647925
454946657046
609635930681
130297992676
907507276841
352930397230
772929478597
989422191183
765559028145
975577740542
238251508234
716077748054
924127743645
912670796750
150195730554
397893089168
659951612698
994275300751
775566725541
888878113211
718679197533
563505712660
793420194429
834271720789
649317806013
885518797234
561832052717
309230867038
785318998132
241752506672
110451998263
277415109070
925671699567
705749592479
752638322286
698293398874
701690372971
573193944107
404608270105
661469870140
331147890370
452019326176
491785982327
167522486427
562332693721
442030589772
116468807604
663437736662
914610987468
881095286704
633487617803
348549418575
583378915554
771476170511
981362238376
170489894496
589438863927
770739442643
428467047664
221518458915
389551309763
446806268190
530804300256
958100733810
552867461005
893808467986
946478888690
720242106393
187310599461
159596169572
234039889610
308479656469
792916647959
572718173434
645897570322
564535885224
384913960993
458489757704
304551799072
941897432289
382382177907
892494860377
236946371360
746692123794
485258018205
232969541731
485157471345
508709017297
259929087038
226809172593
536586188467
188682147384
500589950714
131530059459
924698898527
561987147487
851281457824
491076672438
910672150028
211371299642
665751718806
594637561056
360016405009
830760537494
659882024301
535998225539
273384073822
690621687327
436584947173
306127842895
216802419464
946486795451
612773848098
216733181936
556572374153
945089532953
967035069072
185566381477
336897543979
770517075587
640307360048
147612117352
964830822716
924415844784
882069922099
514906251773
486812533794
990093701544
562317327769
594132392490
334958010901
663027453079
422726066153
458977721866
407321377835
430359055039
444086362720
691025065650
656426739335
604562886429
553712515928
657578616177
487839180292
308644556063
794101085904
678761344295
494030154137
372156876991
688072994896
384687756284
154952567016
545675364554
277732566517
538453852416
690556952194
773308376281
609358198278
221508341301
244483251684
183712281678
369883128745
189666379507
603080209734
379640317782
513182780799
484243335692
394491744801
696792986827
908032975157
233309600938
199475327947
233349617165
641969676967
504738328457
906860277884
856685933522
245271556565
945189718960
988797905754
440249301504
177374866788
199564057323
853022558759
978308690861
138537539063
129008796837
569686326841
507979157285
182730117340
179596336490
818537957753
198585185202
505044305616
655058862472
215680021663
211960509509
309636449954
414624038254
224675839204
265682354146
962609108658
632461352305
660620710754
190202499203
102552412174
974422636790
901267390585
534665842447
336287672656
770212903513
620448788889
810196184256
967400631539
701235540876
338989886415
815133114456
444734867945
520511315914
995953931427
126823519105
828191192763
819616237142
897681727559
244921915265
813453743151
446711571199
969406353032
398581909127
464066877161
101519365387
376933226489
101181903689
732414179772
147764753123
574417308180
991462523757
613462049291
117964884767
377685412043
636739721179
404199763086
317580389461
781101240897
468768647384
241513369500
669263427158
419471590670
913235393768
368876320705
364026597591
272402084171
808774608599
369360300842
493535993140
699697170630
419622823309
124936395466
862708239273
360744739529
324147201138
532846879764
485135399562
796778242533
712676566630
887833060027
141430944818
444666851081
150843488507
236792026182
869397011620
312371540515
548063934275
507534621147
779711461624
146627511892
538107414025
403151568006
253412195911
891838522638
795746874195
174525590649
954971589191
206215421664
154542915546
550880027904
444047064455
412596617220
164425583748
574004927650
249232732494
811806657648
583168947498
661853442618
893737000236
798216897695
348336598971
207639121195
691365295245
594948462917
209252971614
696943407888
728390484231
667403845712
407564807500
319502088804
814254858248
357078574211
245998880728
247982517551
276316099156
838444532331
340047637109
837562648333
414884024904
656393250773
908440792648
385172980099
432581958489
673048347484
162950425065
354815358954
828191826112
465518123883
501482849379
216291566877
248821876863
403576717811
892220791741
947869119694
990135046263
900671896639
117745979407
304047273923
326787222175
889944471071
681588631657
455246823967
332206424978
217181866995
849628670899
745055355595
240488669316
708661445757
227172986355
538978161109
369403509098
897608593008
940507543575
140081446682
619046782920
236259547426
596844694066
853380214737
602001162714
258948602925
175146982414
356667118771
901646997863
910273637955
720467774442
754116712052
596678857763
683584204677
575916447735
885198376657
921650059600
272427339136
510328334731
385746402040
433305251901
475293015922
497096847873
154374425331
569415774882
275532782019
867752496498
690506670305
393984657432
715252010672
380664789383
460408878924
553813502478
302325047357
985300720890
635617982034
825082514823
241828519571
922543712619
688245646889
324105871796
687433637737
914481767455
575122517475
944716713910
122463809977
126034145592
578427786859
974825340186
797176482932
599888753729
296851693871
676253337855
477763227481
743748279303
826180045353
285321312233
873449061753
993331093867
574229743747
663154835733
534704922557
860179675349
857512915291
770858973049
442602627144
458379782703
837421892598
771825298159
444372136161
570885223097
728412052966
599080146636
524804725933
755278467054
968883660472
950984869305
172088637142
253011090317
433239145208
220478437628
377729862341
731887037465
650238840815
860816131702
499787936112
784212575908
656622148475
563228636435
689055317096
565728337525
615313007622
994994944252
902958965885
634503609377
669628667721
754660537189
479084648936
573660002326
385106728356
423119509055
261513867451
372933903320
774759296065
913849529349
992055823643
294685749958
889072838929
345352630181
386823534672
210477899379
348141899483
567678946772
746311163957
191328617588
133366281395
205556489783
166348501098
378729278566
382652919006
925282221381
731054342960
487944656481
373582339931
304150677845
503209725016
809791329643
925733834006
661620076743
342075550202
192679652298
472053936579
675857834090
304502177290
804780592505
254657253026
599265940170
971571713714
911428488600
964791231719
769131047117
706384743175
648364700430
529218129416
202768195343
576046057616
812161909742
853771997890
710062766952
495189157031
889683160326
496844791883
135609617945
837620339266
147912304751
743568609394
846523096008
417607770940
481438017235
872578823485
810586701999
979059976404
701015361744
675203334148
279712388451
307070044833
910444964541
329057615580
519528285784
304734898222
221047192898
977686851447
316108408625
606647530854
869470799255
109304875475
363805130399
621040201023
743129867447
995390532886
498925272560
819459857741
349577111884
688634228300
734964032958
624593940246
307254136092
766736933285
618712420184
651934288600
249202252833
797628309681
834188346239
797621311381
666614057268
605077519433
265422223004
757410404785
883185291842
842441093454
546164462990
910383653813
958453024590
850788068556
621850388685
557262552323
521841019778
136505241974
142809292582
537607597172
273162520448
342268615951
705338767490
228354205052
974550472999
452540085700
395906058723
503948687100
548251725816
764305123589
935588686950
536294008624
346106708074
424724539368
131143579161
235183899705
966152055794
762543847125
539247396109
421755286616
400330393754
830207633680
708286349740
769020755656
539302974644
916442393280
308928630778
176501233061
211669539020
573253690385
898139861874
882900672062
345665346052
867367721650
938561515683
257593708839
664449971804
876411188383
681651578692
644267708084
988646029648
124668731779
753619999728
681137406248
770783762328
642957683669
577834209024
605456884216
737234450320
594548130859
243365085742
832779341296
650063440670
505880253099
165321094441
359839574072
259380207849
620360844344
599413536834
862886908816
211638713460
754626270651
214355367057
128701038532
880249671437
268870109063
843447005576
813721449219
941207986673
287100088192
489551229303
435099599877
268528588567
158440619340
663561377183
634120392346
662647850238
796328473516
752744184242
457011118850
649222834333
200144143323
501907527054
308220086651
137058376503
885787801160
133522290440
332564008501
409641644647
895768891694
432001226560
427506040655
182863621133
550808005651
548304836374
461797481813
488182918771
770922049601
990238714008
321158896125
620536699302
937744169588
550042816843
537376961471
512846502088
571239603640
243778712718
555081625678
429808264651
314226253650
942764670874
763877129320
398482939617
421083155049
482054279471
219424456115
939916023132
253064748669
812847882481
400087856966
102406071782
402958449154
872288160218
604859100005
896495706964
545261448185
590344861792
516547712031
185971881558
288630769891
465003589855
812292522286
910431182175
974976949909
257434735591
764070295979
177291370969
749237615643
263546987745
541630466730
489203432063
451758342688
706656268819
147886092083
935388148657
668889926457
616383993291
803291297700
204350053202
152606732178
933716155108
830712976780
442295626111
546012666753
220555434370
238089607988
639694533835
665273240469
771356953651
139492213862
389237453661
294515969877
528244256040
397555152169
667353428648
179416526494
223704062214
737529777524
500412794857
486145102869
928403187939
213277432659
100202493398
629727192781
994291570152
930580324116
957378974743
167891543536
618610999912
288936512426
402168462332
595199688065
876911768643
544810161278
110957467164
824374997606
882169480820
267231163133
637141084034
714892407399
987382169677
688365548430
845635952269
874891131008
868838953879
203968324250
905274045750
671544205381
771340307832
892082305637
330336440662
390595927249
423374670726
838895072174
433679249611
564811625548
802480973113
712886103644
780083579707
702485501278
224960924619
927774285003
982675609790
360328531737
471988117039
936206221465
605717338430
449046902704
540597884814
347890827714
267971808225
308057198222
932484105137
916923901556
887741621889
668817535880
994278997351
794943874615
481414756549
238237004728
431159008345
874084703932
501697331613
433350980048
660192239830
606176805087
634727862568
538984186690
501997347341
971106558095
917664903669
202698537167
816911916080
988022581157
278160741113
581577519025
517308957970
106684970709
118078755224
604729752423
713070825820
629671980500
580331715564
889362498105
229248930409
583259908860
534918746991
249077951429
766073435164
411132927810
230827083106
694300552134
252625220896
891675010309
742764494089
704099551960
913332641336
999071423667
853421684574
585097819008
173329002407
813468539934
244652469565
946997406960
785884795885
966868971295
852811758437
515723743619
499674347865
416271983438
797583225048
667148940097
885668980286
776108395462
272388110216
892765761335
324948648538
942802476729
498899859190
331743016683
479804320719
885165517162
575428480698
438540080088
751521231447
520010866211
520737457470
776633623841
396528079931
253421232639
507146802378
741956125110
434835021658
558341231676
271958915743
179186187411
377596142624
914103770097
368264550256
724939494907
321551652538
889191947614
423826151421
994246166782
527861426724
115999905602
553776130636
223612312714
333906972365
589395578086
617311226270
951807465939
739773112331
418853567288
492341755041
478042221946
321492137313
564407046850
776089979782
627180699473
492597540418
563732267219
552402178855
957389951425
511025047867
216023244091
781076473532
982405120738
218676889041
995875108424
214974450746
277254833474
253841965117
730099529578
580072350700
889869871351
589650872653
739924078447
382441608902
835272169823
180443865629
547711808320
110956076186
216861613607
308955349211
508825253591
441287884254
710828122079
736705717484
958156977476
549942196603
741977832332
851969405807
416527436305
286653630535
725843138335
739758256673
372334989680
889143020847
228452504837
405981401037
163271681102
975062801694
854529808516
101550385393
778696450343
950907868860
452930252776
958426792282
205830062696
851058537783
639614131615
338243705028
217877596305
599123923762
929927289974
613566996414
500309830909
290276237314
752920457080
864667348800
840008881433
961703814680
898473507800
129785162166
179299865885
621629359002
918079802034
720415476226
816772117541
989020595398
906970055158
982239499780
679059815073
629851648813
943845965106
246858100838
769888971576
720748027370
457120984608
950602050404
738323191276
313992799702
987120801306
903827049196
522813943651
956016916814
182600168574
802293662255
552616730277
152771246251
893892560886
248499084240
951813543456
351957172944
996162436806
271582496673
679542631534
615598286536
319352599015
236660818632
635106076326
929007053069
379159236884
858501179473
137836016790
558546187763
444085575155
796924207853
824483741617
413182214662
877054604910
403376029835
507078871757
791932004823
923186756102
605852311195
566982063922
308877495375
163367042097
597748491545
272563866002
937878106709
271085203838
755820323729
472080453146
350071070318
325632054193
395491949836
625029038754
466199553413
526445126982
581430048525
784973660258
217433673006
780741939174
298298448064
874106617653
392258691298
803279884716
135236506548
744549651955
468477281674
153412253821
695197949218
276506108542
122426729459
818356614859
842514200197
477458476640
651231138126
470759329541
996917933466
171620111189
784088865107
192925237594
727286447371
879896730729
165741380839
558261439722
773775866714
841977208020
312537180393
606635238000
551754813360
954303079172
746749726804
507129808277
890473632785
350790562555
690583694834
416497646799
160979186989
713218427335
394544758149
393839400471
569530076751
932531548276
866169449072
957012367569
848927045344
457909937122
400354799020
433750379199
850758935724
510486862452
741393532269
790222368880
533462186090
867205639446
219727488769
938164822239
726498715397
833611655784
498903138501
398836733097
841592826462
772898028505
348292324628
303708912988
161186216341
570636583824
862163356159
405131096726
921662240771
601035843456
968078841621
809291887125
339798608355
183677791956
144462327671
798872783487
329559983922
518848265996
828419716304
935454080217
235132632084
508911274832
754671614333
860837369139
568605366669
848574848088
829008905727
283105762941
874894388472
364480843972
560975244677
607559123281
776965344396
394729526729
503974628710
413105049841
300546921154
710789811607
147644469092
457480820117
213707660060
957728352215
136335528048
168202004956
865946500256
109064111337
304093266068
312691865181
946492888491
728097799319
951165999387
995185343854
560654038530
441259266871
513009077039
565383270084
345260291955
119960684636
916803148992
981183323251
240673690180
823537782801
932383531847
155750520967
543212846617
254333682353
324871339736
154946267491
955453114714
224016549476
424712744472
795673099898
764797229956
991891618655
748184993230
162520446645
143692814145
978013351624
744528434748
204573952643
443810383326
511065820911
422694726341
605973211122
665384148135
760470149932
873066924700
370881494978
834176053716
543495540304
828523802998
364733355809
821109167461
919193863692
452307781613
721297421088
697433295759
833064941153
519369682920
132784878653
253734232299
568557579463
796315398015
715474597092
522190787468
415378377037
505462205713
986673675905
145468516266
885370044389
467432926197
257197063936
645550110893
528333599074
273913124442
935116794176
877369071581
254366718436
422365910084
656873465652
630558541789
134838966998
689839948493
145638948690
597220038968
969756995165
910229529762
631873269589
863945280266
465589208550
670012502794
117618276586
699864887214
344390992367
673458668183
223543151558
897018813762
728448382784
402075614141
730563858647
338564415623
144200749205
933360339649
191580548752
608530348348
418397201997
153647322450
225125839260
218100843941
788946386410
232123802405
211485702037
685886028150
761156013902
411208614592
313237619114
855099259273
877848313376
438186526842
358457641730
594097660199
168536123288
261453854380
540212774118
564761564034
825158875760
202989312315
995248822803
554988421408
815182121246
761539559954
424964960109
788794025845
900387586662
764317808836
543495732392
763379426285
709143412835
348550706896
239165086767
530433217750
244298149987
650844839492
859747347339
922996740852
920848554425
137804897772
362910684993
801066601782
462048782900
890041773193
136050046028
197405119604
828647223325
137555111913
372419212127
380855162860
611826678113
845673223464
566315640190
444769625049
169482159135
429461122263
511463325199
255681647184
939454042913
844416586169
564132366179
796612181033
270105863978
465874945268
853077901762
673760210554
945676092026
278717472427
689295568881
438909111051
207751168624
519407845252
471335260415
946215882420
663748838068
854189042282
979445761536
110997374152
340150697720
849526007750
764015099343
349414304204
436759450598
874996336206
296464049680
642333203002
832515281737
181092227459
114460273933
449479060604
617128089710
248656513101
492569416168
181870023413
341011691734
942435332389
415079498860
818786510619
681483450325
301877186510
966361721860
408839741033
800538345641
847843532330
173998809062
931203793367
967903730491
507723356788
391747159277
817684710789
959359510610
422246390695
285616983491
360052674424
984729498466
650929163804
328339918390
798781363824
643051430745
726262877428
539289067444
271723574835
205051007869
184143223500
925895404140
920759938824
182150543847
378381906918
620880243030
788427016330
729277704521
696021640930
927976808321
134578202592
426592983366
394455402707
489103461019
777470795123
822315950905
921890772247
426135215982
639545230967
768783889741
351851988393
733042722714
195135507372
694026994345
288328759905
725067446787
326824495535
556071275045
106174835165
547424602698
717332328811
164272820796
116911819475
816819165633
881231761669
587863303570
325131135069
446287676447
287755970608
416394425357
645200892052
789008593779
329186886695
477284529441
344062316197
957523422304
121218876226
842014716047
180810468780
143087370304
863443872773
161166676914
471748057335
587160277857
281251747222
522273187940
273107615844
805749437525
282710001638
649853699988
214192436151
177441985131
370322460656
776842401769
519663700403
715303081371
977021537734
656474511966
346621602723
862543196636
849120749759
306303122445
525081252946
815909242365
126107440650
770314569119
805026910711
210088950962
455566365211
840480625714
449607858227
913853797372
849249337375
873196096534
470762727695
649144456275
851622689438
852876283386
153127944668
157374532818
680884768925
240367454567
800574883192
788761720729
331100613765
983830838596
435959104975
299839516948
890570148642
983960882771
224174332938
639809207464
389917694223
940447498317
338471126482
108828948683
386593005614
308801724900
758777445925
811003256008
588806285624
163296025078
393365815276
404612248234
310262199624
396953364604
730675791495
127533336309
688972347241
613554634906
219667463115
735019047511
836519697277
349429894743
262193182223
182198694390
380836035630
671181355809
412338524946
529467972873
358690448012
589549366758
171052735465
385813221161
424455108656
973472590609
633698899935
629332018909
934509417680
809053539085
755702115671
655536338610
461386728154
187318236111
421422029148
787817050268
932928724320
551222491024
383211214792
892017383774
865603350075
697901237281
589606898789
143965495193
718465320965
163148957544
396226396488
783769810559
862706480588
614443629955
439346883539
880712557525
520960113608
437810190882
745233152993
113493186437
257025590819
969497794422
868058513974
665313410781
838203419810
545881828891
978077567503
535533464695
645151584164
464282226873
713614303815
279134034073
689729564051
761667534422
909355461384
605205935434
852175466640
245553360337
966076022610
180911119343
531134675562
423697447007
862625884502
514278533411
962297631627
633566422710
985851062442
941553767327
319833138862
796926778206
978399215873
973224477165
491922004521
845363474425
626459381556
638003420878
730938278687
760885264608
460196854709
493248795362
774558264250
233068273248
315120513693
699835153643
817911448116
362637191036
744640591750
434125291683
542171528803
786995117810
675606916714
144797889694
785169674650
891001310144
777083218062
626880483894
197590616529
402666020372
706248723079
903047444457
551735849369
615252640420
469474515652
592734395969
240750529805
688676548104
245931260745
523342077157
373177262632
277763420540
457446256977
892117707343
821852578308
533489725541
707342610641
528943153959
648695756898
315768851546
152705654121
298609203446
223560344269
497370144846
807827983223
738938934927
103021801015
774096995892
253977865629
618224630985
822276893029
496594417235
859410763451
189389107737
424795781904
253009036534
248267109438
234546887409
920762740251
500152729090
589114645751
307906934157
462282814317
172958916204
100789977582
694300699791
972088080052
164649314651
153038325275
984087554304
993914451270
750752262515
989316194246
424588013101
401036336562
337109686550
916611299855
597411545770
300473323579
767674447116
135969150040
671657120697
519136640216
209794684551
168317985306
515061294574
471362371767
615970303555
112737174696
646338282947
956541285500
267617861263
274230012166
698816546988
601759215298
750286183541
945812768377
340512608824
707173151042
961059779322
152311405197
938342660950
895900972189
758295095807
298064122004
606954804235
503175245146
908412101058
504382309952
479740951206
613820690518
788341250270
502154691006
563515095333
579107911754
124126563405
511801853151
277086640063
399000683639
786268239589
888662799317
963190114056
585426849049
244477761811
265391093424
839106158036
763166804528
203721724698
696516868707
811698150663
459335285075
847603815925
983720908632
815431275084
124903663099
672987750662
156344953298
813433660874
595455670548
834046994517
519734278806
550434868584
741786088224
961549098243
828418514914
919911239880
290190281394
892184654565
368059140072
166422044084
148548258375
478870257165
453895279838
647559377221
531805479791
962037900515
876024318404
311564056140
576687460924
441647398755
351802786415
673910715464
949408021402
102072017370
750104001593
743972102905
234543761880
338446683950
418792646608
117609774705
503641978015
459912488124
429046644779
230877896325
354523326641
798070528710
922228211517
516011169225
870201965998
918140360304
128729466661
909930934352
578421445405
935878103484
677995772246
893600849613
432641968807
478696815002
171179414976
469894979611
717177606903
303253537766
813621405766
758383488509
331198472847
948254166736
386092676800
200160898618
916763731174
942185270032
770297866759
222614943549
599931021630
287453334678
685701806691
915598308665
895870180478
899155187157
543728894545
776745623951
638058421642
852762880394
976941946021
471668366798
188544999369
897250449263
449466399381
371841123197
366848635828
989642668772
988430383001
786170627702
516928858348
889462238629
185107475690
636419523723
546867120227
863437296450
681974248179
694790902739
483953508681
578753808961
271673972496
529129635227
222066350859
938380460425
202964787031
140661538178
871008314430
151651434222
633921009413
190991271234
519619971582
648040031824
203504284335
598747820433
388943794260
443788732896
387410198002
638340666889
182946021716
797870470514
316693717619
930538460384
144970731283
607112998436
627169462010
814811023696
462237621857
595811136096
685424910642
788417546184
263674071082
720937247572
677718028496
938078384692
133585397347
214876540526
355926128685
344993753236
340502956431
493590155688
209777818632
509313617393
688754220801
432242587966
131429708797
441604434440
217013677929
937992271986
861900174494
975183301435
945249740556
142380001494
206640599221
434960442977
643875536868
298874530125
771846612287
788669299381
581879012698
678503990970
707054723748
906012334310
572297299022
148197314508
361840898702
394002091298
602872449710
618958169271
227525912051
484249552233
113765557055
185937165896
275673261659
325300863904
150257945972
301677432962
565093799939
215855064631
715037339382
496685648796
338802036897
642291050534
178779046178
788337782952
883674497635
726689552187
273171121740
405315237898
981778743883
840861234940
307031151975
149969781067
830748429588
691995267747
541173040830
480250054539
182552307003
973664685205
580458877574
505751927734
296726148059
420794388950
122701770523
564989561628
864104765414
588812719650
224159763534
748929049582
407077571184
450531815578
749494822485
900755615981
238616750537
366779806225
147973247816
572111641678
555589996917
943581307688
221284263434
338834955620
883467493032
117857716445
232365519142
782112665310
887367445372
460069291794
406789669648
591598049314
305547233358
338232501152
640179530576
408058323703
873977936382
787157658001
677201838356
456597550343
508493910016
938245238279
888120536366
618675178538
501011645315
696573605496
318319968607
716416835927
432008591698
156280234649
228631769319
497719180903
671881296723
301319820132
957194078857
640093741560
979954192716
542626066759
458509999171
281906177338
171038127086
203837246518
645838196769
423637729501
312473670235
557551822242
337976186433
218505684863
773179416962
276146285649
772906351282
296101834920
717800617467
175648462989
998024574750
249466616448
169605093096
768736795596
953557002028
462812503995
994700771727
720529047081
348005915582
203563592870
233175950416
129879269134
110212714535
260559204081
914684445146
679016170237
206062441011
743345693890
600979279208
642148216595
272251408380
806522974205
830540105596
926532159663
146505431455
208620106979
469713128599
871212380808
657872295254
806147865379
282357084195
736956263985
765031061411
829927027086
430143448641
300045707193
101917650895
941533357348
703246262481
826184757794
931243525556
535547277808
525144173998
123551734729
481610578160
252359645064
868969467124
776358914029
582645833417
845813639223
815185473061
106533332327
274745599881
185013282189
866264099280
848982769515
249501505577
769051481226
446908402508
144655238800
229333686540
418574587102
891689132267
494274278548
752463224091
325167509692
125419668830
228453924159
473819073114
777899850294
416114953669
557208552050
667622934394
981971822495
570346072601
980765636568
392182357870
422397278102
594727435956
456216125701
416303167300
257106962572
502433097223
816774078568
437585985613
615957379885
567223812929
765069923327
519924185980
726738115629
676066891597
602024134945
903327196296
589453347231
224682464710
340401308682
342777765109
247279401200
403922920484
102313241943
301712533744
776216969521
635370451951
653989221496
751478461334
371130814427
520665403798
986612970022
647953174120
212282837018
488575268850
684582896843
633938147225
549567253636
241789876031
630246646561
204295745720
663597613972
169981159015
668053104167
958908584855
519000006238
742807443424
710073515519
689096413004
826286315007
499637630078
803371949520
191154768038
349455085210
170015296356
150864559554
132909561075
587784391464
126205539757
642585552725
548078125091
629216516966
355218587603
854129750198
993685649430
338208589926
558593705548
395270314287
542859897716
755588238998
126391958772
184747656693
761675655243
486220009217
215471182998
198909718551
648256558359
627289303052
178638355762
542283733091
616033538033
434387814024
755931539689
544479960112
188139499267
625643606759
994075159979
810145496184
778289112895
285951204972
634715862579
589735206302
889457498724
369122685763
991258484659
654256497147
839803921064
749257719803
737537910938
593633317635
181350208383
238335795404
455315636352
161069263207
999739393838
576689818369
164529505994
772824549940
646076695505
937088391209
388268473581
929428110456
290894788724
155930720746
858644165238
395409054069
666996584675
155747974493
204867869728
889552505211
576243815006
166336442268
915399743065
653777198558
601863157106
121026932862
927442790183
927646055493
178256995229
873930477013
518178628236
763939419541
188968419020
561310492013
514509369176
543969688163
671308217908
285497303152
553770800508
748949646089
499148843319
618635807342
931434824358
756823382955
831795936414
775250210421
573422944750
271579824156
803804519700
817350080463
635993938828
501922128930
182800133402
928902090397
914617151512
978446614824
675378002180
335305129415
930567524673
744249349458
482600964212
653187447854
789491924346
999953158911
522370248906
123563318448
588408115833
677289019732
865923815145
992456697310
824684769710
388468160694
470567623770
657519481993
893125169744
449812000449
640676051586
310056743303
620932512211
789204677011
806759240967
999479814197
837588691110
906433080134
934569808393
913068933202
694901058686
706773174212
374636069522
365666864530
141521026805
423964107406
740935011493
205447608496
108960200293
417013798175
815256803416
845025276044
689917071217
587365554847
870501516849
284064834908
910730187807
454147838089
687752033495
301563901369
323673290133
351920402960
731760872256
333199028029
787360026753
780783702175
378125156645
931080367580
628322233067
813601678726
362474011866
512149917196
435166430486
136566913967
402345210690
884363715290
749532994816
358880941102
217741481291
340650824384
134743969765
185369659430
662017000968
516015706816
197411893968
269443993431
222975743323
742036906859
368229838134
747155950078
495242279603
148367219148
635383580538
186593749903
935009245780
785289529914
472300518210
168590599829
837080005396
751794613314
586416106389
511405708087
375314147743
943904657142
969923658498
170018069500
690036929331
486449525865
575250953977
106830382990
873847643754
258834022637
202819915979
223727353732
288896860809
453945468629
843266562760
768445745753
725918219744
378027887447
236043166343
104489901235
544426871533
522906623381
424216227038
930006986635
598479268519
200537582644
409237130715
373043612271
546901363625
516576741625
102767367782
934808783274
948180147130
914180509859
981465014147
809234225261
274749856556
571638192469
353588741550
987738169164
131486210665
686801491032
309485824929
906722480404
809523709667
397306736522
336556184356
748066502051
129255178934
110091521056
515585303868
381017268804
712709646018
375525065961
318163000052
364898202250
841617876970
935289990107
113628143458
632912996577
615288100630
885335866691
895439271867
341954500254
499330253363
808545465408
857792643890
536085444939
285648989581
348918223416
566359229538
238197300685
330228589797
648313562421
923209434178
572109104123
439633678743
955209082489
763018063586
770760854412
883238279363
779509097049
178618577985
604953870111
618473195745
539264075087
832661220519
983827837777
100513808665
783504851296
998200653675
832216508291
367476294152
849594799504
474389224564
740521213489
494219591920
934238418347
342619352472
281397464219
547818740462
327675769840
243171506266
593747492076
449512810584
721027563449
219430782820
129282233420
867565332141
372956298500
221202471672
725832043622
998297832255
870298359800
654295223908
754273956431
226834450292
148770560883
824800137678
213749512738
271110261727
243431567391
568341708424
708968537615
352566712330
430187912870
675039659594
348816597799
642256566711
290193954006
614500575679
648997422706
309039228426
573117369199
241252107720
166543411820
649308250155
716603633842
450703699129
268876926595
116930697673
172214751869
548808440281
588074318606
967701108329
423156537452
488246526357
854043025475
527263101740
425525060829
852344468938
661450472358
223347713862
727043595895
950039838793
446769440414
726141976207
589715007843
249414374687
521022222810
445534300343
525759741542
152888700788
824111292514
960085514489
849102322735
497870248990
672317212553
159029634207
585661654434
322444035412
708752236811
821666535387
260743207725
652685480352
951844218516
404011747257
293751077698
860200073040
653318016773
610271956931
273528877971
143932353596
543081694682
893852577202
207030452605
366411863713
844546713919
928853276411
994886840629
163515852127
592974585145
883130409947
820657541473
671033878831
602060222375
260696515881
801057936688
317951755050
224085849499
227024753721
236622192003
115098175920
654587167155
415999743298
358057911050
289805527636
406313515420
486771467146
839847749872
932347514638
250972259887
816463245838
891261164480
116970709798
769960521356
420948085742
640548177900
844846134182
962706696819
583178131526
560332729259
549181133360
485323376840
548028191309
613930333829
331740081386
210443225529
987239534908
278124499758
704240213533
255689707519
234573502502
168000862009
110980210057
460999304964
238608365922
183931279262
211996510618
487638768765
546050296578
540920905155
546888064581
129380123488
778276311218
150372874264
657231547516
155172234266
781661385171
137249955671
394290682538
980326711202
416561987181
299800640233
821348732497
880093890352
934951277127
834103127921
221880505572
869231283351
942864253116
877864104039
412465529518
408396820597
888821130892
577360611212
844071595296
839494008154
122916457282
292510652757
336314008064
694556418989
596022646728
244585868751
788712463717
379664918200
733305804732
809778872685
267191328640
748632627253
818200676412
334096703219
405559294056
308910752943
766126020688
173485080080
652642089410
451860148049
657405302911
161338425646
379506197622
478090332145
161314546416
791129747814
380524896513
425909976701
768704474925
219783169883
616743151689
248245006486
938109519959
812324740135
642942095041
211475307230
940422328004
237534101438
158092354375
404919059853
409151354706
642849665386
342615056967
593753102658
254223493271
628241649003
250541118928
670318301808
322059491088
186838238739
868963723494
265839847698
662392776338
494989468702
274676703650
326576078007
528808277914
440427230348
977735147146
976925229262
235101837598
387437791825
809770994625
205714517866
205451664632
205419658557
998979796443
173881661780
266344975619
340538591725
730792518094
765858130669
655191573733
871984760208
338025951170
177913259592
571810582777
979370219628
727493632275
969510139065
434154543872
821084879197
510148899963
329908697282
825460135864
906987051941
250195761733
312469251558
722182332084
462158242462
718719142157
141612236763
549202392570
904763029998
634504996712
944786144943
818854456095
549346161452
285361455976
208379013441
402028379961
667967348909
885918123928
367300821452
586706195856
667270511162
457728767968
968908559884
849335384247
181805558781
179052788863
529525437120
170602775818
477704491933
362182708170
410460454416
971800979264
503078288691
315562427356
297446091107
695593684647
555481573816
412255887911
879685616332
393699094057
171937971587
147025527642
723113175617
325255328602
908729063119
349752572897
448382641800
391124836336
254826515095
723437995156
813258110348
465357148263
446609148100
463968920953
661614704548
575677026136
933490573514
151971690987
110078315432
507451799382
120883557508
331686994299
449822160605
180267362457
693914424925
426364028287
561448623615
987191056931
327071912129
916940563310
122900540600
471786998712
145806943328
284351049085
195038621138
315463557481
824208014522
921073181554
904883967098
893958665229
736706365042
638360613842
947839091384
319978248130
769982833254
348382270510
722089239483
818039566680
458689663710
134783122254
138547531307
362171226919
478623065726
944165050379
230098217200
981814959864
699588508090
431436697309
611998434107
409816281894
771029239865
803684998474
654325686307
271426965415
937542880826
241957696590
315832080172
394080868959
208135894144
283608996574
365878717169
522592468722
873455505723
632511320267
763268051100
515822347785
297905057526
825306120380
199740063800
567744304789
249684605043
735450098580
920167100543
499004197804
219428695008
477831297898
128277608572
726733911619
937879214830
343032779333
328978509334
368657464811
642486751309
604807079004
892124697996
176882583026
500836861253
125098091238
367778754353
649136518589
170698879844
309485608641
868543520507
729736882908
778856526162
269284167608
804274973810
321277761580
694459499208
743700895691
987273462732
781810606970
525739282555
235481675668
738346575325
679393974247
704430707236
743296028572
520705778750
153262745953
255725303003
524445393352
605728886118
338979668730
696574573149
492656324924
762808138795
527105412307
635065828157
304021060391
944376139698
449080792210
275955490906
866060023021
782444042008
570544805491
234614544998
819065215343
424274203285
806709333111
408750873076
355231539608
477354770165
855388339894
373593708684
737153475212
473990374191
326243426160
288268101456
223323542037
996645255872
608644958634
262787137766
679805974103
808622926018
110990875831
371961258317
312434363065
409483626101
774969275274
550819258390
427016472858
419887177460
581279782664
613132736503
666333107363
484702819128
457708729001
764625076412
592817273628
196717038086
478937756448
294682044010
229273071323
666910476448
930278829122
392579281211
741562946096
207370620222
349471867198
330914689735
766737305349
675641059921
708056420332
639184822653
348771287529
841925935487
192491007585
524875818305
469376305980
550778302540
418353781332
708284034953
503793307910
783308615110
284822518232
359192159372
914257846173
514993088381
150686571580
471624156145
565576702714
609679314688
883511356511
675178218737
943684935233
404935436778
511918129212
541978622622
849948929908
290842837862
666961482185
958868041432
144609553402
524202672853
126390482849
284931160827
708602674658
163577259487
533261381566
430513657374
183213430512
320271938898
135483046409
709773354782
472535133439
480514768040
159239884716
898029296165
162434420631
460357396898
947154786532
239312146997
369032199524
942185646906
829035405152
505089324912
902564291578
799153978856
664178044359
464016217850
492552962420
567294814734
363851128915
193756497724
800647385457
970111772279
728965049002
667476754072
974321063791
742255518712
628155997578
560863315816
528060598635
873925159890
513754330722
751270854930
663984309812
711366308477
209189436526
291321729022
584009826726
422854551333
809426172089
771682150063
770515048746
170510049277
546740397770
386411865650
200104990224
341358699450
556941663285
737040971096
229465651054
297240645053
143094183948
272623680669
591230354505
338781056239
485696325648
625719960462
796441139970
379389912215
349057324181
551119254735
360165642523
282865460943
923448384892
525188186442
661072646346
485540964430
521269224753
752926714509
298315400160
821311905892
542731805272
676718909054
613558363044
428889456007
573120970853
594267654241
232501905951
428131592949
717667852536
530816921038
747682500417
640915771855
101247870937
671445276585
964849841193
477288169062
682311449795
712410925309
787259526770
462340146615
315950431920
877197899167
316894767439
579894008152
902523988792
556685721975
392682237577
168934929932
448171338329
832302868734
447536292603
952102470213
993269280332
544574078946
869188508071
212338037029
985291414062
786529634716
665242049988
419020312780
272212185018
890599567892
494744570409
436123658446
365109395681
695309042357
399893347282
802564983298
647471608188
806865692132
904961957302
502674743549
127596044688
400927653419
571684418464
219963141773
665862964333
186846090250
620460323494
775560032787
154143254166
944214126642
447095651021
877215025849
313939437703
485227497865
576277019044
414825831664
495859283795
432530459222
522689910523
924708391572
268732612829
847492490994
783474424395
485408206905
596370082466
124921231408
674768298146
303665888504
528174089674
319363836981
267479986593
786645611945
286054294173
687003241805
265337135081
883530725370
874212623559
106404977989
275103634689
557734063588
980105476564
419950199938
167604371448
700655956629
280279530570
231919933957
597063699478
922820277734
421138640232
935829149001
692150565020
319015296982
227615807235
782662869981
333516570813
130927078966
649160866271
541088312991
453754374747
719161158421
561159273093
522422467987
757932546561
662611540135
841814368658
563568387131
894739989359
779345512963
188032218690
367427512968
273421946260
639729781815
281416647402
648997958077
395534701454
819540929309
375694760275
581663867216
609850022443
103882352006
613327484583
753896064133
714235928233
275172552311
262329107162
755009248945
210983409679
263107075227
941900401552
516174297994
623847733979
996828998867
945559048531
436034668595
416106164661
568393381691
431715732191
174245481146
410591114213
834289960690
230647305138
794878128691
720115850894
436977741227
328564281439
337007373940
679110984599
636739890322
912928135317
335141006685
987031639673
744925311130
912110214588
527579339302
883934510675
992960981621
166507086265
316188816638
822130771359
816765820521
125058889207
538634460181
150252358539
934126027490
495197123194
349682966883
918987922510
267291859467
661449269371
698924942858
112822647797
654853050843
592303055697
966438291159
341093454593
535033060813
222757885173
843811897789
828580736368
828928593047
424549220274
244625935357
608646646674
903436987454
187460546245
536377848763
864756959227
951880442362
190177713554
658117222554
783634247856
980688561748
690624640292
625178737643
575757640788
197194969585
772586361402
163566267569
953225047386
821471546171
373523864648
183528492336
942296384274
443446395713
257902819593
165931563873
738491268495
233224631303
363132028377
397393604053
440851023812
507030782165
123575154751
312727008494
326318490586
880288432573
507990990684
704906458294
777032855153
506918975845
996295474611
776190790018
748785643574
429677725626
351463732702
136283802690
462029161699
601059967283
746766720095
314485948310
343748396797
715172381301
954723441735
242335990831
491688936595
660471685372
538119507063
859678382496
158054505214
460205093778
360090858264
987979367546
489355980919
109898152002
200361564605
103335438043
194194342263
828678278763
520947942333
656226064117
236676198444
663495074511
218750311753
549240163860
898330321854
397395477359
655001970815
599673185772
338139843060
496332774991
131790813684
425025585821
537838112749
262465454537
623099802746
678224341121
497030597899
422100613912
612833120421
858072490296
286751642825
131409074106
543446671073
432224221526
293444639806
720660280765
358978745968
572514152775
664200640960
426490848082
372638642664
318839714679
298552755460
702399186971
489855448515
375378396883
586184967117
262135621125
856214740495
187862808164
554278809386
120220845546
500499086999
395555334447
980973511201
454966209371
731102838480
751545764005
778018656543
806498772561
974290859934
364405040318
478186375383
301686010865
999773598354
958773786232
275095464671
740523594322
601058506976
185964864619
902024769951
407589563191
450865393027
149862905881
621653538641
486655863740
393026233465
237345468661
404852377079
284883033216
352554206569
753776479735
782078589364
989073369153
472760202700
925005698158
583678555812
836956507621
205083857684
688882919803
765553847085
409519821930
572954911198
899093172495
119769806817
983448200354
329372071267
652278595210
269737997090
778987348382
216984581947
994166659045
455555101730
487464376806
164530471381
571325162952
803135204341
454885338492
212941547819
947213216609
696079706641
916036626843
141831823554
963137620809
558521945116
900751235374
404894665227
470084426836
509784149413
733469195394
418253147571
390032855665
432162895088
220301788093
600755587334
529220800034
699372280843
664513467999
257208737475
282388771398
682432148464
331904917786
978268431050
894234441131
455301867127
473132375673
358033279272
382680486684
190665180129
624930099935
742878728111
525555191688
346155012492
245620427668
579248359737
274241562175
452802663586
975051447940
535944483169
899414111785
267108135708
383293582692
387959177421
216878360240
818899059903
341441295289
604617848589
862090389359
592290873566
872718962632
649311619783
391242030255
347359841876
207603186117
578806275542
850676524770
732980292601
692108979912
177043239066
980674737871
593283419858
771062729853
701878437731
332576503285
898964163790
802057076226
935012992314
669764630195
908409807147
374058227744
625559251222
786911037201
798268077772
573848915339
879268189971
441578706157
926859496746
529999835424
146192274025
800134735584
669294420451
246059375554
937795827596
946942201597
775167249958
460104856090
423506861126
871903097000
935316097175
720823191618
357174477279
454725688057
306972127157
664012334467
644420204397
939887114656
381013819640
922757916748
543061773538
465679844885
960555389121
905172037822
472469905196
980917651821
298301102814
930613947329
293022011257
989624848196
195928222282
704748716102
760168221127
838576719789
519595796603
862346794825
369550500536
308105267523
425096427198
566442078450
480482554790
766967738079
299483705201
908437302440
288369908543
275047629747
170913614438
742125136153
567457787349
587033594209
637200046303
653418206590
575520772362
469560387864
862477390209
275920123138
124972178756
427470543053
200323679181
140217788746
635850747671
864145164492
370260408218
551213595394
992327896620
829084216311
173567615783
712064223251
663843659791
351847887048
837033422356
872829257298
866826767788
165371962045
412883869980
868266927269
299098249226
197391251412
767735770171
220753104154
523864615092
445250033171
118070279681
997015568552
713831873481
610742280320
327621497817
620804830636
177911011821
814747991949
229777087169
781976907210
753146372833
324894622662
325109906418
250277553302
290896827808
297538966081
556187224037
650286566480
843550317013
778281006492
426641542885
749805234411
146272733847
898161177319
691319547892
851257270034
759070348778
196219289887
425483355491
828561502924
285599123461
744944334539
650383673419
926965329243
548034436711
997267500005
162370358212
288034095757
522384390209
155321843341
148466967106
632058391869
445934433706
488526397084
311452869768
521931311719
328785912687
674339519898
104072910710
632783734312
904087558282
793250416842
896255875835
293190255760
674268027364
356386625877
821316057188
504386492873
739642579730
830179754560
569431352335
897755868749
806045183725
353489006931
831135929489
161776168693
275543926705
858097962578
152447570403
823580528648
625374274726
681180950044
378873381936
303887969192
522767198911
924326995784
260233756050
341734548090
374185946675
202176810931
988233503620
170373302358
686723108710
332449620185
758070283805
308021072875
397545734847
884813502838
779769809011
613391061513
945859062579
205799292374
279045242523
359282163662
455157625192
949685028803
996074689735
458650689183
862384894555
832907627968
905360753989
423833679994
252283003554
537717956684
738379917751
796352264014
622218680579
331546790538
603033877549
565623309527
850821697587
573223030258
272151264434
652779981583
143386706962
314809210053
525713545950
575719859602
710249016619
620973436560
686918115108
370865837013
718341679832
891215489837
405696673782
719602286228
495882064323
999117758913
263425869756
387290081352
106743106838
404081443691
388992142771
979561244631
339276014974
758244955061
392603176363
122495388893
370083694104
894125164509
757973870656
172284801469
258092500650
565440660484
123808551568
649523990609
102574852169
223291296196
663664166651
964875573600
536815922259
438507451584
480412884238
975273180133
375095581053
680516257121
362733006383
983811400881
783935609982
566730747362
837766791731
878457956999
109254452802
285150037420
436609839014
669708404333
578881218460
376559044805
303824866815
348967638941
788387961435
350587471094
183169087099
847544562094
854861668581
354961646681
984587637258
818467475211
847721366567
993571111071
684034487314
160826588148
466526741845
879361655190
504144509995
638950936360
239756745723
470728471574
389646301485
264595496277
101169877349
373085751977
261070540395
794185240475
696379993505
610341677453
614429899011
536871351469
827138951309
738158747925
804526287465
325439908537
314272608054
762433188717
570418564925
377584913785
318474061049
392380372864
812078433171
538847889532
939079387890
661441988129
162230367113
157416422071
198779709208
124328993690
749982135671
441530492850
864037582365
342279526988
715932928578
670687686490
881813883410
394707899546
207279937006
863163048020
715973260354
919020474873
189676852407
539212071134
893728493357
435823192696
536753120443
356149870063
305107512453
366476878597
889910399781
370453949577
688652794094
431316606487
801131906369
607842014777
960033830354
628843724801
392578328592
201512158670
142349074569
791096142935
616577554188
217341599330
117902083447
350300808235
670217628657
184083067507
261993367827
526734473001
700245941830
256219740190
558720655462
431424576083
729497693305
478053792088
598922585196
273785835303
293995299939
923706632284
497486386560
513179435328
900560115857
500867652857
171089670847
795867751144
437659533188
670370793449
695418365271
910480039948
318246674409
726111500420
535130909505
853481199129
645727133995
381674654665
692182183675
294280334469
900017780465
241761208381
554444720040
770166791209
510737430363
165133334275
382516348177
427459117373
843931159955
258328763890
481056166258
375350945748
943028453058
221417503768
513189749067
141651866062
887584673877
565204545751
738192576705
482893332923
353640640970
780338840171
547959628849
197738710456
897177252676
758830463416
951522344099
833567990400
782175267695
983148220595
111977821876
542897924213
688095694826
403957092333
768695716811
669824067136
966266819458
652552201952
752605994486
779020599118
787096767762
207152179008
952540003205
299120261046
668178169977
220990736605
596129614468
748789694256
185271825808
981782952119
604765326881
781230473435
708563419027
300139259240
926776416280
934906200221
927792422892
892975217509
552652514881
898703912472
429464398976
463647042841
884638650664
597515738530
200867873336
323876795772
882244410773
931229010263
697074678720
523830111040
738126136250
813161834940
447770389730
218395773586
497094095155
713595096204
121300085008
402673269916
548487493884
426918634852
974448029462
135458045470
291558033994
175579895646
930707463048
729264843670
981641275177
542593423894
684132062386
262071088175
540758086758
232501684590
102512342261
870059284403
747348036352
321201104066
939783164327
799246261566
266081211789
655999155866
177218619889
557605424621
669842620862
946769008770
110861836688
534479784123
886972963584
640060257191
460673191266
881585967440
512164885052
658598897021
205746029006
807029239213
179248223341
849306034662
651617714536
889243761957
300224163796
522446495450
706197507060
808845545658
284824615016
477191402502
795320342906
520096257832
149992046863
627657349144
422456047468
226549887566
706416061537
940177075234
966136760221
442817006690
526108771129
291942622048
990799755755
848077914974
602911984271
517395574784
418318838563
139932927394
229428306288
919751267211
274105246097
197973413940
502396582282
701082641772
564336321752
313306346462
276740952006
895912233541
405162960454
378526946326
110483347357
632803357725
196179704036
130521209846
933735609633
256968966136
870955247417
521656606300
955233849227
749959703730
628450988146
765901146274
789997244394
323888538358
822692463269
134910306525
483191631167
292751316810
993731476484
907041252763
761741450640
864798672809
621271484999
825658495043
567147721686
650886346641
701946047000
610327445920
197970016779
894963666136
566699743579
677470399526
466136226508
351482996830
757468014810
665396327964
103568952122
476453594258
824969734400
983633839847
361762261352
939123315787
279215878700
812071647043
396983259459
181829909478
740881584070
671811990915
119409352609
779143305999
136150068079
690484351934
488291221510
630643896463
701844831680
282996060436
298401490967
312487868192
926635221829
880194910061
256680403929
844291549233
896066361415
253347070858
757449325124
152093824926
398857374878
710473174672
509656528476
626040814297
919529527225
612847756064
559460597795
991401482230
400316074474
110194320677
861613523354
292887083902
705431572251
903963934929
361481588118
378237773649
680015236463
391939044135
127527746533
565727719899
748031762209
861914725563
324611438748
641082944199
782459784702
164674411357
153886758834
586852348334
496462122569
965738998156
399978731918
954216985888
643691500527
900974500388
186150561850
384779756649
966527280069
573296447640
903635643129
129512403487
909122788864
539013828086
639577592449
859996699405
162767716509
760866986170
216340907703
150465471325
389135390847
321134059235
691254916065
747226720634
642392558153
892748959028
650060885853
330547733449
772702864636
151850834525
853640237377
664712446556
460349417018
272822559931
345841895160
771224978596
319373216562
286706612747
637379659972
489277293415
942321803991
413763517217
131236380721
396994371476
211120163124
993478131943
719871620586
395363801225
826431006181
392462799573
694937368265
567469562529
180715876977
953434342134
723604985419
521592754795
741129549024
609537217985
376399165330
510033212716
510870914669
920644615462
626230864073
667970956561
910005171850
422176810411
294172617881
873226944143
830271801710
758506277420
759948427151
537983954175
508456559215
581604718744
625004766779
622287346022
560170753199
542950591955
795936601455
268793415129
886383397904
880817939367
978846456402
998883609026
665556521156
848491983210
749664597507
138508764055
355225075754
988892594832
401947349510
181545974378
447120642188
501482288384
979829060398
339073203396
617059245919
133883350341
486706449354
963451001123
887762603481
172093963643
333164556254
839865316189
625318752116
377524519650
640083651226
594783236257
149235502903
664333478915
400624433315
786022220114
801109564052
729891251382
754501339410
293374057999
499495396307
846678472902
341573853057
362662638847
962799363837
869862678535
952473195867
377676057270
133940828580
104305483104
545718609288
121079966758
429765961373
883341585404
498183486831
436015752904
383420997563
425059360377
769268976954
524029651902
998315509206
599837116535
424478123095
932959240388
370245935181
435018689290
805893511356
333509325973
683351876206
719643385777
584974993438
226094283974
929314130710
366448610796
590046173647
137239292061
821647759968
203124138200
268712981504
994305547947
409277849224
982869311174
317554829052
848181667538
217813549011
677491538225
994220953691
442514214519
796628038874
327567375926
360676127671
294605197046
816450240193
517308572060
227001593663
495833863157
284079065162
333373724165
716504890229
317264633282
579613860945
818359716572
292901160480
833370014535
269434895886
606913150526
395119877868
379388759565
582739194731
633552517357
849084983420
983298658691
129494169442
846770903048
770184488969
278119358213
200106876479
884938248031
916995133363
938762830566
291757715676
161327376390
312353562123
901552219727
561881023935
104221804384
186611820842
182243008001
310209139452
824829983673
933523070852
256770261358
389064809133
598490169173
212692016382
421854967576
770598486703
189172753083
958114643026
733438082652
150226624703
425843943839
230919728725
760507682912
613155619477
649628027707
640207606245
969339793113
846083056085
403540270164
474791905624
734622618684
599379037440
975578773607
438517694703
495676468281
129913158197
239487052793
883416632794
318196325142
376569410766
931775131368
223846104953
734263936072
955017972199
579092396588
930075703661
310943649015
745914841108
645018447410
442377304360
327259001146
164421603026
469961314549
360199795221
959603909880
980726352278
629605869783
339378135732
684042146406
810877148523
169144657524
780012379034
997752279859
576988163341
658957695531
547525916313
235541409450
646661066257
111444921797
119382498010
124870451356
192636256213
727841005121
534616230944
657643274130
363321588273
552368298397
822903212622
377836422638
947520899668
886841119448
621256351468
444948674200
662495424360
105061438694
928959713692
676851666164
142068999557
288617807240
811788182308
483182439328
612697087765
608373331445
870336735842
950898231527
695274372981
920907814314
611236039176
597009658982
731241401182
695569998221
309745276944
139936242807
496795996098
252436498990
810684607270
552359870595
424034075187
386029399416
263111311914
148459078900
663496002647
813222669066
198288453738
886588499818
720754300192
811797235592
913079416501
335399307529
736800324565
205403368622
495020429426
517659452504
850764247543
372577941889
714521349355
820587862713
197231597889
835450222106
212622830358
832470190856
845009991077
882357343353
575923437107
944029114007
883251358315
774622101716
489342076604
739657471447
461581770280
548258213637
309796906832
102769103423
410575249057
497228987580
310728212607
330174972655
191873507759
409451358154
714117461309
581996881679
804324233129
141723884570
381348341915
420119989930
910163378497
425148898453
243903591197
274161858374
941983284901
948355946879
144655958930
305382400291
420677144882
617553740077
828330692666
360107820262
141384216122
427328851136
280285745002
512366401092
931310139121
341375774204
507848921526
298364320797
915975240956
192180530014
742314986476
397883802442
472586760611
268870243769
663839211998
741880383240
706012116846
158305873078
105710092184
940683861817
395074345103
261968829253
751388624276
457028789131
229501039841
876598560597
304844575190
320324745554
432361751150
442999806863
497651079638
853644310121
109182185797
563491752930
837810251678
461045340426
740999307994
640899170830
489665304622
111063657986
611567941745
380534952845
195732760481
888821765457
633663044603
137521443909
833927642946
291425434209
236869107897
307996011708
289945735184
901834559807
547796418248
134055551624
708090982506
469219927507
890837274089
337528890017
826287644694
905294754022
463579538120
389883936188
955734266030
468484705241
433596853619
497108547261
489160305950
511483816998
453537520485
434379625769
279219781039
999375166679
807897071464
113583158211
297263208751
898534987168
709128262420
926795828242
143619949882
938986124446
248816353286
960669490568
630379394838
605706613044
434821070919
531747264196
707930114758
571707657603
203776337094
892049858417
514509636070
791075448603
480874377382
806268239931
410127396010
131185971329
947969572972
406145976423
607173365719
387640138637
989626767584
971263570974
920109263131
776565338335
775771528021
280053044970
855405904652
226204429907
321391457555
289410550937
319164089877
213587718772
348818993213
905970721406
414859795087
165409504843
940246159943
618842070188
446441324799
690470062618
393917471942
819374294230
815776797771
745896281813
449635398191
745932305531
867220176048
969476140151
347654894998
414762411179
731770652656
493713896216
680966823400
391339869883
106020241808
102746686649
848522278953
428566853766
327384719617
531408631678
821464650938
627815470806
656592543877
109112208225
138696119421
489890599655
582133173376
920153922608
959126992175
924819186989
892216064804
365656884326
325927311920
477331615405
296177553582
495292359016
128376673470
592520458240
662986652688
536391734188
974044223676
388423468705
271170632507
872750444290
443714171692
625714882290
293514110978
334875667685
990890796424
274099972484
369029846176
403925221048
153953191272
588614162000
869813918072
362399278236
608245540545
736285736252
643581739506
973297374384
702142953417
130562079115
563980155076
309292725100
767004323035
610315801026
435860080323
135080575031
680630371140
878746776087
612317179614
438338849337
641574111730
849030236189
842316106455
477201335934
193082449738
138038392203
324900533794
748433010412
191015847011
831210030219
653543681761
202101458924
976511417305
367724944000
110620167107
772650516163
516198591006
867054835325
814471880788
592704387019
954312933588
124477825122
714567604746
877910097145
392368739353
831034620728
733653467694
892145475623
875214733394
912449041797
532991713291
785763865910
906941811153
522931638460
999167156877
975414815058
776520180611
790892993972
842348869786
813284622326
183952858307
472007730026
832305645665
340361593167
252659574535
824887139548
871644625114
521216077024
161967850708
762303619945
436567579078
676935996825
528913668254
673477475748
761865469667
262023968103
231874393460
482146778031
829638256031
215912309289
439355889833
273331543917
979524704733
820456739509
508677115693
450489365872
979093884911
787032303832
839230683664
122694208325
101509002394
707674232390
614675204553
934729841106
172986795481
215303090142
313626868982
259275250166
138936384801
675569580200
630735736217
601572658584
750884221913
281575101130
770451186041
554513552285
647184060935
472169998261
579974639132
230762163110
146332189692
893230847227
573958103546
664166048718
411736808812
407304667509
435941465463
964800805876
210198455678
593602491588
638131387314
742780358722
843465001625
510450258165
510050047947
837133787485
422581685641
550619937995
821184452303
725272366041
352641102675
580145212055
108646443292
